date,district,bio_total,bio_age_5_17,bio_age_17_,age_5_ratio,age_17_ratio,dependency_ratio
2024-01-01,Chennai,5159,1957,3202,0.3793,0.6207,0.38
2024-01-08,Chennai,5168,1981,3187,0.3833,0.6167,0.3832
2024-01-15,Chennai,5249,2031,3218,0.3869,0.6131,0.3863
2024-01-22,Chennai,5332,2081,3251,0.3903,0.6097,0.3893
2024-01-29,Chennai,5354,2104,3250,0.393,0.607,0.392
2024-02-05,Chennai,5327,2103,3224,0.3948,0.6052,0.3944
2024-02-12,Chennai,5332,2110,3222,0.3957,0.6043,0.3965
2024-02-19,Chennai,5317,2104,3213,0.3957,0.6043,0.3981
2024-02-26,Chennai,5266,2079,3187,0.3948,0.6052,0.3992
2024-03-04,Chennai,5276,2073,3203,0.3929,0.6071,0.3999
2024-03-11,Chennai,5268,2056,3212,0.3903,0.6097,0.4
2024-03-18,Chennai,5198,2012,3186,0.3871,0.6129,0.3996
2024-03-25,Chennai,5210,1997,3213,0.3833,0.6167,0.3987
2024-04-01,Chennai,5170,1961,3209,0.3793,0.6207,0.3973
2024-04-08,Chennai,5174,1942,3232,0.3753,0.6247,0.3955
2024-04-15,Chennai,5175,1923,3252,0.3716,0.6284,0.3933
2024-04-22,Chennai,5180,1908,3272,0.3683,0.6317,0.3907
2024-04-29,Chennai,5201,1902,3299,0.3657,0.6343,0.3878
2024-05-06,Chennai,5195,1890,3305,0.3638,0.6362,0.3848
2024-05-13,Chennai,5180,1880,3300,0.3629,0.6371,0.3816
2024-05-20,Chennai,5195,1885,3310,0.3628,0.6372,0.3784
2024-05-27,Chennai,5153,1875,3278,0.3639,0.6361,0.3752
2024-06-03,Chennai,5130,1876,3254,0.3657,0.6343,0.3722
2024-06-10,Chennai,5061,1864,3197,0.3683,0.6317,0.3693
2024-06-17,Chennai,5061,1881,3180,0.3717,0.6283,0.3667
2024-06-24,Chennai,5089,1910,3179,0.3753,0.6247,0.3645
2024-07-01,Chennai,5118,1941,3177,0.3792,0.6208,0.3627
2024-07-08,Chennai,5142,1971,3171,0.3833,0.6167,0.3613
2024-07-15,Chennai,5222,2021,3201,0.387,0.613,0.3604
2024-07-22,Chennai,5308,2072,3236,0.3904,0.6096,0.36
2024-07-29,Chennai,5345,2100,3245,0.3929,0.6071,0.3601
2024-08-05,Chennai,5408,2135,3273,0.3948,0.6052,0.3608
2024-08-12,Chennai,5438,2152,3286,0.3957,0.6043,0.3619
2024-08-19,Chennai,5422,2146,3276,0.3958,0.6042,0.3635
2024-08-26,Chennai,5395,2130,3265,0.3948,0.6052,0.3656
2024-09-02,Chennai,5380,2114,3266,0.3929,0.6071,0.368
2024-09-09,Chennai,5353,2089,3264,0.3902,0.6098,0.3707
2024-09-16,Chennai,5289,2047,3242,0.387,0.613,0.3737
2024-09-23,Chennai,5267,2019,3248,0.3833,0.6167,0.3768
2024-09-30,Chennai,5298,2010,3288,0.3794,0.6206,0.38
2024-10-07,Chennai,5265,1976,3289,0.3753,0.6247,0.3832
2024-10-14,Chennai,5283,1963,3320,0.3716,0.6284,0.3863
2024-10-21,Chennai,5281,1945,3336,0.3683,0.6317,0.3893
2024-10-28,Chennai,5305,1940,3365,0.3657,0.6343,0.392
2024-11-04,Chennai,5324,1937,3387,0.3638,0.6362,0.3944
2024-11-11,Chennai,5338,1937,3401,0.3629,0.6371,0.3965
2024-11-18,Chennai,5346,1940,3406,0.3629,0.6371,0.3981
2024-11-25,Chennai,5329,1939,3390,0.3639,0.6361,0.3992
2024-12-02,Chennai,5261,1924,3337,0.3657,0.6343,0.3999
2024-12-09,Chennai,5223,1924,3299,0.3684,0.6316,0.4
2024-12-16,Chennai,5215,1938,3277,0.3716,0.6284,0.3996
2024-12-23,Chennai,5198,1951,3247,0.3753,0.6247,0.3987
2024-12-30,Chennai,5203,1974,3229,0.3794,0.6206,0.3973
2025-01-06,Chennai,5216,1999,3217,0.3832,0.6168,0.3955
2025-01-13,Chennai,5286,2046,3240,0.3871,0.6129,0.3933
2025-01-20,Chennai,5300,2069,3231,0.3904,0.6096,0.3907
2025-01-27,Chennai,5367,2109,3258,0.393,0.607,0.3878
2025-02-03,Chennai,5380,2124,3256,0.3948,0.6052,0.3848
2025-02-10,Chennai,5453,2158,3295,0.3957,0.6043,0.3816
2025-02-17,Chennai,5422,2146,3276,0.3958,0.6042,0.3784
2025-02-24,Chennai,5403,2133,3270,0.3948,0.6052,0.3752
2025-03-03,Chennai,5396,2120,3276,0.3929,0.6071,0.3722
2025-03-10,Chennai,5324,2078,3246,0.3903,0.6097,0.3693
2025-03-17,Chennai,5279,2043,3236,0.387,0.613,0.3667
2025-03-24,Chennai,5278,2023,3255,0.3833,0.6167,0.3645
2025-03-31,Chennai,5275,2001,3274,0.3793,0.6207,0.3627
2025-04-07,Chennai,5281,1982,3299,0.3753,0.6247,0.3613
2025-04-14,Chennai,5293,1967,3326,0.3716,0.6284,0.3604
2025-04-21,Chennai,5320,1960,3360,0.3684,0.6316,0.36
2025-04-28,Chennai,5321,1946,3375,0.3657,0.6343,0.3601
2025-05-05,Chennai,5365,1952,3413,0.3638,0.6362,0.3608
2025-05-12,Chennai,5326,1933,3393,0.3629,0.6371,0.3619
2025-05-19,Chennai,5336,1936,3400,0.3628,0.6372,0.3635
2025-05-26,Chennai,5324,1937,3387,0.3638,0.6362,0.3656
2025-06-02,Chennai,5288,1934,3354,0.3657,0.6343,0.368
2025-06-09,Chennai,5240,1930,3310,0.3683,0.6317,0.3707
2025-06-16,Chennai,5223,1941,3282,0.3716,0.6284,0.3737
2025-06-23,Chennai,5256,1973,3283,0.3754,0.6246,0.3768
2024-01-01,Coimbatore,4813,1853,2960,0.385,0.615,0.3835
2024-01-08,Coimbatore,4833,1878,2955,0.3886,0.6114,0.3866
2024-01-15,Coimbatore,4835,1893,2942,0.3915,0.6085,0.3895
2024-01-22,Coimbatore,4898,1929,2969,0.3938,0.6062,0.3922
2024-01-29,Coimbatore,4879,1929,2950,0.3954,0.6046,0.3946
2024-02-05,Coimbatore,4880,1932,2948,0.3959,0.6041,0.3966
2024-02-12,Coimbatore,4879,1929,2950,0.3954,0.6046,0.3982
2024-02-19,Coimbatore,4846,1910,2936,0.3941,0.6059,0.3993
2024-02-26,Coimbatore,4816,1887,2929,0.3918,0.6082,0.3999
2024-03-04,Coimbatore,4811,1871,2940,0.3889,0.6111,0.4
2024-03-11,Coimbatore,4793,1847,2946,0.3854,0.6146,0.3995
2024-03-18,Coimbatore,4834,1844,2990,0.3815,0.6185,0.3986
2024-03-25,Coimbatore,4821,1820,3001,0.3775,0.6225,0.3972
2024-04-01,Coimbatore,4824,1802,3022,0.3735,0.6265,0.3953
2024-04-08,Coimbatore,4866,1801,3065,0.3701,0.6299,0.3931
2024-04-15,Coimbatore,4901,1799,3102,0.3671,0.6329,0.3905
2024-04-22,Coimbatore,4934,1800,3134,0.3648,0.6352,0.3876
2024-04-29,Coimbatore,4914,1785,3129,0.3632,0.6368,0.3845
2024-05-06,Coimbatore,4907,1780,3127,0.3627,0.6373,0.3813
2024-05-13,Coimbatore,4845,1760,3085,0.3633,0.6367,0.3781
2024-05-20,Coimbatore,4800,1750,3050,0.3646,0.6354,0.3749
2024-05-27,Coimbatore,4749,1742,3007,0.3668,0.6332,0.3719
2024-06-03,Coimbatore,4730,1749,2981,0.3698,0.6302,0.3691
2024-06-10,Coimbatore,4741,1770,2971,0.3733,0.6267,0.3665
2024-06-17,Coimbatore,4730,1784,2946,0.3772,0.6228,0.3643
2024-06-24,Coimbatore,4741,1807,2934,0.3811,0.6189,0.3625
2024-07-01,Coimbatore,4795,1846,2949,0.385,0.615,0.3612
2024-07-08,Coimbatore,4816,1871,2945,0.3885,0.6115,0.3604
2024-07-15,Coimbatore,4891,1915,2976,0.3915,0.6085,0.36
2024-07-22,Coimbatore,4880,1922,2958,0.3939,0.6061,0.3602
2024-07-29,Coimbatore,4905,1939,2966,0.3953,0.6047,0.3609
2024-08-05,Coimbatore,4923,1949,2974,0.3959,0.6041,0.3621
2024-08-12,Coimbatore,4918,1945,2973,0.3955,0.6045,0.3637
2024-08-19,Coimbatore,4893,1928,2965,0.394,0.606,0.3658
2024-08-26,Coimbatore,4852,1901,2951,0.3918,0.6082,0.3682
2024-09-02,Coimbatore,4787,1862,2925,0.389,0.611,0.371
2024-09-09,Coimbatore,4760,1834,2926,0.3853,0.6147,0.3739
2024-09-16,Coimbatore,4778,1823,2955,0.3815,0.6185,0.3771
2024-09-23,Coimbatore,4800,1812,2988,0.3775,0.6225,0.3803
2024-09-30,Coimbatore,4865,1818,3047,0.3737,0.6263,0.3835
2024-10-07,Coimbatore,4899,1813,3086,0.3701,0.6299,0.3866
2024-10-14,Coimbatore,4953,1818,3135,0.3671,0.6329,0.3895
2024-10-21,Coimbatore,4935,1800,3135,0.3647,0.6353,0.3922
2024-10-28,Coimbatore,4910,1784,3126,0.3633,0.6367,0.3946
2024-11-04,Coimbatore,4894,1775,3119,0.3627,0.6373,0.3966
2024-11-11,Coimbatore,4882,1773,3109,0.3632,0.6368,0.3982
2024-11-18,Coimbatore,4843,1766,3077,0.3647,0.6353,0.3993
2024-11-25,Coimbatore,4803,1762,3041,0.3669,0.6331,0.3999
2024-12-02,Coimbatore,4800,1775,3025,0.3698,0.6302,0.4
2024-12-09,Coimbatore,4769,1780,2989,0.3732,0.6268,0.3995
2024-12-16,Coimbatore,4807,1813,2994,0.3772,0.6228,0.3986
2024-12-23,Coimbatore,4836,1843,2993,0.3811,0.6189,0.3972
2024-12-30,Coimbatore,4873,1876,2997,0.385,0.615,0.3953
2025-01-06,Coimbatore,4887,1899,2988,0.3886,0.6114,0.3931
2025-01-13,Coimbatore,4940,1934,3006,0.3915,0.6085,0.3905
2025-01-20,Coimbatore,4982,1962,3020,0.3938,0.6062,0.3876
2025-01-27,Coimbatore,5031,1989,3042,0.3953,0.6047,0.3845
2025-02-03,Coimbatore,5025,1989,3036,0.3958,0.6042,0.3813
2025-02-10,Coimbatore,5045,1995,3050,0.3954,0.6046,0.3781
2025-02-17,Coimbatore,4960,1955,3005,0.3942,0.6058,0.3749
2025-02-24,Coimbatore,4933,1933,3000,0.3919,0.6081,0.3719
2025-03-03,Coimbatore,4953,1926,3027,0.3889,0.6111,0.3691
2025-03-10,Coimbatore,4930,1900,3030,0.3854,0.6146,0.3665
2025-03-17,Coimbatore,4907,1872,3035,0.3815,0.6185,0.3643
2025-03-24,Coimbatore,4944,1866,3078,0.3774,0.6226,0.3625
2025-03-31,Coimbatore,4938,1845,3093,0.3736,0.6264,0.3612
2025-04-07,Coimbatore,4936,1827,3109,0.3701,0.6299,0.3604
2025-04-14,Coimbatore,4962,1821,3141,0.367,0.633,0.36
2025-04-21,Coimbatore,4982,1817,3165,0.3647,0.6353,0.3602
2025-04-28,Coimbatore,4989,1812,3177,0.3632,0.6368,0.3609
2025-05-05,Coimbatore,4957,1798,3159,0.3627,0.6373,0.3621
2025-05-12,Coimbatore,4922,1788,3134,0.3633,0.6367,0.3637
2025-05-19,Coimbatore,4882,1780,3102,0.3646,0.6354,0.3658
2025-05-26,Coimbatore,4873,1787,3086,0.3667,0.6333,0.3682
2025-06-02,Coimbatore,4828,1785,3043,0.3697,0.6303,0.371
2025-06-09,Coimbatore,4809,1795,3014,0.3733,0.6267,0.3739
2025-06-16,Coimbatore,4810,1814,2996,0.3771,0.6229,0.3771
2025-06-23,Coimbatore,4833,1842,2991,0.3811,0.6189,0.3803
2024-01-01,Madurai,4529,1766,2763,0.3899,0.6101,0.3869
2024-01-08,Madurai,4521,1775,2746,0.3926,0.6074,0.3898
2024-01-15,Madurai,4589,1811,2778,0.3946,0.6054,0.3925
2024-01-22,Madurai,4615,1826,2789,0.3957,0.6043,0.3948
2024-01-29,Madurai,4598,1820,2778,0.3958,0.6042,0.3968
2024-02-05,Madurai,4626,1827,2799,0.3949,0.6051,0.3983
2024-02-12,Madurai,4631,1821,2810,0.3932,0.6068,0.3994
2024-02-19,Madurai,4567,1784,2783,0.3906,0.6094,0.3999
2024-02-26,Madurai,4569,1770,2799,0.3874,0.6126,0.4
2024-03-04,Madurai,4527,1737,2790,0.3837,0.6163,0.3995
2024-03-11,Madurai,4490,1705,2785,0.3797,0.6203,0.3985
2024-03-18,Madurai,4508,1694,2814,0.3758,0.6242,0.397
2024-03-25,Madurai,4498,1673,2825,0.3719,0.6281,0.3951
2024-04-01,Madurai,4483,1653,2830,0.3687,0.6313,0.3928
2024-04-08,Madurai,4495,1645,2850,0.366,0.634,0.3902
2024-04-15,Madurai,4508,1641,2867,0.364,0.636,0.3873
2024-04-22,Madurai,4522,1641,2881,0.3629,0.6371,0.3842
2024-04-29,Madurai,4504,1634,2870,0.3628,0.6372,0.3811
2024-05-06,Madurai,4501,1637,2864,0.3637,0.6363,0.3778
2024-05-13,Madurai,4487,1640,2847,0.3655,0.6345,0.3747
2024-05-20,Madurai,4459,1641,2818,0.368,0.632,0.3717
2024-05-27,Madurai,4434,1646,2788,0.3712,0.6288,0.3688
2024-06-03,Madurai,4358,1634,2724,0.3749,0.6251,0.3663
2024-06-10,Madurai,4371,1656,2715,0.3789,0.6211,0.3642
2024-06-17,Madurai,4370,1673,2697,0.3828,0.6172,0.3624
2024-06-24,Madurai,4373,1691,2682,0.3867,0.6133,0.3611
2024-07-01,Madurai,4425,1726,2699,0.3901,0.6099,0.3603
2024-07-08,Madurai,4444,1745,2699,0.3927,0.6073,0.36
2024-07-15,Madurai,4508,1779,2729,0.3946,0.6054,0.3602
2024-07-22,Madurai,4595,1818,2777,0.3956,0.6044,0.361
2024-07-29,Madurai,4646,1839,2807,0.3958,0.6042,0.3622
2024-08-05,Madurai,4639,1832,2807,0.3949,0.6051,0.3639
2024-08-12,Madurai,4596,1807,2789,0.3932,0.6068,0.366
2024-08-19,Madurai,4586,1791,2795,0.3905,0.6095,0.3684
2024-08-26,Madurai,4558,1766,2792,0.3875,0.6125,0.3712
2024-09-02,Madurai,4562,1750,2812,0.3836,0.6164,0.3742
2024-09-09,Madurai,4530,1720,2810,0.3797,0.6203,0.3773
2024-09-16,Madurai,4516,1697,2819,0.3758,0.6242,0.3806
2024-09-23,Madurai,4518,1681,2837,0.3721,0.6279,0.3838
2024-09-30,Madurai,4568,1684,2884,0.3687,0.6313,0.3869
2024-10-07,Madurai,4613,1688,2925,0.3659,0.6341,0.3898
2024-10-14,Madurai,4619,1681,2938,0.3639,0.6361,0.3925
2024-10-21,Madurai,4641,1684,2957,0.3629,0.6371,0.3948
2024-10-28,Madurai,4617,1675,2942,0.3628,0.6372,0.3968
2024-11-04,Madurai,4603,1674,2929,0.3637,0.6363,0.3983
2024-11-11,Madurai,4550,1663,2887,0.3655,0.6345,0.3994
2024-11-18,Madurai,4525,1665,2860,0.368,0.632,0.3999
2024-11-25,Madurai,4491,1667,2824,0.3712,0.6288,0.4
2024-12-02,Madurai,4481,1680,2801,0.3749,0.6251,0.3995
2024-12-09,Madurai,4474,1695,2779,0.3789,0.6211,0.3985
2024-12-16,Madurai,4479,1715,2764,0.3829,0.6171,0.397
2024-12-23,Madurai,4538,1755,2783,0.3867,0.6133,0.3951
2024-12-30,Madurai,4559,1778,2781,0.39,0.61,0.3928
2025-01-06,Madurai,4566,1793,2773,0.3927,0.6073,0.3902
2025-01-13,Madurai,4624,1825,2799,0.3947,0.6053,0.3873
2025-01-20,Madurai,4638,1835,2803,0.3956,0.6044,0.3842
2025-01-27,Madurai,4654,1842,2812,0.3958,0.6042,0.3811
2025-02-03,Madurai,4674,1846,2828,0.395,0.605,0.3778
2025-02-10,Madurai,4653,1829,2824,0.3931,0.6069,0.3747
2025-02-17,Madurai,4623,1806,2817,0.3907,0.6093,0.3717
2025-02-24,Madurai,4606,1784,2822,0.3873,0.6127,0.3688
2025-03-03,Madurai,4623,1774,2849,0.3837,0.6163,0.3663
2025-03-10,Madurai,4574,1737,2837,0.3798,0.6202,0.3642
2025-03-17,Madurai,4593,1726,2867,0.3758,0.6242,0.3624
2025-03-24,Madurai,4615,1717,2898,0.372,0.628,0.3611
2025-03-31,Madurai,4638,1710,2928,0.3687,0.6313,0.3603
2025-04-07,Madurai,4659,1705,2954,0.366,0.634,0.36
2025-04-14,Madurai,4637,1688,2949,0.364,0.636,0.3602
2025-04-21,Madurai,4643,1685,2958,0.3629,0.6371,0.361
2025-04-28,Madurai,4625,1678,2947,0.3628,0.6372,0.3622
2025-05-05,Madurai,4617,1679,2938,0.3637,0.6363,0.3639
2025-05-12,Madurai,4591,1678,2913,0.3655,0.6345,0.366
2025-05-19,Madurai,4537,1670,2867,0.3681,0.6319,0.3684
2025-05-26,Madurai,4490,1667,2823,0.3713,0.6287,0.3712
2025-06-02,Madurai,4459,1672,2787,0.375,0.625,0.3742
2025-06-09,Madurai,4497,1704,2793,0.3789,0.6211,0.3773
2025-06-16,Madurai,4547,1741,2806,0.3829,0.6171,0.3806
2025-06-23,Madurai,4602,1779,2823,0.3866,0.6134,0.3838
2024-01-01,Tiruchirappalli,4394,1730,2664,0.3937,0.6063,0.39
2024-01-08,Tiruchirappalli,4428,1750,2678,0.3952,0.6048,0.3927
2024-01-15,Tiruchirappalli,4426,1752,2674,0.3958,0.6042,0.395
2024-01-22,Tiruchirappalli,4442,1757,2685,0.3955,0.6045,0.3969
2024-01-29,Tiruchirappalli,4452,1755,2697,0.3942,0.6058,0.3984
2024-02-05,Tiruchirappalli,4481,1757,2724,0.3921,0.6079,0.3994
2024-02-12,Tiruchirappalli,4494,1749,2745,0.3892,0.6108,0.3999
2024-02-19,Tiruchirappalli,4475,1726,2749,0.3857,0.6143,0.3999
2024-02-26,Tiruchirappalli,4457,1702,2755,0.3819,0.6181,0.3994
2024-03-04,Tiruchirappalli,4439,1678,2761,0.378,0.622,0.3984
2024-03-11,Tiruchirappalli,4435,1659,2776,0.3741,0.6259,0.3969
2024-03-18,Tiruchirappalli,4425,1639,2786,0.3704,0.6296,0.395
2024-03-25,Tiruchirappalli,4407,1619,2788,0.3674,0.6326,0.3926
2024-04-01,Tiruchirappalli,4463,1629,2834,0.365,0.635,0.39
2024-04-08,Tiruchirappalli,4478,1627,2851,0.3633,0.6367,0.3871
2024-04-15,Tiruchirappalli,4430,1607,2823,0.3628,0.6372,0.384
2024-04-22,Tiruchirappalli,4417,1604,2813,0.3631,0.6369,0.3808
2024-04-29,Tiruchirappalli,4416,1609,2807,0.3644,0.6356,0.3776
2024-05-06,Tiruchirappalli,4377,1604,2773,0.3665,0.6335,0.3744
2024-05-13,Tiruchirappalli,4325,1598,2727,0.3695,0.6305,0.3714
2024-05-20,Tiruchirappalli,4265,1590,2675,0.3728,0.6272,0.3686
2024-05-27,Tiruchirappalli,4274,1610,2664,0.3767,0.6233,0.3661
2024-06-03,Tiruchirappalli,4228,1610,2618,0.3808,0.6192,0.364
2024-06-10,Tiruchirappalli,4269,1642,2627,0.3846,0.6154,0.3623
2024-06-17,Tiruchirappalli,4253,1651,2602,0.3882,0.6118,0.361
2024-06-24,Tiruchirappalli,4275,1673,2602,0.3913,0.6087,0.3603
2024-07-01,Tiruchirappalli,4338,1708,2630,0.3937,0.6063,0.36
2024-07-08,Tiruchirappalli,4396,1737,2659,0.3951,0.6049,0.3603
2024-07-15,Tiruchirappalli,4436,1756,2680,0.3959,0.6041,0.361
2024-07-22,Tiruchirappalli,4478,1771,2707,0.3955,0.6045,0.3623
2024-07-29,Tiruchirappalli,4500,1774,2726,0.3942,0.6058,0.364
2024-08-05,Tiruchirappalli,4496,1763,2733,0.3921,0.6079,0.3662
2024-08-12,Tiruchirappalli,4496,1750,2746,0.3892,0.6108,0.3687
2024-08-19,Tiruchirappalli,4491,1732,2759,0.3857,0.6143,0.3715
2024-08-26,Tiruchirappalli,4458,1703,2755,0.382,0.618,0.3745
2024-09-02,Tiruchirappalli,4414,1668,2746,0.3779,0.6221,0.3776
2024-09-09,Tiruchirappalli,4401,1646,2755,0.374,0.626,0.3808
2024-09-16,Tiruchirappalli,4376,1621,2755,0.3704,0.6296,0.384
2024-09-23,Tiruchirappalli,4405,1618,2787,0.3673,0.6327,0.3871
2024-09-30,Tiruchirappalli,4428,1616,2812,0.365,0.635,0.39
2024-10-07,Tiruchirappalli,4464,1622,2842,0.3634,0.6366,0.3927
2024-10-14,Tiruchirappalli,4452,1615,2837,0.3628,0.6372,0.395
2024-10-21,Tiruchirappalli,4478,1626,2852,0.3631,0.6369,0.3969
2024-10-28,Tiruchirappalli,4446,1620,2826,0.3644,0.6356,0.3984
2024-11-04,Tiruchirappalli,4406,1615,2791,0.3665,0.6335,0.3994
2024-11-11,Tiruchirappalli,4366,1613,2753,0.3694,0.6306,0.3999
2024-11-18,Tiruchirappalli,4329,1614,2715,0.3728,0.6272,0.3999
2024-11-25,Tiruchirappalli,4319,1627,2692,0.3767,0.6233,0.3994
2024-12-02,Tiruchirappalli,4337,1651,2686,0.3807,0.6193,0.3984
2024-12-09,Tiruchirappalli,4360,1677,2683,0.3846,0.6154,0.3969
2024-12-16,Tiruchirappalli,4384,1702,2682,0.3882,0.6118,0.395
2024-12-23,Tiruchirappalli,4465,1747,2718,0.3913,0.6087,0.3926
2024-12-30,Tiruchirappalli,4511,1776,2735,0.3937,0.6063,0.39
2025-01-06,Tiruchirappalli,4574,1808,2766,0.3953,0.6047,0.3871
2025-01-13,Tiruchirappalli,4588,1816,2772,0.3958,0.6042,0.384
2025-01-20,Tiruchirappalli,4588,1815,2773,0.3956,0.6044,0.3808
2025-01-27,Tiruchirappalli,4580,1806,2774,0.3943,0.6057,0.3776
2025-02-03,Tiruchirappalli,4596,1802,2794,0.3921,0.6079,0.3744
2025-02-10,Tiruchirappalli,4614,1796,2818,0.3893,0.6107,0.3714
2025-02-17,Tiruchirappalli,4572,1764,2808,0.3858,0.6142,0.3686
2025-02-24,Tiruchirappalli,4533,1731,2802,0.3819,0.6181,0.3661
2025-03-03,Tiruchirappalli,4515,1706,2809,0.3779,0.6221,0.364
2025-03-10,Tiruchirappalli,4510,1687,2823,0.3741,0.6259,0.3623
2025-03-17,Tiruchirappalli,4502,1668,2834,0.3705,0.6295,0.361
2025-03-24,Tiruchirappalli,4481,1646,2835,0.3673,0.6327,0.3603
2025-03-31,Tiruchirappalli,4475,1633,2842,0.3649,0.6351,0.36
2025-04-07,Tiruchirappalli,4523,1644,2879,0.3635,0.6365,0.3603
2025-04-14,Tiruchirappalli,4543,1648,2895,0.3628,0.6372,0.361
2025-04-21,Tiruchirappalli,4535,1647,2888,0.3632,0.6368,0.3623
2025-04-28,Tiruchirappalli,4529,1650,2879,0.3643,0.6357,0.364
2025-05-05,Tiruchirappalli,4493,1647,2846,0.3666,0.6334,0.3662
2025-05-12,Tiruchirappalli,4459,1647,2812,0.3694,0.6306,0.3687
2025-05-19,Tiruchirappalli,4461,1663,2798,0.3728,0.6272,0.3715
2025-05-26,Tiruchirappalli,4476,1686,2790,0.3767,0.6233,0.3745
2025-06-02,Tiruchirappalli,4447,1693,2754,0.3807,0.6193,0.3776
2025-06-09,Tiruchirappalli,4457,1714,2743,0.3846,0.6154,0.3808
2025-06-16,Tiruchirappalli,4464,1733,2731,0.3882,0.6118,0.384
2025-06-23,Tiruchirappalli,4536,1775,2761,0.3913,0.6087,0.3871
2024-01-01,Salem,4343,1718,2625,0.3956,0.6044,0.3929
2024-01-08,Salem,4374,1731,2643,0.3957,0.6043,0.3952
2024-01-15,Salem,4401,1739,2662,0.3951,0.6049,0.3971
2024-01-22,Salem,4408,1734,2674,0.3934,0.6066,0.3985
2024-01-29,Salem,4428,1731,2697,0.3909,0.6091,0.3995
2024-02-05,Salem,4436,1720,2716,0.3877,0.6123,0.4
2024-02-12,Salem,4403,1691,2712,0.3841,0.6159,0.3999
2024-02-19,Salem,4365,1659,2706,0.3801,0.6199,0.3993
2024-02-26,Salem,4352,1637,2715,0.3761,0.6239,0.3983
2024-03-04,Salem,4313,1606,2707,0.3724,0.6276,0.3967
2024-03-11,Salem,4320,1594,2726,0.369,0.631,0.3948
2024-03-18,Salem,4307,1577,2730,0.3661,0.6339,0.3924
2024-03-25,Salem,4338,1580,2758,0.3642,0.6358,0.3897
2024-04-01,Salem,4347,1578,2769,0.363,0.637,0.3868
2024-04-08,Salem,4369,1585,2784,0.3628,0.6372,0.3837
2024-04-15,Salem,4357,1584,2773,0.3636,0.6364,0.3805
2024-04-22,Salem,4345,1587,2758,0.3652,0.6348,0.3773
2024-04-29,Salem,4354,1601,2753,0.3677,0.6323,0.3741
2024-05-06,Salem,4328,1605,2723,0.3708,0.6292,0.3712
2024-05-13,Salem,4291,1607,2684,0.3745,0.6255,0.3684
2024-05-20,Salem,4262,1613,2649,0.3785,0.6215,0.3659
2024-05-27,Salem,4249,1625,2624,0.3824,0.6176,0.3638
2024-06-03,Salem,4204,1624,2580,0.3863,0.6137,0.3622
2024-06-10,Salem,4238,1651,2587,0.3896,0.6104,0.3609
2024-06-17,Salem,4283,1681,2602,0.3925,0.6075,0.3602
2024-06-24,Salem,4347,1715,2632,0.3945,0.6055,0.36
2024-07-01,Salem,4408,1744,2664,0.3956,0.6044,0.3603
2024-07-08,Salem,4396,1740,2656,0.3958,0.6042,0.3611
2024-07-15,Salem,4443,1755,2688,0.395,0.605,0.3624
2024-07-22,Salem,4459,1754,2705,0.3934,0.6066,0.3642
2024-07-29,Salem,4441,1736,2705,0.3909,0.6091,0.3664
2024-08-05,Salem,4437,1720,2717,0.3876,0.6124,0.3689
2024-08-12,Salem,4441,1706,2735,0.3841,0.6159,0.3717
2024-08-19,Salem,4427,1683,2744,0.3802,0.6198,0.3747
2024-08-26,Salem,4413,1660,2753,0.3762,0.6238,0.3779
2024-09-02,Salem,4410,1642,2768,0.3723,0.6277,0.3811
2024-09-09,Salem,4393,1621,2772,0.369,0.631,0.3843
2024-09-16,Salem,4421,1619,2802,0.3662,0.6338,0.3874
2024-09-23,Salem,4449,1620,2829,0.3641,0.6359,0.3903
2024-09-30,Salem,4438,1611,2827,0.363,0.637,0.3929
2024-10-07,Salem,4426,1606,2820,0.3629,0.6371,0.3952
2024-10-14,Salem,4421,1607,2814,0.3635,0.6365,0.3971
2024-10-21,Salem,4372,1597,2775,0.3653,0.6347,0.3985
2024-10-28,Salem,4392,1615,2777,0.3677,0.6323,0.3995
2024-11-04,Salem,4355,1615,2740,0.3708,0.6292,0.4
2024-11-11,Salem,4302,1611,2691,0.3745,0.6255,0.3999
2024-11-18,Salem,4267,1615,2652,0.3785,0.6215,0.3993
2024-11-25,Salem,4245,1624,2621,0.3826,0.6174,0.3983
2024-12-02,Salem,4259,1645,2614,0.3862,0.6138,0.3967
2024-12-09,Salem,4275,1666,2609,0.3897,0.6103,0.3948
2024-12-16,Salem,4298,1687,2611,0.3925,0.6075,0.3924
2024-12-23,Salem,4378,1727,2651,0.3945,0.6055,0.3897
2024-12-30,Salem,4388,1736,2652,0.3956,0.6044,0.3868
2025-01-06,Salem,4456,1764,2692,0.3959,0.6041,0.3837
2025-01-13,Salem,4523,1787,2736,0.3951,0.6049,0.3805
2025-01-20,Salem,4565,1796,2769,0.3934,0.6066,0.3773
2025-01-27,Salem,4510,1763,2747,0.3909,0.6091,0.3741
2025-02-03,Salem,4462,1730,2732,0.3877,0.6123,0.3712
2025-02-10,Salem,4441,1706,2735,0.3841,0.6159,0.3684
2025-02-17,Salem,4435,1686,2749,0.3802,0.6198,0.3659
2025-02-24,Salem,4394,1653,2741,0.3762,0.6238,0.3638
2025-03-03,Salem,4410,1642,2768,0.3723,0.6277,0.3622
2025-03-10,Salem,4406,1626,2780,0.369,0.631,0.3609
2025-03-17,Salem,4439,1625,2814,0.3661,0.6339,0.3602
2025-03-24,Salem,4451,1621,2830,0.3642,0.6358,0.36
2025-03-31,Salem,4510,1637,2873,0.363,0.637,0.3603
2025-04-07,Salem,4502,1633,2869,0.3627,0.6373,0.3611
2025-04-14,Salem,4496,1635,2861,0.3637,0.6363,0.3624
2025-04-21,Salem,4468,1632,2836,0.3653,0.6347,0.3642
2025-04-28,Salem,4452,1637,2815,0.3677,0.6323,0.3664
2025-05-05,Salem,4447,1649,2798,0.3708,0.6292,0.3689
2025-05-12,Salem,4405,1650,2755,0.3746,0.6254,0.3717
2025-05-19,Salem,4367,1653,2714,0.3785,0.6215,0.3747
2025-05-26,Salem,4365,1669,2696,0.3824,0.6176,0.3779
2025-06-02,Salem,4373,1689,2684,0.3862,0.6138,0.3811
2025-06-09,Salem,4372,1704,2668,0.3898,0.6102,0.3843
2025-06-16,Salem,4373,1716,2657,0.3924,0.6076,0.3874
2025-06-23,Salem,4419,1743,2676,0.3944,0.6056,0.3903
2024-01-01,Tiruppur,4250,1681,2569,0.3955,0.6045,0.3954
2024-01-08,Tiruppur,4277,1687,2590,0.3944,0.6056,0.3972
2024-01-15,Tiruppur,4282,1680,2602,0.3923,0.6077,0.3986
2024-01-22,Tiruppur,4282,1668,2614,0.3895,0.6105,0.3996
2024-01-29,Tiruppur,4297,1659,2638,0.3861,0.6139,0.4
2024-02-05,Tiruppur,4263,1630,2633,0.3824,0.6176,0.3999
2024-02-12,Tiruppur,4231,1601,2630,0.3784,0.6216,0.3993
2024-02-19,Tiruppur,4260,1595,2665,0.3744,0.6256,0.3982
2024-02-26,Tiruppur,4201,1558,2643,0.3709,0.6291,0.3966
2024-03-04,Tiruppur,4192,1541,2651,0.3676,0.6324,0.3946
2024-03-11,Tiruppur,4225,1543,2682,0.3652,0.6348,0.3922
2024-03-18,Tiruppur,4231,1538,2693,0.3635,0.6365,0.3895
2024-03-25,Tiruppur,4242,1539,2703,0.3628,0.6372,0.3865
2024-04-01,Tiruppur,4220,1532,2688,0.363,0.637,0.3834
2024-04-08,Tiruppur,4192,1527,2665,0.3643,0.6357,0.3802
2024-04-15,Tiruppur,4226,1548,2678,0.3663,0.6337,0.377
2024-04-22,Tiruppur,4251,1569,2682,0.3691,0.6309,0.3739
2024-04-29,Tiruppur,4231,1576,2655,0.3725,0.6275,0.3709
2024-05-06,Tiruppur,4186,1575,2611,0.3763,0.6237,0.3682
2024-05-13,Tiruppur,4129,1570,2559,0.3802,0.6198,0.3657
2024-05-20,Tiruppur,4117,1582,2535,0.3843,0.6157,0.3637
2024-05-27,Tiruppur,4128,1601,2527,0.3878,0.6122,0.362
2024-06-03,Tiruppur,4106,1605,2501,0.3909,0.6091,0.3609
2024-06-10,Tiruppur,4156,1635,2521,0.3934,0.6066,0.3602
2024-06-17,Tiruppur,4192,1656,2536,0.395,0.605,0.36
2024-06-24,Tiruppur,4272,1691,2581,0.3958,0.6042,0.3604
2024-07-01,Tiruppur,4322,1710,2612,0.3957,0.6043,0.3612
2024-07-08,Tiruppur,4365,1722,2643,0.3945,0.6055,0.3626
2024-07-15,Tiruppur,4371,1715,2656,0.3924,0.6076,0.3644
2024-07-22,Tiruppur,4356,1697,2659,0.3896,0.6104,0.3666
2024-07-29,Tiruppur,4325,1670,2655,0.3861,0.6139,0.3691
2024-08-05,Tiruppur,4337,1658,2679,0.3823,0.6177,0.372
2024-08-12,Tiruppur,4325,1636,2689,0.3783,0.6217,0.375
2024-08-19,Tiruppur,4303,1611,2692,0.3744,0.6256,0.3782
2024-08-26,Tiruppur,4286,1589,2697,0.3707,0.6293,0.3814
2024-09-02,Tiruppur,4281,1574,2707,0.3677,0.6323,0.3846
2024-09-09,Tiruppur,4313,1575,2738,0.3652,0.6348,0.3876
2024-09-16,Tiruppur,4352,1582,2770,0.3635,0.6365,0.3905
2024-09-23,Tiruppur,4393,1594,2799,0.3628,0.6372,0.3931
2024-09-30,Tiruppur,4354,1581,2773,0.3631,0.6369,0.3954
2024-10-07,Tiruppur,4358,1587,2771,0.3642,0.6358,0.3972
2024-10-14,Tiruppur,4306,1577,2729,0.3662,0.6338,0.3986
2024-10-21,Tiruppur,4287,1582,2705,0.369,0.631,0.3996
2024-10-28,Tiruppur,4276,1593,2683,0.3725,0.6275,0.4
2024-11-04,Tiruppur,4241,1596,2645,0.3763,0.6237,0.3999
2024-11-11,Tiruppur,4213,1602,2611,0.3803,0.6197,0.3993
2024-11-18,Tiruppur,4209,1617,2592,0.3842,0.6158,0.3982
2024-11-25,Tiruppur,4236,1643,2593,0.3879,0.6121,0.3966
2024-12-02,Tiruppur,4237,1657,2580,0.3911,0.6089,0.3946
2024-12-09,Tiruppur,4279,1684,2595,0.3935,0.6065,0.3922
2024-12-16,Tiruppur,4288,1694,2594,0.3951,0.6049,0.3895
2024-12-23,Tiruppur,4314,1708,2606,0.3959,0.6041,0.3865
2024-12-30,Tiruppur,4375,1731,2644,0.3957,0.6043,0.3834
2025-01-06,Tiruppur,4417,1742,2675,0.3944,0.6056,0.3802
2025-01-13,Tiruppur,4417,1733,2684,0.3923,0.6077,0.377
2025-01-20,Tiruppur,4431,1726,2705,0.3895,0.6105,0.3739
2025-01-27,Tiruppur,4398,1698,2700,0.3861,0.6139,0.3709
2025-02-03,Tiruppur,4362,1668,2694,0.3824,0.6176,0.3682
2025-02-10,Tiruppur,4367,1652,2715,0.3783,0.6217,0.3657
2025-02-17,Tiruppur,4329,1621,2708,0.3745,0.6255,0.3637
2025-02-24,Tiruppur,4305,1596,2709,0.3707,0.6293,0.362
2025-03-03,Tiruppur,4301,1581,2720,0.3676,0.6324,0.3609
2025-03-10,Tiruppur,4325,1579,2746,0.3651,0.6349,0.3602
2025-03-17,Tiruppur,4347,1580,2767,0.3635,0.6365,0.36
2025-03-24,Tiruppur,4379,1589,2790,0.3629,0.6371,0.3604
2025-03-31,Tiruppur,4400,1597,2803,0.363,0.637,0.3612
2025-04-07,Tiruppur,4425,1612,2813,0.3643,0.6357,0.3626
2025-04-14,Tiruppur,4394,1609,2785,0.3662,0.6338,0.3644
2025-04-21,Tiruppur,4367,1612,2755,0.3691,0.6309,0.3666
2025-04-28,Tiruppur,4328,1612,2716,0.3725,0.6275,0.3691
2025-05-05,Tiruppur,4310,1622,2688,0.3763,0.6237,0.372
2025-05-12,Tiruppur,4261,1620,2641,0.3802,0.6198,0.375
2025-05-19,Tiruppur,4251,1633,2618,0.3841,0.6159,0.3782
2025-05-26,Tiruppur,4256,1651,2605,0.3879,0.6121,0.3814
2025-06-02,Tiruppur,4264,1667,2597,0.3909,0.6091,0.3846
2025-06-09,Tiruppur,4222,1661,2561,0.3934,0.6066,0.3876
2025-06-16,Tiruppur,4255,1681,2574,0.3951,0.6049,0.3905
2025-06-23,Tiruppur,4348,1721,2627,0.3958,0.6042,0.3931
2024-01-01,Erode,4171,1642,2529,0.3937,0.6063,0.3973
2024-01-08,Erode,4145,1621,2524,0.3911,0.6089,0.3987
2024-01-15,Erode,4174,1620,2554,0.3881,0.6119,0.3996
2024-01-22,Erode,4206,1617,2589,0.3845,0.6155,0.4
2024-01-29,Erode,4197,1597,2600,0.3805,0.6195,0.3998
2024-02-05,Erode,4199,1581,2618,0.3765,0.6235,0.3992
2024-02-12,Erode,4159,1550,2609,0.3727,0.6273,0.398
2024-02-19,Erode,4102,1515,2587,0.3693,0.6307,0.3964
2024-02-26,Erode,4093,1500,2593,0.3665,0.6335,0.3944
2024-03-04,Erode,4132,1505,2627,0.3642,0.6358,0.392
2024-03-11,Erode,4173,1515,2658,0.363,0.637,0.3892
2024-03-18,Erode,4174,1514,2660,0.3627,0.6373,0.3863
2024-03-25,Erode,4149,1508,2641,0.3635,0.6365,0.3832
2024-04-01,Erode,4181,1526,2655,0.365,0.635,0.3799
2024-04-08,Erode,4158,1528,2630,0.3675,0.6325,0.3767
2024-04-15,Erode,4147,1537,2610,0.3706,0.6294,0.3736
2024-04-22,Erode,4113,1539,2574,0.3742,0.6258,0.3707
2024-04-29,Erode,4087,1545,2542,0.378,0.622,0.3679
2024-05-06,Erode,4075,1557,2518,0.3821,0.6179,0.3655
2024-05-13,Erode,4043,1560,2483,0.3859,0.6141,0.3635
2024-05-20,Erode,4035,1571,2464,0.3893,0.6107,0.3619
2024-05-27,Erode,4036,1583,2453,0.3922,0.6078,0.3608
2024-06-03,Erode,4091,1613,2478,0.3943,0.6057,0.3601
2024-06-10,Erode,4075,1612,2463,0.3956,0.6044,0.36
2024-06-17,Erode,4120,1631,2489,0.3959,0.6041,0.3604
2024-06-24,Erode,4162,1645,2517,0.3952,0.6048,0.3613
2024-07-01,Erode,4192,1650,2542,0.3936,0.6064,0.3627
2024-07-08,Erode,4226,1653,2573,0.3912,0.6088,0.3645
2024-07-15,Erode,4216,1636,2580,0.388,0.612,0.3668
2024-07-22,Erode,4200,1615,2585,0.3845,0.6155,0.3694
2024-07-29,Erode,4171,1587,2584,0.3805,0.6195,0.3722
2024-08-05,Erode,4137,1558,2579,0.3766,0.6234,0.3753
2024-08-12,Erode,4118,1535,2583,0.3728,0.6272,0.3784
2024-08-19,Erode,4111,1518,2593,0.3693,0.6307,0.3817
2024-08-26,Erode,4135,1515,2620,0.3664,0.6336,0.3848
2024-09-02,Erode,4126,1503,2623,0.3643,0.6357,0.3879
2024-09-09,Erode,4142,1504,2638,0.3631,0.6369,0.3907
2024-09-16,Erode,4165,1511,2654,0.3628,0.6372,0.3933
2024-09-23,Erode,4163,1513,2650,0.3634,0.6366,0.3955
2024-09-30,Erode,4175,1524,2651,0.365,0.635,0.3973
2024-10-07,Erode,4176,1534,2642,0.3673,0.6327,0.3987
2024-10-14,Erode,4171,1546,2625,0.3707,0.6293,0.3996
2024-10-21,Erode,4151,1553,2598,0.3741,0.6259,0.4
2024-10-28,Erode,4139,1565,2574,0.3781,0.6219,0.3998
2024-11-04,Erode,4107,1569,2538,0.382,0.618,0.3992
2024-11-11,Erode,4095,1580,2515,0.3858,0.6142,0.398
2024-11-18,Erode,4109,1600,2509,0.3894,0.6106,0.3964
2024-11-25,Erode,4109,1612,2497,0.3923,0.6077,0.3944
2024-12-02,Erode,4146,1635,2511,0.3944,0.6056,0.392
2024-12-09,Erode,4151,1642,2509,0.3956,0.6044,0.3892
2024-12-16,Erode,4189,1658,2531,0.3958,0.6042,0.3863
2024-12-23,Erode,4218,1667,2551,0.3952,0.6048,0.3832
2024-12-30,Erode,4258,1676,2582,0.3936,0.6064,0.3799
2025-01-06,Erode,4251,1663,2588,0.3912,0.6088,0.3767
2025-01-13,Erode,4256,1652,2604,0.3882,0.6118,0.3736
2025-01-20,Erode,4284,1647,2637,0.3845,0.6155,0.3707
2025-01-27,Erode,4304,1638,2666,0.3806,0.6194,0.3679
2025-02-03,Erode,4300,1619,2681,0.3765,0.6235,0.3655
2025-02-10,Erode,4265,1590,2675,0.3728,0.6272,0.3635
2025-02-17,Erode,4234,1564,2670,0.3694,0.6306,0.3619
2025-02-24,Erode,4268,1564,2704,0.3664,0.6336,0.3608
2025-03-03,Erode,4255,1550,2705,0.3643,0.6357,0.3601
2025-03-10,Erode,4253,1544,2709,0.363,0.637,0.36
2025-03-17,Erode,4261,1546,2715,0.3628,0.6372,0.3604
2025-03-24,Erode,4286,1558,2728,0.3635,0.6365,0.3613
2025-03-31,Erode,4310,1573,2737,0.365,0.635,0.3627
2025-04-07,Erode,4289,1576,2713,0.3675,0.6325,0.3645
2025-04-14,Erode,4275,1584,2691,0.3705,0.6295,0.3668
2025-04-21,Erode,4260,1594,2666,0.3742,0.6258,0.3694
2025-04-28,Erode,4250,1607,2643,0.3781,0.6219,0.3722
2025-05-05,Erode,4224,1614,2610,0.3821,0.6179,0.3753
2025-05-12,Erode,4191,1617,2574,0.3858,0.6142,0.3784
2025-05-19,Erode,4167,1622,2545,0.3892,0.6108,0.3817
2025-05-26,Erode,4159,1631,2528,0.3922,0.6078,0.3848
2025-06-02,Erode,4212,1661,2551,0.3943,0.6057,0.3879
2025-06-09,Erode,4214,1667,2547,0.3956,0.6044,0.3907
2025-06-16,Erode,4235,1676,2559,0.3957,0.6043,0.3933
2025-06-23,Erode,4264,1685,2579,0.3952,0.6048,0.3955
2024-01-01,Tirunelveli,4040,1575,2465,0.3899,0.6101,0.3988
2024-01-08,Tirunelveli,4031,1558,2473,0.3865,0.6135,0.3997
2024-01-15,Tirunelveli,4042,1547,2495,0.3827,0.6173,0.4
2024-01-22,Tirunelveli,4053,1535,2518,0.3787,0.6213,0.3998
2024-01-29,Tirunelveli,4050,1518,2532,0.3748,0.6252,0.3991
2024-02-05,Tirunelveli,4037,1498,2539,0.3711,0.6289,0.3979
2024-02-12,Tirunelveli,3997,1471,2526,0.368,0.632,0.3963
2024-02-19,Tirunelveli,4026,1471,2555,0.3654,0.6346,0.3942
2024-02-26,Tirunelveli,3990,1451,2539,0.3637,0.6363,0.3917
2024-03-04,Tirunelveli,3994,1449,2545,0.3628,0.6372,0.389
2024-03-11,Tirunelveli,4007,1454,2553,0.3629,0.6371,0.386
2024-03-18,Tirunelveli,4073,1483,2590,0.3641,0.6359,0.3829
2024-03-25,Tirunelveli,4093,1498,2595,0.366,0.634,0.3797
2024-04-01,Tirunelveli,4100,1512,2588,0.3688,0.6312,0.3765
2024-04-08,Tirunelveli,4123,1534,2589,0.3721,0.6279,0.3734
2024-04-15,Tirunelveli,4121,1549,2572,0.3759,0.6241,0.3704
2024-04-22,Tirunelveli,4094,1555,2539,0.3798,0.6202,0.3677
2024-04-29,Tirunelveli,4036,1549,2487,0.3838,0.6162,0.3653
2024-05-06,Tirunelveli,4019,1557,2462,0.3874,0.6126,0.3634
2024-05-13,Tirunelveli,3965,1549,2416,0.3907,0.6093,0.3618
2024-05-20,Tirunelveli,3968,1560,2408,0.3931,0.6069,0.3607
2024-05-27,Tirunelveli,3986,1574,2412,0.3949,0.6051,0.3601
2024-06-03,Tirunelveli,3983,1576,2407,0.3957,0.6043,0.36
2024-06-10,Tirunelveli,4023,1592,2431,0.3957,0.6043,0.3605
2024-06-17,Tirunelveli,4045,1596,2449,0.3946,0.6054,0.3614
2024-06-24,Tirunelveli,4083,1603,2480,0.3926,0.6074,0.3628
2024-07-01,Tirunelveli,4112,1603,2509,0.3898,0.6102,0.3647
2024-07-08,Tirunelveli,4109,1588,2521,0.3865,0.6135,0.367
2024-07-15,Tirunelveli,4092,1566,2526,0.3827,0.6173,0.3696
2024-07-22,Tirunelveli,4098,1552,2546,0.3787,0.6213,0.3725
2024-07-29,Tirunelveli,4074,1527,2547,0.3748,0.6252,0.3755
2024-08-05,Tirunelveli,4076,1513,2563,0.3712,0.6288,0.3787
2024-08-12,Tirunelveli,4066,1496,2570,0.3679,0.6321,0.3819
2024-08-19,Tirunelveli,4114,1503,2611,0.3653,0.6347,0.3851
2024-08-26,Tirunelveli,4068,1479,2589,0.3636,0.6364,0.3881
2024-09-02,Tirunelveli,4066,1475,2591,0.3628,0.6372,0.391
2024-09-09,Tirunelveli,4089,1484,2605,0.3629,0.6371,0.3935
2024-09-16,Tirunelveli,4069,1481,2588,0.364,0.636,0.3957
2024-09-23,Tirunelveli,4085,1495,2590,0.366,0.634,0.3975
2024-09-30,Tirunelveli,4128,1522,2606,0.3687,0.6313,0.3988
2024-10-07,Tirunelveli,4170,1552,2618,0.3722,0.6278,0.3997
2024-10-14,Tirunelveli,4127,1551,2576,0.3758,0.6242,0.4
2024-10-21,Tirunelveli,4094,1555,2539,0.3798,0.6202,0.3998
2024-10-28,Tirunelveli,4067,1561,2506,0.3838,0.6162,0.3991
2024-11-04,Tirunelveli,4062,1574,2488,0.3875,0.6125,0.3979
2024-11-11,Tirunelveli,4039,1578,2461,0.3907,0.6093,0.3963
2024-11-18,Tirunelveli,4007,1576,2431,0.3933,0.6067,0.3942
2024-11-25,Tirunelveli,4044,1597,2447,0.3949,0.6051,0.3917
2024-12-02,Tirunelveli,4088,1618,2470,0.3958,0.6042,0.389
2024-12-09,Tirunelveli,4122,1631,2491,0.3957,0.6043,0.386
2024-12-16,Tirunelveli,4141,1634,2507,0.3946,0.6054,0.3829
2024-12-23,Tirunelveli,4203,1650,2553,0.3926,0.6074,0.3797
2024-12-30,Tirunelveli,4186,1632,2554,0.3899,0.6101,0.3765
2025-01-06,Tirunelveli,4228,1634,2594,0.3865,0.6135,0.3734
2025-01-13,Tirunelveli,4220,1615,2605,0.3827,0.6173,0.3704
2025-01-20,Tirunelveli,4211,1595,2616,0.3788,0.6212,0.3677
2025-01-27,Tirunelveli,4191,1571,2620,0.3749,0.6251,0.3653
2025-02-03,Tirunelveli,4153,1541,2612,0.3711,0.6289,0.3634
2025-02-10,Tirunelveli,4155,1529,2626,0.368,0.632,0.3618
2025-02-17,Tirunelveli,4131,1509,2622,0.3653,0.6347,0.3607
2025-02-24,Tirunelveli,4135,1504,2631,0.3637,0.6363,0.3601
2025-03-03,Tirunelveli,4170,1513,2657,0.3628,0.6372,0.36
2025-03-10,Tirunelveli,4187,1520,2667,0.363,0.637,0.3605
2025-03-17,Tirunelveli,4232,1541,2691,0.3641,0.6359,0.3614
2025-03-24,Tirunelveli,4257,1558,2699,0.366,0.634,0.3628
2025-03-31,Tirunelveli,4231,1560,2671,0.3687,0.6313,0.3647
2025-04-07,Tirunelveli,4211,1567,2644,0.3721,0.6279,0.367
2025-04-14,Tirunelveli,4190,1575,2615,0.3759,0.6241,0.3696
2025-04-21,Tirunelveli,4157,1579,2578,0.3798,0.6202,0.3725
2025-04-28,Tirunelveli,4101,1574,2527,0.3838,0.6162,0.3755
2025-05-05,Tirunelveli,4064,1575,2489,0.3875,0.6125,0.3787
2025-05-12,Tirunelveli,4026,1573,2453,0.3907,0.6093,0.3819
2025-05-19,Tirunelveli,4026,1583,2443,0.3932,0.6068,0.3851
2025-05-26,Tirunelveli,4059,1603,2456,0.3949,0.6051,0.3881
2025-06-02,Tirunelveli,4080,1615,2465,0.3958,0.6042,0.391
2025-06-09,Tirunelveli,4120,1630,2490,0.3956,0.6044,0.3935
2025-06-16,Tirunelveli,4170,1645,2525,0.3945,0.6055,0.3957
2025-06-23,Tirunelveli,4256,1671,2585,0.3926,0.6074,0.3975
2024-01-01,Thoothukudi,3968,1527,2441,0.3848,0.6152,0.3997
2024-01-08,Thoothukudi,3956,1507,2449,0.3809,0.6191,0.4
2024-01-15,Thoothukudi,4001,1508,2493,0.3769,0.6231,0.3998
2024-01-22,Thoothukudi,4017,1499,2518,0.3732,0.6268,0.399
2024-01-29,Thoothukudi,3942,1457,2485,0.3696,0.6304,0.3978
2024-02-05,Thoothukudi,3951,1449,2502,0.3667,0.6333,0.3961
2024-02-12,Thoothukudi,3935,1434,2501,0.3644,0.6356,0.394
2024-02-19,Thoothukudi,3933,1428,2505,0.3631,0.6369,0.3915
2024-02-26,Thoothukudi,3951,1433,2518,0.3627,0.6373,0.3887
2024-03-04,Thoothukudi,3936,1430,2506,0.3633,0.6367,0.3858
2024-03-11,Thoothukudi,3930,1434,2496,0.3649,0.6351,0.3826
2024-03-18,Thoothukudi,3935,1445,2490,0.3672,0.6328,0.3794
2024-03-25,Thoothukudi,3930,1455,2475,0.3702,0.6298,0.3762
2024-04-01,Thoothukudi,3895,1456,2439,0.3738,0.6262,0.3731
2024-04-08,Thoothukudi,3913,1478,2435,0.3777,0.6223,0.3702
2024-04-15,Thoothukudi,3894,1486,2408,0.3816,0.6184,0.3675
2024-04-22,Thoothukudi,3883,1497,2386,0.3855,0.6145,0.3652
2024-04-29,Thoothukudi,3890,1513,2377,0.3889,0.6111,0.3632
2024-05-06,Thoothukudi,3883,1522,2361,0.392,0.608,0.3617
2024-05-13,Thoothukudi,3857,1520,2337,0.3941,0.6059,0.3606
2024-05-20,Thoothukudi,3864,1528,2336,0.3954,0.6046,0.3601
2024-05-27,Thoothukudi,3925,1554,2371,0.3959,0.6041,0.3601
2024-06-03,Thoothukudi,3961,1566,2395,0.3954,0.6046,0.3605
2024-06-10,Thoothukudi,3966,1562,2404,0.3938,0.6062,0.3615
2024-06-17,Thoothukudi,3983,1559,2424,0.3914,0.6086,0.363
2024-06-24,Thoothukudi,3986,1548,2438,0.3884,0.6116,0.3649
2024-07-01,Thoothukudi,4019,1547,2472,0.3849,0.6151,0.3672
2024-07-08,Thoothukudi,4006,1526,2480,0.3809,0.6191,0.3698
2024-07-15,Thoothukudi,4000,1508,2492,0.377,0.623,0.3727
2024-07-22,Thoothukudi,3972,1482,2490,0.3731,0.6269,0.3758
2024-07-29,Thoothukudi,3974,1469,2505,0.3697,0.6303,0.379
2024-08-05,Thoothukudi,3938,1444,2494,0.3667,0.6333,0.3822
2024-08-12,Thoothukudi,3958,1443,2515,0.3646,0.6354,0.3854
2024-08-19,Thoothukudi,3937,1430,2507,0.3632,0.6368,0.3884
2024-08-26,Thoothukudi,3995,1449,2546,0.3627,0.6373,0.3912
2024-09-02,Thoothukudi,3994,1451,2543,0.3633,0.6367,0.3937
2024-09-09,Thoothukudi,4018,1466,2552,0.3649,0.6351,0.3959
2024-09-16,Thoothukudi,4000,1469,2531,0.3673,0.6328,0.3976
2024-09-23,Thoothukudi,3992,1478,2514,0.3702,0.6298,0.3989
2024-09-30,Thoothukudi,3973,1485,2488,0.3738,0.6262,0.3997
2024-10-07,Thoothukudi,3972,1500,2472,0.3776,0.6224,0.4
2024-10-14,Thoothukudi,3968,1514,2454,0.3816,0.6184,0.3998
2024-10-21,Thoothukudi,3927,1514,2413,0.3855,0.6145,0.399
2024-10-28,Thoothukudi,3899,1517,2382,0.3891,0.6109,0.3978
2024-11-04,Thoothukudi,3891,1525,2366,0.3919,0.6081,0.3961
2024-11-11,Thoothukudi,3904,1539,2365,0.3942,0.6058,0.394
2024-11-18,Thoothukudi,3929,1554,2375,0.3955,0.6045,0.3915
2024-11-25,Thoothukudi,3938,1559,2379,0.3959,0.6041,0.3887
2024-12-02,Thoothukudi,3959,1565,2394,0.3953,0.6047,0.3858
2024-12-09,Thoothukudi,3977,1566,2411,0.3938,0.6062,0.3826
2024-12-16,Thoothukudi,4000,1566,2434,0.3915,0.6085,0.3794
2024-12-23,Thoothukudi,4026,1564,2462,0.3885,0.6115,0.3762
2024-12-30,Thoothukudi,4041,1555,2486,0.3848,0.6152,0.3731
2025-01-06,Thoothukudi,4079,1554,2525,0.381,0.619,0.3702
2025-01-13,Thoothukudi,4061,1531,2530,0.377,0.623,0.3675
2025-01-20,Thoothukudi,4025,1502,2523,0.3732,0.6268,0.3652
2025-01-27,Thoothukudi,3985,1473,2512,0.3696,0.6304,0.3632
2025-02-03,Thoothukudi,3997,1466,2531,0.3668,0.6332,0.3617
2025-02-10,Thoothukudi,3984,1452,2532,0.3645,0.6355,0.3606
2025-02-17,Thoothukudi,3978,1445,2533,0.3632,0.6368,0.3601
2025-02-24,Thoothukudi,3985,1446,2539,0.3629,0.6371,0.3601
2025-03-03,Thoothukudi,3994,1451,2543,0.3633,0.6367,0.3605
2025-03-10,Thoothukudi,4022,1467,2555,0.3647,0.6353,0.3615
2025-03-17,Thoothukudi,4039,1483,2556,0.3672,0.6328,0.363
2025-03-24,Thoothukudi,4055,1501,2554,0.3702,0.6298,0.3649
2025-03-31,Thoothukudi,4009,1498,2511,0.3737,0.6263,0.3672
2025-04-07,Thoothukudi,4015,1516,2499,0.3776,0.6224,0.3698
2025-04-14,Thoothukudi,3969,1515,2454,0.3817,0.6183,0.3727
2025-04-21,Thoothukudi,3961,1527,2434,0.3855,0.6145,0.3758
2025-04-28,Thoothukudi,3969,1544,2425,0.389,0.611,0.379
2025-05-05,Thoothukudi,3944,1546,2398,0.392,0.608,0.3822
2025-05-12,Thoothukudi,3942,1554,2388,0.3942,0.6058,0.3854
2025-05-19,Thoothukudi,3939,1558,2381,0.3955,0.6045,0.3884
2025-05-26,Thoothukudi,3969,1571,2398,0.3958,0.6042,0.3912
2025-06-02,Thoothukudi,4013,1586,2427,0.3952,0.6048,0.3937
2025-06-09,Thoothukudi,4037,1590,2447,0.3939,0.6061,0.3959
2025-06-16,Thoothukudi,4099,1605,2494,0.3916,0.6084,0.3976
2025-06-23,Thoothukudi,4148,1611,2537,0.3884,0.6116,0.3989
2024-01-01,Vellore,3943,1495,2448,0.3792,0.6208,0.4
2024-01-08,Vellore,3964,1487,2477,0.3751,0.6249,0.3997
2024-01-15,Vellore,3962,1472,2490,0.3715,0.6285,0.3989
2024-01-22,Vellore,3938,1450,2488,0.3682,0.6318,0.3977
2024-01-29,Vellore,3934,1438,2496,0.3655,0.6345,0.3959
2024-02-05,Vellore,3944,1435,2509,0.3638,0.6362,0.3938
2024-02-12,Vellore,3952,1434,2518,0.3629,0.6371,0.3913
2024-02-19,Vellore,4001,1452,2549,0.3629,0.6371,0.3885
2024-02-26,Vellore,3992,1453,2539,0.364,0.636,0.3855
2024-03-04,Vellore,3994,1461,2533,0.3658,0.6342,0.3823
2024-03-11,Vellore,4016,1480,2536,0.3685,0.6315,0.3791
2024-03-18,Vellore,4024,1496,2528,0.3718,0.6282,0.3759
2024-03-25,Vellore,4003,1503,2500,0.3755,0.6245,0.3728
2024-04-01,Vellore,3969,1506,2463,0.3794,0.6206,0.3699
2024-04-08,Vellore,3941,1511,2430,0.3834,0.6166,0.3673
2024-04-15,Vellore,3908,1513,2395,0.3872,0.6128,0.365
2024-04-22,Vellore,3884,1516,2368,0.3903,0.6097,0.3631
2024-04-29,Vellore,3831,1506,2325,0.3931,0.6069,0.3616
2024-05-06,Vellore,3836,1515,2321,0.3949,0.6051,0.3606
2024-05-13,Vellore,3822,1513,2309,0.3959,0.6041,0.3601
2024-05-20,Vellore,3849,1523,2326,0.3957,0.6043,0.3601
2024-05-27,Vellore,3893,1537,2356,0.3948,0.6052,0.3606
2024-06-03,Vellore,3918,1539,2379,0.3928,0.6072,0.3616
2024-06-10,Vellore,3949,1541,2408,0.3902,0.6098,0.3631
2024-06-17,Vellore,3964,1534,2430,0.387,0.613,0.3651
2024-06-24,Vellore,4004,1534,2470,0.3831,0.6169,0.3674
2024-07-01,Vellore,3991,1513,2478,0.3791,0.6209,0.3701
2024-07-08,Vellore,4014,1506,2508,0.3752,0.6248,0.373
2024-07-15,Vellore,4000,1486,2514,0.3715,0.6285,0.3761
2024-07-22,Vellore,4012,1477,2535,0.3681,0.6319,0.3793
2024-07-29,Vellore,3965,1450,2515,0.3657,0.6343,0.3825
2024-08-05,Vellore,3966,1443,2523,0.3638,0.6362,0.3856
2024-08-12,Vellore,3955,1435,2520,0.3628,0.6372,0.3886
2024-08-19,Vellore,3945,1432,2513,0.363,0.637,0.3914
2024-08-26,Vellore,3984,1450,2534,0.364,0.636,0.3939
2024-09-02,Vellore,4000,1463,2537,0.3658,0.6342,0.396
2024-09-09,Vellore,3984,1468,2516,0.3685,0.6315,0.3977
2024-09-16,Vellore,4003,1488,2515,0.3717,0.6283,0.399
2024-09-23,Vellore,4008,1505,2503,0.3755,0.6245,0.3998
2024-09-30,Vellore,3960,1503,2457,0.3795,0.6205,0.4
2024-10-07,Vellore,3954,1516,2438,0.3834,0.6166,0.3997
2024-10-14,Vellore,3950,1529,2421,0.3871,0.6129,0.3989
2024-10-21,Vellore,3894,1520,2374,0.3903,0.6097,0.3977
2024-10-28,Vellore,3842,1510,2332,0.393,0.607,0.3959
2024-11-04,Vellore,3852,1521,2331,0.3949,0.6051,0.3938
2024-11-11,Vellore,3854,1525,2329,0.3957,0.6043,0.3913
2024-11-18,Vellore,3894,1541,2353,0.3957,0.6043,0.3885
2024-11-25,Vellore,3909,1543,2366,0.3947,0.6053,0.3855
2024-12-02,Vellore,3925,1542,2383,0.3929,0.6071,0.3823
2024-12-09,Vellore,3980,1553,2427,0.3902,0.6098,0.3791
2024-12-16,Vellore,3991,1544,2447,0.3869,0.6131,0.3759
2024-12-23,Vellore,3988,1528,2460,0.3831,0.6169,0.3728
2024-12-30,Vellore,4000,1517,2483,0.3792,0.6208,0.3699
2025-01-06,Vellore,4005,1503,2502,0.3753,0.6247,0.3673
2025-01-13,Vellore,3968,1474,2494,0.3715,0.6285,0.365
2025-01-20,Vellore,3938,1450,2488,0.3682,0.6318,0.3631
2025-01-27,Vellore,3955,1446,2509,0.3656,0.6344,0.3616
2025-02-03,Vellore,3960,1441,2519,0.3639,0.6361,0.3606
2025-02-10,Vellore,3974,1442,2532,0.3629,0.6371,0.3601
2025-02-17,Vellore,3958,1436,2522,0.3628,0.6372,0.3601
2025-02-24,Vellore,3991,1452,2539,0.3638,0.6362,0.3606
2025-03-03,Vellore,4007,1466,2541,0.3659,0.6341,0.3616
2025-03-10,Vellore,4071,1500,2571,0.3685,0.6315,0.3631
2025-03-17,Vellore,4051,1506,2545,0.3718,0.6282,0.3651
2025-03-24,Vellore,4027,1512,2515,0.3755,0.6245,0.3674
2025-03-31,Vellore,4005,1520,2485,0.3795,0.6205,0.3701
2025-04-07,Vellore,4001,1534,2467,0.3834,0.6166,0.373
2025-04-14,Vellore,3978,1540,2438,0.3871,0.6129,0.3761
2025-04-21,Vellore,3891,1519,2372,0.3904,0.6096,0.3793
2025-04-28,Vellore,3886,1527,2359,0.3929,0.6071,0.3825
2025-05-05,Vellore,3893,1537,2356,0.3948,0.6052,0.3856
2025-05-12,Vellore,3897,1542,2355,0.3957,0.6043,0.3886
2025-05-19,Vellore,3942,1560,2382,0.3957,0.6043,0.3914
2025-05-26,Vellore,3980,1571,2409,0.3947,0.6053,0.3939
2025-06-02,Vellore,4042,1588,2454,0.3929,0.6071,0.396
2025-06-09,Vellore,4123,1609,2514,0.3902,0.6098,0.3977
2025-06-16,Vellore,4161,1610,2551,0.3869,0.6131,0.399
2025-06-23,Vellore,4157,1593,2564,0.3832,0.6168,0.3998
2024-01-01,Thanjavur,3802,1442,2360,0.3793,0.6207,0.38
2024-01-08,Thanjavur,3835,1470,2365,0.3833,0.6167,0.3832
2024-01-15,Thanjavur,3857,1493,2364,0.3871,0.6129,0.3863
2024-01-22,Thanjavur,3866,1509,2357,0.3903,0.6097,0.3893
2024-01-29,Thanjavur,3907,1535,2372,0.3929,0.6071,0.392
2024-02-05,Thanjavur,3894,1537,2357,0.3947,0.6053,0.3944
2024-02-12,Thanjavur,3914,1549,2365,0.3958,0.6042,0.3965
2024-02-19,Thanjavur,3937,1558,2379,0.3957,0.6043,0.3981
2024-02-26,Thanjavur,3895,1538,2357,0.3949,0.6051,0.3992
2024-03-04,Thanjavur,3879,1524,2355,0.3929,0.6071,0.3999
2024-03-11,Thanjavur,3855,1505,2350,0.3904,0.6096,0.4
2024-03-18,Thanjavur,3809,1474,2335,0.387,0.613,0.3996
2024-03-25,Thanjavur,3814,1462,2352,0.3833,0.6167,0.3987
2024-04-01,Thanjavur,3788,1437,2351,0.3794,0.6206,0.3973
2024-04-08,Thanjavur,3813,1431,2382,0.3753,0.6247,0.3955
2024-04-15,Thanjavur,3869,1438,2431,0.3717,0.6283,0.3933
2024-04-22,Thanjavur,3899,1436,2463,0.3683,0.6317,0.3907
2024-04-29,Thanjavur,3923,1435,2488,0.3658,0.6342,0.3878
2024-05-06,Thanjavur,3950,1437,2513,0.3638,0.6362,0.3848
2024-05-13,Thanjavur,3921,1423,2498,0.3629,0.6371,0.3816
2024-05-20,Thanjavur,3927,1425,2502,0.3629,0.6371,0.3784
2024-05-27,Thanjavur,3897,1418,2479,0.3639,0.6361,0.3752
2024-06-03,Thanjavur,3812,1394,2418,0.3657,0.6343,0.3722
2024-06-10,Thanjavur,3784,1394,2390,0.3684,0.6316,0.3693
2024-06-17,Thanjavur,3754,1395,2359,0.3716,0.6284,0.3667
2024-06-24,Thanjavur,3751,1408,2343,0.3754,0.6246,0.3645
2024-07-01,Thanjavur,3778,1433,2345,0.3793,0.6207,0.3627
2024-07-08,Thanjavur,3797,1455,2342,0.3832,0.6168,0.3613
2024-07-15,Thanjavur,3822,1479,2343,0.387,0.613,0.3604
2024-07-22,Thanjavur,3869,1510,2359,0.3903,0.6097,0.36
2024-07-29,Thanjavur,3916,1539,2377,0.393,0.607,0.3601
2024-08-05,Thanjavur,3901,1540,2361,0.3948,0.6052,0.3608
2024-08-12,Thanjavur,3927,1554,2373,0.3957,0.6043,0.3619
2024-08-19,Thanjavur,3947,1562,2385,0.3957,0.6043,0.3635
2024-08-26,Thanjavur,3918,1547,2371,0.3948,0.6052,0.3656
2024-09-02,Thanjavur,3920,1540,2380,0.3929,0.6071,0.368
2024-09-09,Thanjavur,3935,1536,2399,0.3903,0.6097,0.3707
2024-09-16,Thanjavur,3914,1515,2399,0.3871,0.6129,0.3737
2024-09-23,Thanjavur,3904,1496,2408,0.3832,0.6168,0.3768
2024-09-30,Thanjavur,3891,1476,2415,0.3793,0.6207,0.38
2024-10-07,Thanjavur,3890,1460,2430,0.3753,0.6247,0.3832
2024-10-14,Thanjavur,3917,1456,2461,0.3717,0.6283,0.3863
2024-10-21,Thanjavur,3907,1439,2468,0.3683,0.6317,0.3893
2024-10-28,Thanjavur,3926,1436,2490,0.3658,0.6342,0.392
2024-11-04,Thanjavur,3944,1435,2509,0.3638,0.6362,0.3944
2024-11-11,Thanjavur,3949,1433,2516,0.3629,0.6371,0.3965
2024-11-18,Thanjavur,3905,1417,2488,0.3629,0.6371,0.3981
2024-11-25,Thanjavur,3850,1401,2449,0.3639,0.6361,0.3992
2024-12-02,Thanjavur,3859,1411,2448,0.3656,0.6344,0.3999
2024-12-09,Thanjavur,3806,1402,2404,0.3684,0.6316,0.4
2024-12-16,Thanjavur,3789,1408,2381,0.3716,0.6284,0.3996
2024-12-23,Thanjavur,3793,1424,2369,0.3754,0.6246,0.3987
2024-12-30,Thanjavur,3820,1449,2371,0.3793,0.6207,0.3973
2025-01-06,Thanjavur,3854,1477,2377,0.3832,0.6168,0.3955
2025-01-13,Thanjavur,3873,1499,2374,0.387,0.613,0.3933
2025-01-20,Thanjavur,3917,1529,2388,0.3903,0.6097,0.3907
2025-01-27,Thanjavur,3926,1543,2383,0.393,0.607,0.3878
2025-02-03,Thanjavur,3942,1556,2386,0.3947,0.6053,0.3848
2025-02-10,Thanjavur,3926,1554,2372,0.3958,0.6042,0.3816
2025-02-17,Thanjavur,3919,1551,2368,0.3958,0.6042,0.3784
2025-02-24,Thanjavur,3911,1544,2367,0.3948,0.6052,0.3752
2025-03-03,Thanjavur,3899,1532,2367,0.3929,0.6071,0.3722
2025-03-10,Thanjavur,3895,1520,2375,0.3902,0.6098,0.3693
2025-03-17,Thanjavur,3891,1506,2385,0.387,0.613,0.3667
2025-03-24,Thanjavur,3872,1484,2388,0.3833,0.6167,0.3645
2025-03-31,Thanjavur,3907,1482,2425,0.3793,0.6207,0.3627
2025-04-07,Thanjavur,3928,1474,2454,0.3753,0.6247,0.3613
2025-04-14,Thanjavur,3960,1472,2488,0.3717,0.6283,0.3604
2025-04-21,Thanjavur,3997,1472,2525,0.3683,0.6317,0.36
2025-04-28,Thanjavur,4011,1467,2544,0.3657,0.6343,0.3601
2025-05-05,Thanjavur,3994,1453,2541,0.3638,0.6362,0.3608
2025-05-12,Thanjavur,4010,1455,2555,0.3628,0.6372,0.3619
2025-05-19,Thanjavur,4002,1452,2550,0.3628,0.6372,0.3635
2025-05-26,Thanjavur,3988,1451,2537,0.3638,0.6362,0.3656
2025-06-02,Thanjavur,3928,1436,2492,0.3656,0.6344,0.368
2025-06-09,Thanjavur,3913,1441,2472,0.3683,0.6317,0.3707
2025-06-16,Thanjavur,3918,1456,2462,0.3716,0.6284,0.3737
2025-06-23,Thanjavur,3927,1474,2453,0.3754,0.6246,0.3768
2024-01-01,Dindigul,3756,1446,2310,0.385,0.615,0.3835
2024-01-08,Dindigul,3788,1472,2316,0.3886,0.6114,0.3866
2024-01-15,Dindigul,3779,1480,2299,0.3916,0.6084,0.3895
2024-01-22,Dindigul,3816,1503,2313,0.3939,0.6061,0.3922
2024-01-29,Dindigul,3866,1528,2338,0.3952,0.6048,0.3946
2024-02-05,Dindigul,3879,1536,2343,0.396,0.604,0.3966
2024-02-12,Dindigul,3861,1527,2334,0.3955,0.6045,0.3982
2024-02-19,Dindigul,3888,1532,2356,0.394,0.606,0.3993
2024-02-26,Dindigul,3894,1526,2368,0.3919,0.6081,0.3999
2024-03-04,Dindigul,3862,1502,2360,0.3889,0.6111,0.4
2024-03-11,Dindigul,3820,1472,2348,0.3853,0.6147,0.3995
2024-03-18,Dindigul,3842,1466,2376,0.3816,0.6184,0.3986
2024-03-25,Dindigul,3780,1427,2353,0.3775,0.6225,0.3972
2024-04-01,Dindigul,3800,1420,2380,0.3737,0.6263,0.3953
2024-04-08,Dindigul,3808,1409,2399,0.37,0.63,0.3931
2024-04-15,Dindigul,3793,1392,2401,0.367,0.633,0.3905
2024-04-22,Dindigul,3788,1382,2406,0.3648,0.6352,0.3876
2024-04-29,Dindigul,3802,1381,2421,0.3632,0.6368,0.3845
2024-05-06,Dindigul,3795,1377,2418,0.3628,0.6372,0.3813
2024-05-13,Dindigul,3807,1383,2424,0.3633,0.6367,0.3781
2024-05-20,Dindigul,3775,1376,2399,0.3645,0.6355,0.3749
2024-05-27,Dindigul,3777,1385,2392,0.3667,0.6333,0.3719
2024-06-03,Dindigul,3745,1385,2360,0.3698,0.6302,0.3691
2024-06-10,Dindigul,3710,1385,2325,0.3733,0.6267,0.3665
2024-06-17,Dindigul,3710,1399,2311,0.3771,0.6229,0.3643
2024-06-24,Dindigul,3715,1416,2299,0.3812,0.6188,0.3625
2024-07-01,Dindigul,3745,1442,2303,0.385,0.615,0.3612
2024-07-08,Dindigul,3773,1466,2307,0.3886,0.6114,0.3604
2024-07-15,Dindigul,3797,1487,2310,0.3916,0.6084,0.36
2024-07-22,Dindigul,3831,1509,2322,0.3939,0.6061,0.3602
2024-07-29,Dindigul,3890,1538,2352,0.3954,0.6046,0.3609
2024-08-05,Dindigul,3920,1552,2368,0.3959,0.6041,0.3621
2024-08-12,Dindigul,3902,1543,2359,0.3954,0.6046,0.3637
2024-08-19,Dindigul,3857,1520,2337,0.3941,0.6059,0.3658
2024-08-26,Dindigul,3780,1481,2299,0.3918,0.6082,0.3682
2024-09-02,Dindigul,3775,1468,2307,0.3889,0.6111,0.371
2024-09-09,Dindigul,3755,1447,2308,0.3854,0.6146,0.3739
2024-09-16,Dindigul,3772,1439,2333,0.3815,0.6185,0.3771
2024-09-23,Dindigul,3753,1417,2336,0.3776,0.6224,0.3803
2024-09-30,Dindigul,3802,1421,2381,0.3738,0.6262,0.3835
2024-10-07,Dindigul,3823,1415,2408,0.3701,0.6299,0.3866
2024-10-14,Dindigul,3852,1414,2438,0.3671,0.6329,0.3895
2024-10-21,Dindigul,3865,1410,2455,0.3648,0.6352,0.3922
2024-10-28,Dindigul,3906,1419,2487,0.3633,0.6367,0.3946
2024-11-04,Dindigul,3881,1408,2473,0.3628,0.6372,0.3966
2024-11-11,Dindigul,3868,1405,2463,0.3632,0.6368,0.3982
2024-11-18,Dindigul,3831,1397,2434,0.3647,0.6353,0.3993
2024-11-25,Dindigul,3798,1393,2405,0.3668,0.6332,0.3999
2024-12-02,Dindigul,3808,1408,2400,0.3697,0.6303,0.4
2024-12-09,Dindigul,3789,1414,2375,0.3732,0.6268,0.3995
2024-12-16,Dindigul,3750,1414,2336,0.3771,0.6229,0.3986
2024-12-23,Dindigul,3754,1431,2323,0.3812,0.6188,0.3972
2024-12-30,Dindigul,3803,1464,2339,0.385,0.615,0.3953
2025-01-06,Dindigul,3846,1494,2352,0.3885,0.6115,0.3931
2025-01-13,Dindigul,3885,1521,2364,0.3915,0.6085,0.3905
2025-01-20,Dindigul,3913,1541,2372,0.3938,0.6062,0.3876
2025-01-27,Dindigul,3954,1563,2391,0.3953,0.6047,0.3845
2025-02-03,Dindigul,3930,1556,2374,0.3959,0.6041,0.3813
2025-02-10,Dindigul,3933,1555,2378,0.3954,0.6046,0.3781
2025-02-17,Dindigul,3901,1537,2364,0.394,0.606,0.3749
2025-02-24,Dindigul,3909,1532,2377,0.3919,0.6081,0.3719
2025-03-03,Dindigul,3878,1508,2370,0.3889,0.6111,0.3691
2025-03-10,Dindigul,3854,1485,2369,0.3853,0.6147,0.3665
2025-03-17,Dindigul,3848,1468,2380,0.3815,0.6185,0.3643
2025-03-24,Dindigul,3876,1463,2413,0.3775,0.6225,0.3625
2025-03-31,Dindigul,3900,1457,2443,0.3736,0.6264,0.3612
2025-04-07,Dindigul,3896,1442,2454,0.3701,0.6299,0.3604
2025-04-14,Dindigul,3937,1445,2492,0.367,0.633,0.36
2025-04-21,Dindigul,3935,1435,2500,0.3647,0.6353,0.3602
2025-04-28,Dindigul,3922,1425,2497,0.3633,0.6367,0.3609
2025-05-05,Dindigul,3912,1419,2493,0.3627,0.6373,0.3621
2025-05-12,Dindigul,3857,1401,2456,0.3632,0.6368,0.3637
2025-05-19,Dindigul,3823,1394,2429,0.3646,0.6354,0.3658
2025-05-26,Dindigul,3826,1403,2423,0.3667,0.6333,0.3682
2025-06-02,Dindigul,3782,1398,2384,0.3696,0.6304,0.371
2025-06-09,Dindigul,3772,1408,2364,0.3733,0.6267,0.3739
2025-06-16,Dindigul,3795,1431,2364,0.3771,0.6229,0.3771
2025-06-23,Dindigul,3795,1446,2349,0.381,0.619,0.3803
2024-01-01,Cuddalore,3810,1486,2324,0.39,0.61,0.3869
2024-01-08,Cuddalore,3835,1506,2329,0.3927,0.6073,0.3898
2024-01-15,Cuddalore,3894,1537,2357,0.3947,0.6053,0.3925
2024-01-22,Cuddalore,3862,1528,2334,0.3956,0.6044,0.3948
2024-01-29,Cuddalore,3827,1515,2312,0.3959,0.6041,0.3968
2024-02-05,Cuddalore,3847,1519,2328,0.3949,0.6051,0.3983
2024-02-12,Cuddalore,3812,1499,2313,0.3932,0.6068,0.3994
2024-02-19,Cuddalore,3804,1486,2318,0.3906,0.6094,0.3999
2024-02-26,Cuddalore,3831,1484,2347,0.3874,0.6126,0.4
2024-03-04,Cuddalore,3793,1455,2338,0.3836,0.6164,0.3995
2024-03-11,Cuddalore,3835,1456,2379,0.3797,0.6203,0.3985
2024-03-18,Cuddalore,3800,1428,2372,0.3758,0.6242,0.397
2024-03-25,Cuddalore,3820,1421,2399,0.372,0.628,0.3951
2024-04-01,Cuddalore,3827,1411,2416,0.3687,0.6313,0.3928
2024-04-08,Cuddalore,3843,1406,2437,0.3659,0.6341,0.3902
2024-04-15,Cuddalore,3831,1394,2437,0.3639,0.6361,0.3873
2024-04-22,Cuddalore,3860,1401,2459,0.363,0.637,0.3842
2024-04-29,Cuddalore,3823,1387,2436,0.3628,0.6372,0.3811
2024-05-06,Cuddalore,3808,1385,2423,0.3637,0.6363,0.3778
2024-05-13,Cuddalore,3773,1379,2394,0.3655,0.6345,0.3747
2024-05-20,Cuddalore,3774,1389,2385,0.368,0.632,0.3717
2024-05-27,Cuddalore,3728,1384,2344,0.3712,0.6288,0.3688
2024-06-03,Cuddalore,3723,1396,2327,0.375,0.625,0.3663
2024-06-10,Cuddalore,3705,1404,2301,0.3789,0.6211,0.3642
2024-06-17,Cuddalore,3737,1431,2306,0.3829,0.6171,0.3624
2024-06-24,Cuddalore,3752,1451,2301,0.3867,0.6133,0.3611
2024-07-01,Cuddalore,3824,1491,2333,0.3899,0.6101,0.3603
2024-07-08,Cuddalore,3851,1512,2339,0.3926,0.6074,0.36
2024-07-15,Cuddalore,3877,1530,2347,0.3946,0.6054,0.3602
2024-07-22,Cuddalore,3955,1565,2390,0.3957,0.6043,0.361
2024-07-29,Cuddalore,3977,1574,2403,0.3958,0.6042,0.3622
2024-08-05,Cuddalore,3971,1568,2403,0.3949,0.6051,0.3639
2024-08-12,Cuddalore,3945,1551,2394,0.3932,0.6068,0.366
2024-08-19,Cuddalore,3922,1532,2390,0.3906,0.6094,0.3684
2024-08-26,Cuddalore,3887,1506,2381,0.3874,0.6126,0.3712
2024-09-02,Cuddalore,3850,1477,2373,0.3836,0.6164,0.3742
2024-09-09,Cuddalore,3832,1455,2377,0.3797,0.6203,0.3773
2024-09-16,Cuddalore,3808,1431,2377,0.3758,0.6242,0.3806
2024-09-23,Cuddalore,3820,1421,2399,0.372,0.628,0.3838
2024-09-30,Cuddalore,3829,1412,2417,0.3688,0.6312,0.3869
2024-10-07,Cuddalore,3851,1409,2442,0.3659,0.6341,0.3898
2024-10-14,Cuddalore,3866,1407,2459,0.3639,0.6361,0.3925
2024-10-21,Cuddalore,3885,1410,2475,0.3629,0.6371,0.3948
2024-10-28,Cuddalore,3895,1413,2482,0.3628,0.6372,0.3968
2024-11-04,Cuddalore,3872,1408,2464,0.3636,0.6364,0.3983
2024-11-11,Cuddalore,3856,1409,2447,0.3654,0.6346,0.3994
2024-11-18,Cuddalore,3804,1400,2404,0.368,0.632,0.3999
2024-11-25,Cuddalore,3734,1386,2348,0.3712,0.6288,0.4
2024-12-02,Cuddalore,3717,1394,2323,0.375,0.625,0.3995
2024-12-09,Cuddalore,3707,1405,2302,0.379,0.621,0.3985
2024-12-16,Cuddalore,3724,1426,2298,0.3829,0.6171,0.397
2024-12-23,Cuddalore,3750,1450,2300,0.3867,0.6133,0.3951
2024-12-30,Cuddalore,3762,1467,2295,0.39,0.61,0.3928
2025-01-06,Cuddalore,3805,1494,2311,0.3926,0.6074,0.3902
2025-01-13,Cuddalore,3870,1527,2343,0.3946,0.6054,0.3873
2025-01-20,Cuddalore,3881,1536,2345,0.3958,0.6042,0.3842
2025-01-27,Cuddalore,3906,1546,2360,0.3958,0.6042,0.3811
2025-02-03,Cuddalore,3902,1541,2361,0.3949,0.6051,0.3778
2025-02-10,Cuddalore,3894,1531,2363,0.3932,0.6068,0.3747
2025-02-17,Cuddalore,3912,1528,2384,0.3906,0.6094,0.3717
2025-02-24,Cuddalore,3906,1513,2393,0.3874,0.6126,0.3688
2025-03-03,Cuddalore,3889,1492,2397,0.3836,0.6164,0.3663
2025-03-10,Cuddalore,3855,1464,2391,0.3798,0.6202,0.3642
2025-03-17,Cuddalore,3833,1440,2393,0.3757,0.6243,0.3624
2025-03-24,Cuddalore,3860,1436,2424,0.372,0.628,0.3611
2025-03-31,Cuddalore,3885,1432,2453,0.3686,0.6314,0.3603
2025-04-07,Cuddalore,3899,1427,2472,0.366,0.634,0.36
2025-04-14,Cuddalore,3901,1420,2481,0.364,0.636,0.3602
2025-04-21,Cuddalore,3913,1420,2493,0.3629,0.6371,0.361
2025-04-28,Cuddalore,3933,1427,2506,0.3628,0.6372,0.3622
2025-05-05,Cuddalore,3929,1429,2500,0.3637,0.6363,0.3639
2025-05-12,Cuddalore,3921,1433,2488,0.3655,0.6345,0.366
2025-05-19,Cuddalore,3883,1429,2454,0.368,0.632,0.3684
2025-05-26,Cuddalore,3867,1436,2431,0.3713,0.6287,0.3712
2025-06-02,Cuddalore,3836,1438,2398,0.3749,0.6251,0.3742
2025-06-09,Cuddalore,3803,1441,2362,0.3789,0.6211,0.3773
2025-06-16,Cuddalore,3805,1457,2348,0.3829,0.6171,0.3806
2025-06-23,Cuddalore,3827,1480,2347,0.3867,0.6133,0.3838
2024-01-01,Kanchipuram,4115,1620,2495,0.3937,0.6063,0.39
2024-01-08,Kanchipuram,4122,1629,2493,0.3952,0.6048,0.3927
2024-01-15,Kanchipuram,4139,1638,2501,0.3957,0.6043,0.395
2024-01-22,Kanchipuram,4192,1658,2534,0.3955,0.6045,0.3969
2024-01-29,Kanchipuram,4201,1656,2545,0.3942,0.6058,0.3984
2024-02-05,Kanchipuram,4211,1651,2560,0.3921,0.6079,0.3994
2024-02-12,Kanchipuram,4190,1631,2559,0.3893,0.6107,0.3999
2024-02-19,Kanchipuram,4186,1615,2571,0.3858,0.6142,0.3999
2024-02-26,Kanchipuram,4156,1587,2569,0.3819,0.6181,0.3994
2024-03-04,Kanchipuram,4112,1554,2558,0.3779,0.6221,0.3984
2024-03-11,Kanchipuram,4064,1520,2544,0.374,0.626,0.3969
2024-03-18,Kanchipuram,4047,1499,2548,0.3704,0.6296,0.395
2024-03-25,Kanchipuram,4038,1483,2555,0.3673,0.6327,0.3926
2024-04-01,Kanchipuram,4034,1472,2562,0.3649,0.6351,0.39
2024-04-08,Kanchipuram,4042,1469,2573,0.3634,0.6366,0.3871
2024-04-15,Kanchipuram,4044,1467,2577,0.3628,0.6372,0.384
2024-04-22,Kanchipuram,4029,1463,2566,0.3631,0.6369,0.3808
2024-04-29,Kanchipuram,4004,1459,2545,0.3644,0.6356,0.3776
2024-05-06,Kanchipuram,4028,1476,2552,0.3664,0.6336,0.3744
2024-05-13,Kanchipuram,4033,1490,2543,0.3695,0.6305,0.3714
2024-05-20,Kanchipuram,4007,1494,2513,0.3728,0.6272,0.3686
2024-05-27,Kanchipuram,4014,1512,2502,0.3767,0.6233,0.3661
2024-06-03,Kanchipuram,3995,1521,2474,0.3807,0.6193,0.364
2024-06-10,Kanchipuram,3989,1534,2455,0.3846,0.6154,0.3623
2024-06-17,Kanchipuram,3992,1550,2442,0.3883,0.6117,0.361
2024-06-24,Kanchipuram,4074,1594,2480,0.3913,0.6087,0.3603
2024-07-01,Kanchipuram,4111,1618,2493,0.3936,0.6064,0.36
2024-07-08,Kanchipuram,4155,1642,2513,0.3952,0.6048,0.3603
2024-07-15,Kanchipuram,4185,1657,2528,0.3959,0.6041,0.361
2024-07-22,Kanchipuram,4219,1669,2550,0.3956,0.6044,0.3623
2024-07-29,Kanchipuram,4216,1662,2554,0.3942,0.6058,0.364
2024-08-05,Kanchipuram,4211,1651,2560,0.3921,0.6079,0.3662
2024-08-12,Kanchipuram,4185,1629,2556,0.3892,0.6108,0.3687
2024-08-19,Kanchipuram,4181,1613,2568,0.3858,0.6142,0.3715
2024-08-26,Kanchipuram,4168,1592,2576,0.382,0.618,0.3745
2024-09-02,Kanchipuram,4156,1571,2585,0.378,0.622,0.3776
2024-09-09,Kanchipuram,4126,1543,2583,0.374,0.626,0.3808
2024-09-16,Kanchipuram,4107,1521,2586,0.3703,0.6297,0.384
2024-09-23,Kanchipuram,4111,1510,2601,0.3673,0.6327,0.3871
2024-09-30,Kanchipuram,4154,1516,2638,0.3649,0.6351,0.39
2024-10-07,Kanchipuram,4153,1509,2644,0.3634,0.6366,0.3927
2024-10-14,Kanchipuram,4157,1508,2649,0.3628,0.6372,0.395
2024-10-21,Kanchipuram,4176,1516,2660,0.363,0.637,0.3969
2024-10-28,Kanchipuram,4186,1525,2661,0.3643,0.6357,0.3984
2024-11-04,Kanchipuram,4183,1533,2650,0.3665,0.6335,0.3994
2024-11-11,Kanchipuram,4099,1514,2585,0.3694,0.6306,0.3999
2024-11-18,Kanchipuram,4063,1515,2548,0.3729,0.6271,0.3999
2024-11-25,Kanchipuram,4017,1513,2504,0.3766,0.6234,0.3994
2024-12-02,Kanchipuram,3994,1520,2474,0.3806,0.6194,0.3984
2024-12-09,Kanchipuram,3986,1533,2453,0.3846,0.6154,0.3969
2024-12-16,Kanchipuram,4015,1559,2456,0.3883,0.6117,0.395
2024-12-23,Kanchipuram,4074,1594,2480,0.3913,0.6087,0.3926
2024-12-30,Kanchipuram,4156,1636,2520,0.3936,0.6064,0.39
2025-01-06,Kanchipuram,4212,1665,2547,0.3953,0.6047,0.3871
2025-01-13,Kanchipuram,4219,1670,2549,0.3958,0.6042,0.384
2025-01-20,Kanchipuram,4229,1673,2556,0.3956,0.6044,0.3808
2025-01-27,Kanchipuram,4241,1672,2569,0.3942,0.6058,0.3776
2025-02-03,Kanchipuram,4257,1669,2588,0.3921,0.6079,0.3744
2025-02-10,Kanchipuram,4242,1651,2591,0.3892,0.6108,0.3714
2025-02-17,Kanchipuram,4210,1624,2586,0.3857,0.6143,0.3686
2025-02-24,Kanchipuram,4194,1602,2592,0.382,0.618,0.3661
2025-03-03,Kanchipuram,4173,1577,2596,0.3779,0.6221,0.364
2025-03-10,Kanchipuram,4168,1559,2609,0.374,0.626,0.3623
2025-03-17,Kanchipuram,4161,1541,2620,0.3703,0.6297,0.361
2025-03-24,Kanchipuram,4176,1534,2642,0.3673,0.6327,0.3603
2025-03-31,Kanchipuram,4230,1544,2686,0.365,0.635,0.36
2025-04-07,Kanchipuram,4248,1544,2704,0.3635,0.6365,0.3603
2025-04-14,Kanchipuram,4286,1555,2731,0.3628,0.6372,0.361
2025-04-21,Kanchipuram,4301,1562,2739,0.3632,0.6368,0.3623
2025-04-28,Kanchipuram,4270,1556,2714,0.3644,0.6356,0.364
2025-05-05,Kanchipuram,4250,1558,2692,0.3666,0.6334,0.3662
2025-05-12,Kanchipuram,4210,1555,2655,0.3694,0.6306,0.3687
2025-05-19,Kanchipuram,4179,1558,2621,0.3728,0.6272,0.3715
2025-05-26,Kanchipuram,4156,1566,2590,0.3768,0.6232,0.3745
2025-06-02,Kanchipuram,4118,1568,2550,0.3808,0.6192,0.3776
2025-06-09,Kanchipuram,4102,1578,2524,0.3847,0.6153,0.3808
2025-06-16,Kanchipuram,4124,1601,2523,0.3882,0.6118,0.384
2025-06-23,Kanchipuram,4164,1629,2535,0.3912,0.6088,0.3871
2024-01-01,Karur,3622,1433,2189,0.3956,0.6044,0.3929
2024-01-08,Karur,3636,1439,2197,0.3958,0.6042,0.3952
2024-01-15,Karur,3663,1447,2216,0.395,0.605,0.3971
2024-01-22,Karur,3664,1441,2223,0.3933,0.6067,0.3985
2024-01-29,Karur,3666,1433,2233,0.3909,0.6091,0.3995
2024-02-05,Karur,3632,1408,2224,0.3877,0.6123,0.4
2024-02-12,Karur,3646,1400,2246,0.384,0.616,0.3999
2024-02-19,Karur,3630,1380,2250,0.3802,0.6198,0.3993
2024-02-26,Karur,3632,1366,2266,0.3761,0.6239,0.3983
2024-03-04,Karur,3601,1341,2260,0.3724,0.6276,0.3967
2024-03-11,Karur,3605,1330,2275,0.3689,0.6311,0.3948
2024-03-18,Karur,3634,1331,2303,0.3663,0.6337,0.3924
2024-03-25,Karur,3666,1335,2331,0.3642,0.6358,0.3897
2024-04-01,Karur,3669,1332,2337,0.363,0.637,0.3868
2024-04-08,Karur,3680,1335,2345,0.3628,0.6372,0.3837
2024-04-15,Karur,3666,1333,2333,0.3636,0.6364,0.3805
2024-04-22,Karur,3645,1331,2314,0.3652,0.6348,0.3773
2024-04-29,Karur,3603,1325,2278,0.3677,0.6323,0.3741
2024-05-06,Karur,3588,1331,2257,0.371,0.629,0.3712
2024-05-13,Karur,3550,1330,2220,0.3746,0.6254,0.3684
2024-05-20,Karur,3520,1332,2188,0.3784,0.6216,0.3659
2024-05-27,Karur,3527,1349,2178,0.3825,0.6175,0.3638
2024-06-03,Karur,3523,1361,2162,0.3863,0.6137,0.3622
2024-06-10,Karur,3552,1384,2168,0.3896,0.6104,0.3609
2024-06-17,Karur,3550,1393,2157,0.3924,0.6076,0.3602
2024-06-24,Karur,3597,1419,2178,0.3945,0.6055,0.36
2024-07-01,Karur,3658,1447,2211,0.3956,0.6044,0.3603
2024-07-08,Karur,3700,1465,2235,0.3959,0.6041,0.3611
2024-07-15,Karur,3721,1470,2251,0.3951,0.6049,0.3624
2024-07-22,Karur,3735,1469,2266,0.3933,0.6067,0.3642
2024-07-29,Karur,3694,1444,2250,0.3909,0.6091,0.3664
2024-08-05,Karur,3673,1424,2249,0.3877,0.6123,0.3689
2024-08-12,Karur,3704,1423,2281,0.3842,0.6158,0.3717
2024-08-19,Karur,3643,1385,2258,0.3802,0.6198,0.3747
2024-08-26,Karur,3644,1371,2273,0.3762,0.6238,0.3779
2024-09-02,Karur,3665,1365,2300,0.3724,0.6276,0.3811
2024-09-09,Karur,3648,1346,2302,0.369,0.631,0.3843
2024-09-16,Karur,3662,1341,2321,0.3662,0.6338,0.3874
2024-09-23,Karur,3690,1344,2346,0.3642,0.6358,0.3903
2024-09-30,Karur,3681,1336,2345,0.3629,0.6371,0.3929
2024-10-07,Karur,3718,1349,2369,0.3628,0.6372,0.3952
2024-10-14,Karur,3730,1356,2374,0.3635,0.6365,0.3971
2024-10-21,Karur,3682,1345,2337,0.3653,0.6347,0.3985
2024-10-28,Karur,3686,1355,2331,0.3676,0.6324,0.3995
2024-11-04,Karur,3661,1358,2303,0.3709,0.6291,0.4
2024-11-11,Karur,3636,1362,2274,0.3746,0.6254,0.3999
2024-11-18,Karur,3614,1368,2246,0.3785,0.6215,0.3993
2024-11-25,Karur,3591,1373,2218,0.3823,0.6177,0.3983
2024-12-02,Karur,3629,1402,2227,0.3863,0.6137,0.3967
2024-12-09,Karur,3621,1411,2210,0.3897,0.6103,0.3948
2024-12-16,Karur,3648,1432,2216,0.3925,0.6075,0.3924
2024-12-23,Karur,3709,1463,2246,0.3944,0.6056,0.3897
2024-12-30,Karur,3749,1483,2266,0.3956,0.6044,0.3868
2025-01-06,Karur,3794,1502,2292,0.3959,0.6041,0.3837
2025-01-13,Karur,3773,1491,2282,0.3952,0.6048,0.3805
2025-01-20,Karur,3759,1479,2280,0.3935,0.6065,0.3773
2025-01-27,Karur,3783,1479,2304,0.391,0.609,0.3741
2025-02-03,Karur,3768,1461,2307,0.3877,0.6123,0.3712
2025-02-10,Karur,3742,1437,2305,0.384,0.616,0.3684
2025-02-17,Karur,3722,1415,2307,0.3802,0.6198,0.3659
2025-02-24,Karur,3666,1379,2287,0.3762,0.6238,0.3638
2025-03-03,Karur,3677,1369,2308,0.3723,0.6277,0.3622
2025-03-10,Karur,3684,1359,2325,0.3689,0.6311,0.3609
2025-03-17,Karur,3719,1362,2357,0.3662,0.6338,0.3602
2025-03-24,Karur,3719,1354,2365,0.3641,0.6359,0.36
2025-03-31,Karur,3727,1353,2374,0.363,0.637,0.3603
2025-04-07,Karur,3725,1351,2374,0.3627,0.6373,0.3611
2025-04-14,Karur,3732,1357,2375,0.3636,0.6364,0.3624
2025-04-21,Karur,3740,1366,2374,0.3652,0.6348,0.3642
2025-04-28,Karur,3739,1375,2364,0.3677,0.6323,0.3664
2025-05-05,Karur,3720,1380,2340,0.371,0.629,0.3689
2025-05-12,Karur,3657,1370,2287,0.3746,0.6254,0.3717
2025-05-19,Karur,3659,1385,2274,0.3785,0.6215,0.3747
2025-05-26,Karur,3648,1395,2253,0.3824,0.6176,0.3779
2025-06-02,Karur,3642,1407,2235,0.3863,0.6137,0.3811
2025-06-09,Karur,3647,1421,2226,0.3896,0.6104,0.3843
2025-06-16,Karur,3679,1444,2235,0.3925,0.6075,0.3874
2025-06-23,Karur,3701,1460,2241,0.3945,0.6055,0.3903
2024-01-01,Namakkal,3687,1459,2228,0.3957,0.6043,0.3954
2024-01-08,Namakkal,3699,1459,2240,0.3944,0.6056,0.3972
2024-01-15,Namakkal,3724,1461,2263,0.3923,0.6077,0.3986
2024-01-22,Namakkal,3750,1461,2289,0.3896,0.6104,0.3996
2024-01-29,Namakkal,3735,1442,2293,0.3861,0.6139,0.4
2024-02-05,Namakkal,3720,1422,2298,0.3823,0.6177,0.3999
2024-02-12,Namakkal,3712,1404,2308,0.3782,0.6218,0.3993
2024-02-19,Namakkal,3653,1368,2285,0.3745,0.6255,0.3982
2024-02-26,Namakkal,3625,1344,2281,0.3708,0.6292,0.3966
2024-03-04,Namakkal,3623,1332,2291,0.3677,0.6323,0.3946
2024-03-11,Namakkal,3639,1329,2310,0.3652,0.6348,0.3922
2024-03-18,Namakkal,3662,1331,2331,0.3635,0.6365,0.3895
2024-03-25,Namakkal,3671,1332,2339,0.3628,0.6372,0.3865
2024-04-01,Namakkal,3678,1335,2343,0.363,0.637,0.3834
2024-04-08,Namakkal,3721,1355,2366,0.3641,0.6359,0.3802
2024-04-15,Namakkal,3702,1356,2346,0.3663,0.6337,0.377
2024-04-22,Namakkal,3709,1369,2340,0.3691,0.6309,0.3739
2024-04-29,Namakkal,3681,1371,2310,0.3725,0.6275,0.3709
2024-05-06,Namakkal,3668,1380,2288,0.3762,0.6238,0.3682
2024-05-13,Namakkal,3632,1381,2251,0.3802,0.6198,0.3657
2024-05-20,Namakkal,3659,1406,2253,0.3843,0.6157,0.3637
2024-05-27,Namakkal,3620,1404,2216,0.3878,0.6122,0.362
2024-06-03,Namakkal,3639,1423,2216,0.391,0.609,0.3609
2024-06-10,Namakkal,3668,1443,2225,0.3934,0.6066,0.3602
2024-06-17,Namakkal,3692,1459,2233,0.3952,0.6048,0.36
2024-06-24,Namakkal,3731,1477,2254,0.3959,0.6041,0.3604
2024-07-01,Namakkal,3769,1491,2278,0.3956,0.6044,0.3612
2024-07-08,Namakkal,3795,1497,2298,0.3945,0.6055,0.3626
2024-07-15,Namakkal,3790,1487,2303,0.3923,0.6077,0.3644
2024-07-22,Namakkal,3789,1476,2313,0.3895,0.6105,0.3666
2024-07-29,Namakkal,3777,1458,2319,0.386,0.614,0.3691
2024-08-05,Namakkal,3801,1453,2348,0.3823,0.6177,0.372
2024-08-12,Namakkal,3814,1443,2371,0.3783,0.6217,0.375
2024-08-19,Namakkal,3774,1413,2361,0.3744,0.6256,0.3782
2024-08-26,Namakkal,3759,1394,2365,0.3708,0.6292,0.3814
2024-09-02,Namakkal,3742,1376,2366,0.3677,0.6323,0.3846
2024-09-09,Namakkal,3762,1374,2388,0.3652,0.6348,0.3876
2024-09-16,Namakkal,3772,1371,2401,0.3635,0.6365,0.3905
2024-09-23,Namakkal,3794,1376,2418,0.3627,0.6373,0.3931
2024-09-30,Namakkal,3804,1381,2423,0.363,0.637,0.3954
2024-10-07,Namakkal,3794,1382,2412,0.3643,0.6357,0.3972
2024-10-14,Namakkal,3814,1397,2417,0.3663,0.6337,0.3986
2024-10-21,Namakkal,3782,1396,2386,0.3691,0.6309,0.3996
2024-10-28,Namakkal,3761,1401,2360,0.3725,0.6275,0.4
2024-11-04,Namakkal,3753,1412,2341,0.3762,0.6238,0.3999
2024-11-11,Namakkal,3715,1413,2302,0.3803,0.6197,0.3993
2024-11-18,Namakkal,3706,1424,2282,0.3842,0.6158,0.3982
2024-11-25,Namakkal,3706,1437,2269,0.3877,0.6123,0.3966
2024-12-02,Namakkal,3706,1449,2257,0.391,0.609,0.3946
2024-12-09,Namakkal,3731,1468,2263,0.3935,0.6065,0.3922
2024-12-16,Namakkal,3724,1471,2253,0.395,0.605,0.3895
2024-12-23,Namakkal,3749,1484,2265,0.3958,0.6042,0.3865
2024-12-30,Namakkal,3795,1501,2294,0.3955,0.6045,0.3834
2025-01-06,Namakkal,3834,1512,2322,0.3944,0.6056,0.3802
2025-01-13,Namakkal,3855,1513,2342,0.3925,0.6075,0.377
2025-01-20,Namakkal,3855,1502,2353,0.3896,0.6104,0.3739
2025-01-27,Namakkal,3841,1483,2358,0.3861,0.6139,0.3709
2025-02-03,Namakkal,3866,1478,2388,0.3823,0.6177,0.3682
2025-02-10,Namakkal,3809,1441,2368,0.3783,0.6217,0.3657
2025-02-17,Namakkal,3780,1415,2365,0.3743,0.6257,0.3637
2025-02-24,Namakkal,3743,1388,2355,0.3708,0.6292,0.362
2025-03-03,Namakkal,3735,1373,2362,0.3676,0.6324,0.3609
2025-03-10,Namakkal,3768,1376,2392,0.3652,0.6348,0.3602
2025-03-17,Namakkal,3774,1372,2402,0.3635,0.6365,0.36
2025-03-24,Namakkal,3798,1378,2420,0.3628,0.6372,0.3604
2025-03-31,Namakkal,3808,1382,2426,0.3629,0.6371,0.3612
2025-04-07,Namakkal,3781,1377,2404,0.3642,0.6358,0.3626
2025-04-14,Namakkal,3768,1380,2388,0.3662,0.6338,0.3644
2025-04-21,Namakkal,3771,1392,2379,0.3691,0.6309,0.3666
2025-04-28,Namakkal,3750,1397,2353,0.3725,0.6275,0.3691
2025-05-05,Namakkal,3753,1412,2341,0.3762,0.6238,0.372
2025-05-12,Namakkal,3724,1416,2308,0.3802,0.6198,0.375
2025-05-19,Namakkal,3699,1421,2278,0.3842,0.6158,0.3782
2025-05-26,Namakkal,3682,1428,2254,0.3878,0.6122,0.3814
2025-06-02,Namakkal,3693,1444,2249,0.391,0.609,0.3846
2025-06-09,Namakkal,3739,1471,2268,0.3934,0.6066,0.3876
2025-06-16,Namakkal,3746,1480,2266,0.3951,0.6049,0.3905
2025-06-23,Namakkal,3782,1497,2285,0.3958,0.6042,0.3931
2024-01-01,Nagapattinam,3534,1391,2143,0.3936,0.6064,0.3973
2024-01-08,Nagapattinam,3573,1398,2175,0.3913,0.6087,0.3987
2024-01-15,Nagapattinam,3598,1396,2202,0.388,0.612,0.3996
2024-01-22,Nagapattinam,3608,1387,2221,0.3844,0.6156,0.4
2024-01-29,Nagapattinam,3595,1368,2227,0.3805,0.6195,0.3998
2024-02-05,Nagapattinam,3555,1339,2216,0.3767,0.6233,0.3992
2024-02-12,Nagapattinam,3523,1313,2210,0.3727,0.6273,0.398
2024-02-19,Nagapattinam,3547,1310,2237,0.3693,0.6307,0.3964
2024-02-26,Nagapattinam,3550,1301,2249,0.3665,0.6335,0.3944
2024-03-04,Nagapattinam,3536,1288,2248,0.3643,0.6357,0.392
2024-03-11,Nagapattinam,3520,1278,2242,0.3631,0.6369,0.3892
2024-03-18,Nagapattinam,3534,1282,2252,0.3628,0.6372,0.3863
2024-03-25,Nagapattinam,3565,1296,2269,0.3635,0.6365,0.3832
2024-04-01,Nagapattinam,3581,1307,2274,0.365,0.635,0.3799
2024-04-08,Nagapattinam,3576,1314,2262,0.3674,0.6326,0.3767
2024-04-15,Nagapattinam,3564,1321,2243,0.3707,0.6293,0.3736
2024-04-22,Nagapattinam,3550,1328,2222,0.3741,0.6259,0.3707
2024-04-29,Nagapattinam,3550,1342,2208,0.378,0.622,0.3679
2024-05-06,Nagapattinam,3509,1341,2168,0.3822,0.6178,0.3655
2024-05-13,Nagapattinam,3508,1354,2154,0.386,0.614,0.3635
2024-05-20,Nagapattinam,3499,1362,2137,0.3893,0.6107,0.3619
2024-05-27,Nagapattinam,3514,1378,2136,0.3921,0.6079,0.3608
2024-06-03,Nagapattinam,3564,1405,2159,0.3942,0.6058,0.3601
2024-06-10,Nagapattinam,3567,1411,2156,0.3956,0.6044,0.36
2024-06-17,Nagapattinam,3605,1427,2178,0.3958,0.6042,0.3604
2024-06-24,Nagapattinam,3586,1417,2169,0.3951,0.6049,0.3613
2024-07-01,Nagapattinam,3605,1419,2186,0.3936,0.6064,0.3627
2024-07-08,Nagapattinam,3612,1413,2199,0.3912,0.6088,0.3645
2024-07-15,Nagapattinam,3613,1402,2211,0.388,0.612,0.3668
2024-07-22,Nagapattinam,3631,1396,2235,0.3845,0.6155,0.3694
2024-07-29,Nagapattinam,3629,1381,2248,0.3805,0.6195,0.3722
2024-08-05,Nagapattinam,3586,1350,2236,0.3765,0.6235,0.3753
2024-08-12,Nagapattinam,3589,1338,2251,0.3728,0.6272,0.3784
2024-08-19,Nagapattinam,3596,1328,2268,0.3693,0.6307,0.3817
2024-08-26,Nagapattinam,3584,1313,2271,0.3664,0.6336,0.3848
2024-09-02,Nagapattinam,3596,1310,2286,0.3643,0.6357,0.3879
2024-09-09,Nagapattinam,3628,1317,2311,0.363,0.637,0.3907
2024-09-16,Nagapattinam,3641,1321,2320,0.3628,0.6372,0.3933
2024-09-23,Nagapattinam,3655,1328,2327,0.3633,0.6367,0.3955
2024-09-30,Nagapattinam,3627,1324,2303,0.365,0.635,0.3973
2024-10-07,Nagapattinam,3637,1336,2301,0.3673,0.6327,0.3987
2024-10-14,Nagapattinam,3611,1338,2273,0.3705,0.6295,0.3996
2024-10-21,Nagapattinam,3559,1332,2227,0.3743,0.6257,0.4
2024-10-28,Nagapattinam,3524,1332,2192,0.378,0.622,0.3998
2024-11-04,Nagapattinam,3536,1351,2185,0.3821,0.6179,0.3992
2024-11-11,Nagapattinam,3518,1358,2160,0.386,0.614,0.398
2024-11-18,Nagapattinam,3513,1368,2145,0.3894,0.6106,0.3964
2024-11-25,Nagapattinam,3547,1391,2156,0.3922,0.6078,0.3944
2024-12-02,Nagapattinam,3531,1392,2139,0.3942,0.6058,0.392
2024-12-09,Nagapattinam,3577,1415,2162,0.3956,0.6044,0.3892
2024-12-16,Nagapattinam,3588,1420,2168,0.3958,0.6042,0.3863
2024-12-23,Nagapattinam,3641,1439,2202,0.3952,0.6048,0.3832
2024-12-30,Nagapattinam,3658,1440,2218,0.3937,0.6063,0.3799
2025-01-06,Nagapattinam,3663,1433,2230,0.3912,0.6088,0.3767
2025-01-13,Nagapattinam,3680,1428,2252,0.388,0.612,0.3736
2025-01-20,Nagapattinam,3692,1419,2273,0.3843,0.6157,0.3707
2025-01-27,Nagapattinam,3678,1400,2278,0.3806,0.6194,0.3679
2025-02-03,Nagapattinam,3630,1367,2263,0.3766,0.6234,0.3655
2025-02-10,Nagapattinam,3627,1352,2275,0.3728,0.6272,0.3635
2025-02-17,Nagapattinam,3609,1333,2276,0.3694,0.6306,0.3619
2025-02-24,Nagapattinam,3630,1330,2300,0.3664,0.6336,0.3608
2025-03-03,Nagapattinam,3623,1320,2303,0.3643,0.6357,0.3601
2025-03-10,Nagapattinam,3622,1315,2307,0.3631,0.6369,0.36
2025-03-17,Nagapattinam,3644,1322,2322,0.3628,0.6372,0.3604
2025-03-24,Nagapattinam,3623,1317,2306,0.3635,0.6365,0.3613
2025-03-31,Nagapattinam,3659,1336,2323,0.3651,0.6349,0.3627
2025-04-07,Nagapattinam,3669,1348,2321,0.3674,0.6326,0.3645
2025-04-14,Nagapattinam,3664,1358,2306,0.3706,0.6294,0.3668
2025-04-21,Nagapattinam,3595,1345,2250,0.3741,0.6259,0.3694
2025-04-28,Nagapattinam,3570,1350,2220,0.3782,0.6218,0.3722
2025-05-05,Nagapattinam,3525,1347,2178,0.3821,0.6179,0.3753
2025-05-12,Nagapattinam,3529,1362,2167,0.3859,0.6141,0.3784
2025-05-19,Nagapattinam,3552,1383,2169,0.3894,0.6106,0.3817
2025-05-26,Nagapattinam,3552,1393,2159,0.3922,0.6078,0.3848
2025-06-02,Nagapattinam,3574,1409,2165,0.3942,0.6058,0.3879
2025-06-09,Nagapattinam,3620,1432,2188,0.3956,0.6044,0.3907
2025-06-16,Nagapattinam,3658,1448,2210,0.3958,0.6042,0.3933
2025-06-23,Nagapattinam,3710,1466,2244,0.3951,0.6049,0.3955
2024-01-01,Sivaganga,3490,1361,2129,0.39,0.61,0.3988
2024-01-08,Sivaganga,3459,1337,2122,0.3865,0.6135,0.3997
2024-01-15,Sivaganga,3444,1318,2126,0.3827,0.6173,0.4
2024-01-22,Sivaganga,3459,1310,2149,0.3787,0.6213,0.3998
2024-01-29,Sivaganga,3460,1297,2163,0.3749,0.6251,0.3991
2024-02-05,Sivaganga,3459,1284,2175,0.3712,0.6288,0.3979
2024-02-12,Sivaganga,3427,1261,2166,0.368,0.632,0.3963
2024-02-19,Sivaganga,3445,1259,2186,0.3655,0.6345,0.3942
2024-02-26,Sivaganga,3429,1247,2182,0.3637,0.6363,0.3917
2024-03-04,Sivaganga,3440,1248,2192,0.3628,0.6372,0.389
2024-03-11,Sivaganga,3447,1251,2196,0.3629,0.6371,0.386
2024-03-18,Sivaganga,3456,1258,2198,0.364,0.636,0.3829
2024-03-25,Sivaganga,3448,1262,2186,0.366,0.634,0.3797
2024-04-01,Sivaganga,3466,1278,2188,0.3687,0.6313,0.3765
2024-04-08,Sivaganga,3447,1283,2164,0.3722,0.6278,0.3734
2024-04-15,Sivaganga,3442,1294,2148,0.3759,0.6241,0.3704
2024-04-22,Sivaganga,3438,1306,2132,0.3799,0.6201,0.3677
2024-04-29,Sivaganga,3388,1300,2088,0.3837,0.6163,0.3653
2024-05-06,Sivaganga,3363,1303,2060,0.3875,0.6125,0.3634
2024-05-13,Sivaganga,3325,1299,2026,0.3907,0.6093,0.3618
2024-05-20,Sivaganga,3344,1315,2029,0.3932,0.6068,0.3607
2024-05-27,Sivaganga,3378,1334,2044,0.3949,0.6051,0.3601
2024-06-03,Sivaganga,3404,1347,2057,0.3957,0.6043,0.36
2024-06-10,Sivaganga,3460,1369,2091,0.3957,0.6043,0.3605
2024-06-17,Sivaganga,3505,1383,2122,0.3946,0.6054,0.3614
2024-06-24,Sivaganga,3521,1382,2139,0.3925,0.6075,0.3628
2024-07-01,Sivaganga,3549,1384,2165,0.39,0.61,0.3647
2024-07-08,Sivaganga,3578,1383,2195,0.3865,0.6135,0.367
2024-07-15,Sivaganga,3548,1358,2190,0.3828,0.6172,0.3696
2024-07-22,Sivaganga,3527,1336,2191,0.3788,0.6212,0.3725
2024-07-29,Sivaganga,3500,1312,2188,0.3749,0.6251,0.3755
2024-08-05,Sivaganga,3486,1294,2192,0.3712,0.6288,0.3787
2024-08-12,Sivaganga,3484,1282,2202,0.368,0.632,0.3819
2024-08-19,Sivaganga,3446,1259,2187,0.3654,0.6346,0.3851
2024-08-26,Sivaganga,3456,1257,2199,0.3637,0.6363,0.3881
2024-09-02,Sivaganga,3464,1257,2207,0.3629,0.6371,0.391
2024-09-09,Sivaganga,3479,1263,2216,0.363,0.637,0.3935
2024-09-16,Sivaganga,3483,1268,2215,0.3641,0.6359,0.3957
2024-09-23,Sivaganga,3525,1290,2235,0.366,0.634,0.3975
2024-09-30,Sivaganga,3509,1294,2215,0.3688,0.6312,0.3988
2024-10-07,Sivaganga,3498,1302,2196,0.3722,0.6278,0.3997
2024-10-14,Sivaganga,3495,1314,2181,0.376,0.624,0.4
2024-10-21,Sivaganga,3504,1331,2173,0.3799,0.6201,0.3998
2024-10-28,Sivaganga,3478,1335,2143,0.3838,0.6162,0.3991
2024-11-04,Sivaganga,3461,1341,2120,0.3875,0.6125,0.3979
2024-11-11,Sivaganga,3473,1357,2116,0.3907,0.6093,0.3963
2024-11-18,Sivaganga,3464,1362,2102,0.3932,0.6068,0.3942
2024-11-25,Sivaganga,3489,1378,2111,0.395,0.605,0.3917
2024-12-02,Sivaganga,3514,1391,2123,0.3958,0.6042,0.389
2024-12-09,Sivaganga,3523,1394,2129,0.3957,0.6043,0.386
2024-12-16,Sivaganga,3535,1395,2140,0.3946,0.6054,0.3829
2024-12-23,Sivaganga,3563,1399,2164,0.3926,0.6074,0.3797
2024-12-30,Sivaganga,3599,1403,2196,0.3898,0.6102,0.3765
2025-01-06,Sivaganga,3612,1396,2216,0.3865,0.6135,0.3734
2025-01-13,Sivaganga,3622,1386,2236,0.3827,0.6173,0.3704
2025-01-20,Sivaganga,3596,1362,2234,0.3788,0.6212,0.3677
2025-01-27,Sivaganga,3588,1345,2243,0.3749,0.6251,0.3653
2025-02-03,Sivaganga,3572,1326,2246,0.3712,0.6288,0.3634
2025-02-10,Sivaganga,3574,1315,2259,0.3679,0.6321,0.3618
2025-02-17,Sivaganga,3575,1306,2269,0.3653,0.6347,0.3607
2025-02-24,Sivaganga,3553,1292,2261,0.3636,0.6364,0.3601
2025-03-03,Sivaganga,3566,1294,2272,0.3629,0.6371,0.36
2025-03-10,Sivaganga,3581,1300,2281,0.363,0.637,0.3605
2025-03-17,Sivaganga,3596,1309,2287,0.364,0.636,0.3614
2025-03-24,Sivaganga,3617,1324,2293,0.366,0.634,0.3628
2025-03-31,Sivaganga,3609,1331,2278,0.3688,0.6312,0.3647
2025-04-07,Sivaganga,3585,1334,2251,0.3721,0.6279,0.367
2025-04-14,Sivaganga,3557,1337,2220,0.3759,0.6241,0.3696
2025-04-21,Sivaganga,3548,1348,2200,0.3799,0.6201,0.3725
2025-04-28,Sivaganga,3518,1350,2168,0.3837,0.6163,0.3755
2025-05-05,Sivaganga,3448,1336,2112,0.3875,0.6125,0.3787
2025-05-12,Sivaganga,3460,1352,2108,0.3908,0.6092,0.3819
2025-05-19,Sivaganga,3437,1352,2085,0.3934,0.6066,0.3851
2025-05-26,Sivaganga,3467,1369,2098,0.3949,0.6051,0.3881
2025-06-02,Sivaganga,3489,1381,2108,0.3958,0.6042,0.391
2025-06-09,Sivaganga,3526,1395,2131,0.3956,0.6044,0.3935
2025-06-16,Sivaganga,3579,1412,2167,0.3945,0.6055,0.3957
2025-06-23,Sivaganga,3621,1422,2199,0.3927,0.6073,0.3975
2024-01-01,Virudhunagar,3757,1446,2311,0.3849,0.6151,0.3997
2024-01-08,Virudhunagar,3783,1441,2342,0.3809,0.6191,0.4
2024-01-15,Virudhunagar,3791,1429,2362,0.3769,0.6231,0.3998
2024-01-22,Virudhunagar,3781,1411,2370,0.3732,0.6268,0.399
2024-01-29,Virudhunagar,3747,1385,2362,0.3696,0.6304,0.3978
2024-02-05,Virudhunagar,3709,1360,2349,0.3667,0.6333,0.3961
2024-02-12,Virudhunagar,3692,1346,2346,0.3646,0.6354,0.394
2024-02-19,Virudhunagar,3676,1335,2341,0.3632,0.6368,0.3915
2024-02-26,Virudhunagar,3730,1353,2377,0.3627,0.6373,0.3887
2024-03-04,Virudhunagar,3749,1362,2387,0.3633,0.6367,0.3858
2024-03-11,Virudhunagar,3766,1374,2392,0.3648,0.6352,0.3826
2024-03-18,Virudhunagar,3786,1390,2396,0.3671,0.6329,0.3794
2024-03-25,Virudhunagar,3768,1395,2373,0.3702,0.6298,0.3762
2024-04-01,Virudhunagar,3765,1407,2358,0.3737,0.6263,0.3731
2024-04-08,Virudhunagar,3718,1404,2314,0.3776,0.6224,0.3702
2024-04-15,Virudhunagar,3679,1404,2275,0.3816,0.6184,0.3675
2024-04-22,Virudhunagar,3665,1413,2252,0.3855,0.6145,0.3652
2024-04-29,Virudhunagar,3599,1400,2199,0.389,0.611,0.3632
2024-05-06,Virudhunagar,3593,1408,2185,0.3919,0.6081,0.3617
2024-05-13,Virudhunagar,3618,1426,2192,0.3941,0.6059,0.3606
2024-05-20,Virudhunagar,3651,1444,2207,0.3955,0.6045,0.3601
2024-05-27,Virudhunagar,3688,1460,2228,0.3959,0.6041,0.3601
2024-06-03,Virudhunagar,3696,1461,2235,0.3953,0.6047,0.3605
2024-06-10,Virudhunagar,3737,1472,2265,0.3939,0.6061,0.3615
2024-06-17,Virudhunagar,3778,1479,2299,0.3915,0.6085,0.363
2024-06-24,Virudhunagar,3779,1468,2311,0.3885,0.6115,0.3649
2024-07-01,Virudhunagar,3785,1457,2328,0.3849,0.6151,0.3672
2024-07-08,Virudhunagar,3785,1442,2343,0.381,0.619,0.3698
2024-07-15,Virudhunagar,3785,1427,2358,0.377,0.623,0.3727
2024-07-22,Virudhunagar,3768,1406,2362,0.3731,0.6269,0.3758
2024-07-29,Virudhunagar,3729,1378,2351,0.3695,0.6305,0.379
2024-08-05,Virudhunagar,3744,1373,2371,0.3667,0.6333,0.3822
2024-08-12,Virudhunagar,3728,1359,2369,0.3645,0.6355,0.3854
2024-08-19,Virudhunagar,3715,1349,2366,0.3631,0.6369,0.3884
2024-08-26,Virudhunagar,3706,1344,2362,0.3627,0.6373,0.3912
2024-09-02,Virudhunagar,3727,1354,2373,0.3633,0.6367,0.3937
2024-09-09,Virudhunagar,3742,1365,2377,0.3648,0.6352,0.3959
2024-09-16,Virudhunagar,3785,1390,2395,0.3672,0.6328,0.3976
2024-09-23,Virudhunagar,3787,1402,2385,0.3702,0.6298,0.3989
2024-09-30,Virudhunagar,3760,1405,2355,0.3737,0.6263,0.3997
2024-10-07,Virudhunagar,3725,1407,2318,0.3777,0.6223,0.4
2024-10-14,Virudhunagar,3691,1409,2282,0.3817,0.6183,0.3998
2024-10-21,Virudhunagar,3679,1418,2261,0.3854,0.6146,0.399
2024-10-28,Virudhunagar,3653,1421,2232,0.389,0.611,0.3978
2024-11-04,Virudhunagar,3646,1429,2217,0.3919,0.6081,0.3961
2024-11-11,Virudhunagar,3674,1448,2226,0.3941,0.6059,0.394
2024-11-18,Virudhunagar,3707,1466,2241,0.3955,0.6045,0.3915
2024-11-25,Virudhunagar,3733,1478,2255,0.3959,0.6041,0.3887
2024-12-02,Virudhunagar,3752,1483,2269,0.3953,0.6047,0.3858
2024-12-09,Virudhunagar,3788,1492,2296,0.3939,0.6061,0.3826
2024-12-16,Virudhunagar,3827,1498,2329,0.3914,0.6086,0.3794
2024-12-23,Virudhunagar,3860,1499,2361,0.3883,0.6117,0.3762
2024-12-30,Virudhunagar,3871,1490,2381,0.3849,0.6151,0.3731
2025-01-06,Virudhunagar,3877,1477,2400,0.381,0.619,0.3702
2025-01-13,Virudhunagar,3864,1457,2407,0.3771,0.6229,0.3675
2025-01-20,Virudhunagar,3899,1455,2444,0.3732,0.6268,0.3652
2025-01-27,Virudhunagar,3869,1430,2439,0.3696,0.6304,0.3632
2025-02-03,Virudhunagar,3845,1410,2435,0.3667,0.6333,0.3617
2025-02-10,Virudhunagar,3821,1393,2428,0.3646,0.6354,0.3606
2025-02-17,Virudhunagar,3833,1392,2441,0.3632,0.6368,0.3601
2025-02-24,Virudhunagar,3824,1387,2437,0.3627,0.6373,0.3601
2025-03-03,Virudhunagar,3828,1391,2437,0.3634,0.6366,0.3605
2025-03-10,Virudhunagar,3829,1397,2432,0.3648,0.6352,0.3615
2025-03-17,Virudhunagar,3870,1421,2449,0.3672,0.6328,0.363
2025-03-24,Virudhunagar,3917,1450,2467,0.3702,0.6298,0.3649
2025-03-31,Virudhunagar,3866,1445,2421,0.3738,0.6262,0.3672
2025-04-07,Virudhunagar,3848,1453,2395,0.3776,0.6224,0.3698
2025-04-14,Virudhunagar,3828,1461,2367,0.3817,0.6183,0.3727
2025-04-21,Virudhunagar,3821,1473,2348,0.3855,0.6145,0.3758
2025-04-28,Virudhunagar,3805,1480,2325,0.389,0.611,0.379
2025-05-05,Virudhunagar,3802,1490,2312,0.3919,0.6081,0.3822
2025-05-12,Virudhunagar,3788,1493,2295,0.3941,0.6059,0.3854
2025-05-19,Virudhunagar,3798,1502,2296,0.3955,0.6045,0.3884
2025-05-26,Virudhunagar,3818,1511,2307,0.3958,0.6042,0.3912
2025-06-02,Virudhunagar,3848,1521,2327,0.3953,0.6047,0.3937
2025-06-09,Virudhunagar,3858,1519,2339,0.3937,0.6063,0.3959
2025-06-16,Virudhunagar,3868,1514,2354,0.3914,0.6086,0.3976
2025-06-23,Virudhunagar,3901,1515,2386,0.3884,0.6116,0.3989
2024-01-01,Ramanathapuram,3403,1290,2113,0.3791,0.6209,0.4
2024-01-08,Ramanathapuram,3412,1280,2132,0.3751,0.6249,0.3997
2024-01-15,Ramanathapuram,3383,1257,2126,0.3716,0.6284,0.3989
2024-01-22,Ramanathapuram,3391,1249,2142,0.3683,0.6317,0.3977
2024-01-29,Ramanathapuram,3369,1232,2137,0.3657,0.6343,0.3959
2024-02-05,Ramanathapuram,3376,1228,2148,0.3637,0.6363,0.3938
2024-02-12,Ramanathapuram,3384,1228,2156,0.3629,0.6371,0.3913
2024-02-19,Ramanathapuram,3400,1234,2166,0.3629,0.6371,0.3885
2024-02-26,Ramanathapuram,3413,1242,2171,0.3639,0.6361,0.3855
2024-03-04,Ramanathapuram,3426,1253,2173,0.3657,0.6343,0.3823
2024-03-11,Ramanathapuram,3428,1263,2165,0.3684,0.6316,0.3791
2024-03-18,Ramanathapuram,3449,1282,2167,0.3717,0.6283,0.3759
2024-03-25,Ramanathapuram,3430,1288,2142,0.3755,0.6245,0.3728
2024-04-01,Ramanathapuram,3442,1306,2136,0.3794,0.6206,0.3699
2024-04-08,Ramanathapuram,3428,1314,2114,0.3833,0.6167,0.3673
2024-04-15,Ramanathapuram,3412,1321,2091,0.3872,0.6128,0.365
2024-04-22,Ramanathapuram,3392,1324,2068,0.3903,0.6097,0.3631
2024-04-29,Ramanathapuram,3363,1322,2041,0.3931,0.6069,0.3616
2024-05-06,Ramanathapuram,3364,1328,2036,0.3948,0.6052,0.3606
2024-05-13,Ramanathapuram,3373,1335,2038,0.3958,0.6042,0.3601
2024-05-20,Ramanathapuram,3424,1355,2069,0.3957,0.6043,0.3601
2024-05-27,Ramanathapuram,3468,1369,2099,0.3948,0.6052,0.3606
2024-06-03,Ramanathapuram,3501,1375,2126,0.3927,0.6073,0.3616
2024-06-10,Ramanathapuram,3525,1375,2150,0.3901,0.6099,0.3631
2024-06-17,Ramanathapuram,3548,1373,2175,0.387,0.613,0.3651
2024-06-24,Ramanathapuram,3573,1369,2204,0.3832,0.6168,0.3674
2024-07-01,Ramanathapuram,3569,1353,2216,0.3791,0.6209,0.3701
2024-07-08,Ramanathapuram,3520,1321,2199,0.3753,0.6247,0.373
2024-07-15,Ramanathapuram,3483,1294,2189,0.3715,0.6285,0.3761
2024-07-22,Ramanathapuram,3436,1265,2171,0.3682,0.6318,0.3793
2024-07-29,Ramanathapuram,3449,1261,2188,0.3656,0.6344,0.3825
2024-08-05,Ramanathapuram,3412,1241,2171,0.3637,0.6363,0.3856
2024-08-12,Ramanathapuram,3420,1241,2179,0.3629,0.6371,0.3886
2024-08-19,Ramanathapuram,3461,1256,2205,0.3629,0.6371,0.3914
2024-08-26,Ramanathapuram,3463,1260,2203,0.3638,0.6362,0.3939
2024-09-02,Ramanathapuram,3502,1281,2221,0.3658,0.6342,0.396
2024-09-09,Ramanathapuram,3533,1302,2231,0.3685,0.6315,0.3977
2024-09-16,Ramanathapuram,3526,1311,2215,0.3718,0.6282,0.399
2024-09-23,Ramanathapuram,3524,1323,2201,0.3754,0.6246,0.3998
2024-09-30,Ramanathapuram,3494,1326,2168,0.3795,0.6205,0.4
2024-10-07,Ramanathapuram,3492,1339,2153,0.3834,0.6166,0.3997
2024-10-14,Ramanathapuram,3444,1333,2111,0.387,0.613,0.3989
2024-10-21,Ramanathapuram,3397,1326,2071,0.3903,0.6097,0.3977
2024-10-28,Ramanathapuram,3389,1332,2057,0.393,0.607,0.3959
2024-11-04,Ramanathapuram,3386,1337,2049,0.3949,0.6051,0.3938
2024-11-11,Ramanathapuram,3393,1343,2050,0.3958,0.6042,0.3913
2024-11-18,Ramanathapuram,3411,1350,2061,0.3958,0.6042,0.3885
2024-11-25,Ramanathapuram,3440,1358,2082,0.3948,0.6052,0.3855
2024-12-02,Ramanathapuram,3510,1379,2131,0.3929,0.6071,0.3823
2024-12-09,Ramanathapuram,3555,1387,2168,0.3902,0.6098,0.3791
2024-12-16,Ramanathapuram,3551,1374,2177,0.3869,0.6131,0.3759
2024-12-23,Ramanathapuram,3573,1369,2204,0.3832,0.6168,0.3728
2024-12-30,Ramanathapuram,3560,1350,2210,0.3792,0.6208,0.3699
2025-01-06,Ramanathapuram,3572,1340,2232,0.3751,0.6249,0.3673
2025-01-13,Ramanathapuram,3532,1312,2220,0.3715,0.6285,0.365
2025-01-20,Ramanathapuram,3538,1303,2235,0.3683,0.6317,0.3631
2025-01-27,Ramanathapuram,3515,1285,2230,0.3656,0.6344,0.3616
2025-02-03,Ramanathapuram,3511,1277,2234,0.3637,0.6363,0.3606
2025-02-10,Ramanathapuram,3505,1272,2233,0.3629,0.6371,0.3601
2025-02-17,Ramanathapuram,3506,1272,2234,0.3628,0.6372,0.3601
2025-02-24,Ramanathapuram,3507,1276,2231,0.3638,0.6362,0.3606
2025-03-03,Ramanathapuram,3518,1287,2231,0.3658,0.6342,0.3616
2025-03-10,Ramanathapuram,3537,1303,2234,0.3684,0.6316,0.3631
2025-03-17,Ramanathapuram,3548,1319,2229,0.3718,0.6282,0.3651
2025-03-24,Ramanathapuram,3550,1333,2217,0.3755,0.6245,0.3674
2025-03-31,Ramanathapuram,3520,1336,2184,0.3795,0.6205,0.3701
2025-04-07,Ramanathapuram,3504,1343,2161,0.3833,0.6167,0.373
2025-04-14,Ramanathapuram,3482,1348,2134,0.3871,0.6129,0.3761
2025-04-21,Ramanathapuram,3493,1364,2129,0.3905,0.6095,0.3793
2025-04-28,Ramanathapuram,3479,1367,2112,0.3929,0.6071,0.3825
2025-05-05,Ramanathapuram,3473,1371,2102,0.3948,0.6052,0.3856
2025-05-12,Ramanathapuram,3470,1373,2097,0.3957,0.6043,0.3886
2025-05-19,Ramanathapuram,3434,1359,2075,0.3957,0.6043,0.3914
2025-05-26,Ramanathapuram,3463,1367,2096,0.3947,0.6053,0.3939
2025-06-02,Ramanathapuram,3470,1363,2107,0.3928,0.6072,0.396
2025-06-09,Ramanathapuram,3506,1368,2138,0.3902,0.6098,0.3977
2025-06-16,Ramanathapuram,3547,1372,2175,0.3868,0.6132,0.399
2025-06-23,Ramanathapuram,3555,1362,2193,0.3831,0.6169,0.3998
2024-01-01,Pudukkottai,3509,1331,2178,0.3793,0.6207,0.38
2024-01-08,Pudukkottai,3512,1346,2166,0.3833,0.6167,0.3832
2024-01-15,Pudukkottai,3509,1358,2151,0.387,0.613,0.3863
2024-01-22,Pudukkottai,3525,1376,2149,0.3904,0.6096,0.3893
2024-01-29,Pudukkottai,3529,1387,2142,0.393,0.607,0.392
2024-02-05,Pudukkottai,3563,1407,2156,0.3949,0.6051,0.3944
2024-02-12,Pudukkottai,3601,1425,2176,0.3957,0.6043,0.3965
2024-02-19,Pudukkottai,3601,1425,2176,0.3957,0.6043,0.3981
2024-02-26,Pudukkottai,3547,1400,2147,0.3947,0.6053,0.3992
2024-03-04,Pudukkottai,3533,1388,2145,0.3929,0.6071,0.3999
2024-03-11,Pudukkottai,3498,1365,2133,0.3902,0.6098,0.4
2024-03-18,Pudukkottai,3481,1347,2134,0.387,0.613,0.3996
2024-03-25,Pudukkottai,3457,1325,2132,0.3833,0.6167,0.3987
2024-04-01,Pudukkottai,3499,1327,2172,0.3793,0.6207,0.3973
2024-04-08,Pudukkottai,3471,1303,2168,0.3754,0.6246,0.3955
2024-04-15,Pudukkottai,3519,1308,2211,0.3717,0.6283,0.3933
2024-04-22,Pudukkottai,3563,1312,2251,0.3682,0.6318,0.3907
2024-04-29,Pudukkottai,3554,1300,2254,0.3658,0.6342,0.3878
2024-05-06,Pudukkottai,3527,1283,2244,0.3638,0.6362,0.3848
2024-05-13,Pudukkottai,3530,1281,2249,0.3629,0.6371,0.3816
2024-05-20,Pudukkottai,3497,1269,2228,0.3629,0.6371,0.3784
2024-05-27,Pudukkottai,3425,1246,2179,0.3638,0.6362,0.3752
2024-06-03,Pudukkottai,3396,1242,2154,0.3657,0.6343,0.3722
2024-06-10,Pudukkottai,3375,1243,2132,0.3683,0.6317,0.3693
2024-06-17,Pudukkottai,3396,1262,2134,0.3716,0.6284,0.3667
2024-06-24,Pudukkottai,3402,1277,2125,0.3754,0.6246,0.3645
2024-07-01,Pudukkottai,3412,1294,2118,0.3792,0.6208,0.3627
2024-07-08,Pudukkottai,3410,1307,2103,0.3833,0.6167,0.3613
2024-07-15,Pudukkottai,3496,1353,2143,0.387,0.613,0.3604
2024-07-22,Pudukkottai,3536,1380,2156,0.3903,0.6097,0.36
2024-07-29,Pudukkottai,3525,1385,2140,0.3929,0.6071,0.3601
2024-08-05,Pudukkottai,3556,1404,2152,0.3948,0.6052,0.3608
2024-08-12,Pudukkottai,3555,1407,2148,0.3958,0.6042,0.3619
2024-08-19,Pudukkottai,3545,1403,2142,0.3958,0.6042,0.3635
2024-08-26,Pudukkottai,3535,1396,2139,0.3949,0.6051,0.3656
2024-09-02,Pudukkottai,3537,1390,2147,0.393,0.607,0.368
2024-09-09,Pudukkottai,3485,1360,2125,0.3902,0.6098,0.3707
2024-09-16,Pudukkottai,3510,1358,2152,0.3869,0.6131,0.3737
2024-09-23,Pudukkottai,3519,1349,2170,0.3833,0.6167,0.3768
2024-09-30,Pudukkottai,3538,1342,2196,0.3793,0.6207,0.38
2024-10-07,Pudukkottai,3578,1343,2235,0.3753,0.6247,0.3832
2024-10-14,Pudukkottai,3581,1331,2250,0.3717,0.6283,0.3863
2024-10-21,Pudukkottai,3614,1331,2283,0.3683,0.6317,0.3893
2024-10-28,Pudukkottai,3625,1326,2299,0.3658,0.6342,0.392
2024-11-04,Pudukkottai,3607,1312,2295,0.3637,0.6363,0.3944
2024-11-11,Pudukkottai,3580,1299,2281,0.3628,0.6372,0.3965
2024-11-18,Pudukkottai,3519,1277,2242,0.3629,0.6371,0.3981
2024-11-25,Pudukkottai,3521,1281,2240,0.3638,0.6362,0.3992
2024-12-02,Pudukkottai,3484,1274,2210,0.3657,0.6343,0.3999
2024-12-09,Pudukkottai,3484,1283,2201,0.3683,0.6317,0.4
2024-12-16,Pudukkottai,3499,1300,2199,0.3715,0.6285,0.3996
2024-12-23,Pudukkottai,3495,1312,2183,0.3754,0.6246,0.3987
2024-12-30,Pudukkottai,3517,1334,2183,0.3793,0.6207,0.3973
2025-01-06,Pudukkottai,3528,1352,2176,0.3832,0.6168,0.3955
2025-01-13,Pudukkottai,3563,1379,2184,0.387,0.613,0.3933
2025-01-20,Pudukkottai,3613,1410,2203,0.3903,0.6097,0.3907
2025-01-27,Pudukkottai,3621,1423,2198,0.393,0.607,0.3878
2025-02-03,Pudukkottai,3656,1443,2213,0.3947,0.6053,0.3848
2025-02-10,Pudukkottai,3667,1451,2216,0.3957,0.6043,0.3816
2025-02-17,Pudukkottai,3676,1455,2221,0.3958,0.6042,0.3784
2025-02-24,Pudukkottai,3670,1449,2221,0.3948,0.6052,0.3752
2025-03-03,Pudukkottai,3639,1430,2209,0.393,0.607,0.3722
2025-03-10,Pudukkottai,3643,1422,2221,0.3903,0.6097,0.3693
2025-03-17,Pudukkottai,3625,1403,2222,0.387,0.613,0.3667
2025-03-24,Pudukkottai,3616,1386,2230,0.3833,0.6167,0.3645
2025-03-31,Pudukkottai,3626,1375,2251,0.3792,0.6208,0.3627
2025-04-07,Pudukkottai,3644,1368,2276,0.3754,0.6246,0.3613
2025-04-14,Pudukkottai,3672,1365,2307,0.3717,0.6283,0.3604
2025-04-21,Pudukkottai,3692,1360,2332,0.3684,0.6316,0.36
2025-04-28,Pudukkottai,3695,1351,2344,0.3656,0.6344,0.3601
2025-05-05,Pudukkottai,3668,1335,2333,0.364,0.636,0.3608
2025-05-12,Pudukkottai,3635,1319,2316,0.3629,0.6371,0.3619
2025-05-19,Pudukkottai,3599,1306,2293,0.3629,0.6371,0.3635
2025-05-26,Pudukkottai,3575,1301,2274,0.3639,0.6361,0.3656
2025-06-02,Pudukkottai,3525,1289,2236,0.3657,0.6343,0.368
2025-06-09,Pudukkottai,3508,1292,2216,0.3683,0.6317,0.3707
2025-06-16,Pudukkottai,3500,1301,2199,0.3717,0.6283,0.3737
2025-06-23,Pudukkottai,3503,1315,2188,0.3754,0.6246,0.3768
2024-01-01,Dharmapuri,3597,1385,2212,0.385,0.615,0.3835
2024-01-08,Dharmapuri,3640,1414,2226,0.3885,0.6115,0.3866
2024-01-15,Dharmapuri,3619,1417,2202,0.3915,0.6085,0.3895
2024-01-22,Dharmapuri,3638,1433,2205,0.3939,0.6061,0.3922
2024-01-29,Dharmapuri,3636,1437,2199,0.3952,0.6048,0.3946
2024-02-05,Dharmapuri,3630,1437,2193,0.3959,0.6041,0.3966
2024-02-12,Dharmapuri,3614,1429,2185,0.3954,0.6046,0.3982
2024-02-19,Dharmapuri,3594,1416,2178,0.394,0.606,0.3993
2024-02-26,Dharmapuri,3542,1388,2154,0.3919,0.6081,0.3999
2024-03-04,Dharmapuri,3523,1370,2153,0.3889,0.6111,0.4
2024-03-11,Dharmapuri,3511,1353,2158,0.3854,0.6146,0.3995
2024-03-18,Dharmapuri,3510,1339,2171,0.3815,0.6185,0.3986
2024-03-25,Dharmapuri,3505,1323,2182,0.3775,0.6225,0.3972
2024-04-01,Dharmapuri,3519,1315,2204,0.3737,0.6263,0.3953
2024-04-08,Dharmapuri,3532,1307,2225,0.37,0.63,0.3931
2024-04-15,Dharmapuri,3547,1302,2245,0.3671,0.6329,0.3905
2024-04-22,Dharmapuri,3543,1292,2251,0.3647,0.6353,0.3876
2024-04-29,Dharmapuri,3540,1286,2254,0.3633,0.6367,0.3845
2024-05-06,Dharmapuri,3526,1279,2247,0.3627,0.6373,0.3813
2024-05-13,Dharmapuri,3493,1269,2224,0.3633,0.6367,0.3781
2024-05-20,Dharmapuri,3509,1279,2230,0.3645,0.6355,0.3749
2024-05-27,Dharmapuri,3490,1280,2210,0.3668,0.6332,0.3719
2024-06-03,Dharmapuri,3495,1292,2203,0.3697,0.6303,0.3691
2024-06-10,Dharmapuri,3488,1302,2186,0.3733,0.6267,0.3665
2024-06-17,Dharmapuri,3500,1320,2180,0.3771,0.6229,0.3643
2024-06-24,Dharmapuri,3517,1340,2177,0.381,0.619,0.3625
2024-07-01,Dharmapuri,3539,1362,2177,0.3849,0.6151,0.3612
2024-07-08,Dharmapuri,3580,1391,2189,0.3885,0.6115,0.3604
2024-07-15,Dharmapuri,3617,1416,2201,0.3915,0.6085,0.36
2024-07-22,Dharmapuri,3669,1445,2224,0.3938,0.6062,0.3602
2024-07-29,Dharmapuri,3688,1458,2230,0.3953,0.6047,0.3609
2024-08-05,Dharmapuri,3706,1467,2239,0.3958,0.6042,0.3621
2024-08-12,Dharmapuri,3697,1462,2235,0.3955,0.6045,0.3637
2024-08-19,Dharmapuri,3654,1440,2214,0.3941,0.6059,0.3658
2024-08-26,Dharmapuri,3626,1421,2205,0.3919,0.6081,0.3682
2024-09-02,Dharmapuri,3636,1414,2222,0.3889,0.6111,0.371
2024-09-09,Dharmapuri,3638,1402,2236,0.3854,0.6146,0.3739
2024-09-16,Dharmapuri,3643,1390,2253,0.3816,0.6184,0.3771
2024-09-23,Dharmapuri,3666,1384,2282,0.3775,0.6225,0.3803
2024-09-30,Dharmapuri,3693,1380,2313,0.3737,0.6263,0.3835
2024-10-07,Dharmapuri,3691,1366,2325,0.3701,0.6299,0.3866
2024-10-14,Dharmapuri,3684,1352,2332,0.367,0.633,0.3895
2024-10-21,Dharmapuri,3696,1348,2348,0.3647,0.6353,0.3922
2024-10-28,Dharmapuri,3696,1343,2353,0.3634,0.6366,0.3946
2024-11-04,Dharmapuri,3663,1329,2334,0.3628,0.6372,0.3966
2024-11-11,Dharmapuri,3646,1324,2322,0.3631,0.6369,0.3982
2024-11-18,Dharmapuri,3634,1325,2309,0.3646,0.6354,0.3993
2024-11-25,Dharmapuri,3607,1323,2284,0.3668,0.6332,0.3999
2024-12-02,Dharmapuri,3570,1320,2250,0.3697,0.6303,0.4
2024-12-09,Dharmapuri,3574,1334,2240,0.3733,0.6267,0.3995
2024-12-16,Dharmapuri,3584,1352,2232,0.3772,0.6228,0.3986
2024-12-23,Dharmapuri,3594,1370,2224,0.3812,0.6188,0.3972
2024-12-30,Dharmapuri,3639,1401,2238,0.385,0.615,0.3953
2025-01-06,Dharmapuri,3650,1418,2232,0.3885,0.6115,0.3931
2025-01-13,Dharmapuri,3691,1445,2246,0.3915,0.6085,0.3905
2025-01-20,Dharmapuri,3735,1471,2264,0.3938,0.6062,0.3876
2025-01-27,Dharmapuri,3746,1481,2265,0.3954,0.6046,0.3845
2025-02-03,Dharmapuri,3743,1482,2261,0.3959,0.6041,0.3813
2025-02-10,Dharmapuri,3725,1473,2252,0.3954,0.6046,0.3781
2025-02-17,Dharmapuri,3750,1478,2272,0.3941,0.6059,0.3749
2025-02-24,Dharmapuri,3736,1464,2272,0.3919,0.6081,0.3719
2025-03-03,Dharmapuri,3743,1456,2287,0.389,0.611,0.3691
2025-03-10,Dharmapuri,3758,1448,2310,0.3853,0.6147,0.3665
2025-03-17,Dharmapuri,3751,1431,2320,0.3815,0.6185,0.3643
2025-03-24,Dharmapuri,3727,1407,2320,0.3775,0.6225,0.3625
2025-03-31,Dharmapuri,3701,1383,2318,0.3737,0.6263,0.3612
2025-04-07,Dharmapuri,3736,1383,2353,0.3702,0.6298,0.3604
2025-04-14,Dharmapuri,3746,1375,2371,0.3671,0.6329,0.36
2025-04-21,Dharmapuri,3742,1365,2377,0.3648,0.6352,0.3602
2025-04-28,Dharmapuri,3741,1359,2382,0.3633,0.6367,0.3609
2025-05-05,Dharmapuri,3735,1355,2380,0.3628,0.6372,0.3621
2025-05-12,Dharmapuri,3717,1350,2367,0.3632,0.6368,0.3637
2025-05-19,Dharmapuri,3668,1337,2331,0.3645,0.6355,0.3658
2025-05-26,Dharmapuri,3643,1336,2307,0.3667,0.6333,0.3682
2025-06-02,Dharmapuri,3646,1348,2298,0.3697,0.6303,0.371
2025-06-09,Dharmapuri,3616,1350,2266,0.3733,0.6267,0.3739
2025-06-16,Dharmapuri,3646,1375,2271,0.3771,0.6229,0.3771
2025-06-23,Dharmapuri,3687,1405,2282,0.3811,0.6189,0.3803
2024-01-01,Krishnagiri,3660,1427,2233,0.3899,0.6101,0.3869
2024-01-08,Krishnagiri,3668,1440,2228,0.3926,0.6074,0.3898
2024-01-15,Krishnagiri,3723,1469,2254,0.3946,0.6054,0.3925
2024-01-22,Krishnagiri,3736,1478,2258,0.3956,0.6044,0.3948
2024-01-29,Krishnagiri,3737,1479,2258,0.3958,0.6042,0.3968
2024-02-05,Krishnagiri,3748,1480,2268,0.3949,0.6051,0.3983
2024-02-12,Krishnagiri,3719,1462,2257,0.3931,0.6069,0.3994
2024-02-19,Krishnagiri,3702,1446,2256,0.3906,0.6094,0.3999
2024-02-26,Krishnagiri,3678,1425,2253,0.3874,0.6126,0.4
2024-03-04,Krishnagiri,3659,1404,2255,0.3837,0.6163,0.3995
2024-03-11,Krishnagiri,3645,1384,2261,0.3797,0.6203,0.3985
2024-03-18,Krishnagiri,3616,1359,2257,0.3758,0.6242,0.397
2024-03-25,Krishnagiri,3646,1356,2290,0.3719,0.6281,0.3951
2024-04-01,Krishnagiri,3652,1346,2306,0.3686,0.6314,0.3928
2024-04-08,Krishnagiri,3676,1345,2331,0.3659,0.6341,0.3902
2024-04-15,Krishnagiri,3657,1331,2326,0.364,0.636,0.3873
2024-04-22,Krishnagiri,3668,1331,2337,0.3629,0.6371,0.3842
2024-04-29,Krishnagiri,3663,1329,2334,0.3628,0.6372,0.3811
2024-05-06,Krishnagiri,3629,1320,2309,0.3637,0.6363,0.3778
2024-05-13,Krishnagiri,3620,1323,2297,0.3655,0.6345,0.3747
2024-05-20,Krishnagiri,3600,1325,2275,0.3681,0.6319,0.3717
2024-05-27,Krishnagiri,3590,1333,2257,0.3713,0.6287,0.3688
2024-06-03,Krishnagiri,3564,1336,2228,0.3749,0.6251,0.3663
2024-06-10,Krishnagiri,3555,1347,2208,0.3789,0.6211,0.3642
2024-06-17,Krishnagiri,3570,1367,2203,0.3829,0.6171,0.3624
2024-06-24,Krishnagiri,3588,1387,2201,0.3866,0.6134,0.3611
2024-07-01,Krishnagiri,3633,1417,2216,0.39,0.61,0.3603
2024-07-08,Krishnagiri,3651,1434,2217,0.3928,0.6072,0.36
2024-07-15,Krishnagiri,3708,1463,2245,0.3946,0.6054,0.3602
2024-07-22,Krishnagiri,3745,1482,2263,0.3957,0.6043,0.361
2024-07-29,Krishnagiri,3752,1485,2267,0.3958,0.6042,0.3622
2024-08-05,Krishnagiri,3773,1490,2283,0.3949,0.6051,0.3639
2024-08-12,Krishnagiri,3767,1481,2286,0.3932,0.6068,0.366
2024-08-19,Krishnagiri,3753,1466,2287,0.3906,0.6094,0.3684
2024-08-26,Krishnagiri,3723,1442,2281,0.3873,0.6127,0.3712
2024-09-02,Krishnagiri,3704,1421,2283,0.3836,0.6164,0.3742
2024-09-09,Krishnagiri,3737,1419,2318,0.3797,0.6203,0.3773
2024-09-16,Krishnagiri,3721,1398,2323,0.3757,0.6243,0.3806
2024-09-23,Krishnagiri,3729,1387,2342,0.3719,0.6281,0.3838
2024-09-30,Krishnagiri,3719,1371,2348,0.3686,0.6314,0.3869
2024-10-07,Krishnagiri,3741,1369,2372,0.3659,0.6341,0.3898
2024-10-14,Krishnagiri,3718,1353,2365,0.3639,0.6361,0.3925
2024-10-21,Krishnagiri,3738,1357,2381,0.363,0.637,0.3948
2024-10-28,Krishnagiri,3755,1362,2393,0.3627,0.6373,0.3968
2024-11-04,Krishnagiri,3712,1350,2362,0.3637,0.6363,0.3983
2024-11-11,Krishnagiri,3707,1355,2352,0.3655,0.6345,0.3994
2024-11-18,Krishnagiri,3668,1350,2318,0.368,0.632,0.3999
2024-11-25,Krishnagiri,3648,1354,2294,0.3712,0.6288,0.4
2024-12-02,Krishnagiri,3600,1350,2250,0.375,0.625,0.3995
2024-12-09,Krishnagiri,3586,1359,2227,0.379,0.621,0.3985
2024-12-16,Krishnagiri,3587,1373,2214,0.3828,0.6172,0.397
2024-12-23,Krishnagiri,3631,1404,2227,0.3867,0.6133,0.3951
2024-12-30,Krishnagiri,3666,1430,2236,0.3901,0.6099,0.3928
2025-01-06,Krishnagiri,3689,1449,2240,0.3928,0.6072,0.3902
2025-01-13,Krishnagiri,3742,1477,2265,0.3947,0.6053,0.3873
2025-01-20,Krishnagiri,3733,1477,2256,0.3957,0.6043,0.3842
2025-01-27,Krishnagiri,3755,1486,2269,0.3957,0.6043,0.3811
2025-02-03,Krishnagiri,3772,1490,2282,0.395,0.605,0.3778
2025-02-10,Krishnagiri,3739,1470,2269,0.3932,0.6068,0.3747
2025-02-17,Krishnagiri,3726,1455,2271,0.3905,0.6095,0.3717
2025-02-24,Krishnagiri,3720,1441,2279,0.3874,0.6126,0.3688
2025-03-03,Krishnagiri,3715,1425,2290,0.3836,0.6164,0.3663
2025-03-10,Krishnagiri,3685,1399,2286,0.3796,0.6204,0.3642
2025-03-17,Krishnagiri,3689,1386,2303,0.3757,0.6243,0.3624
2025-03-24,Krishnagiri,3710,1380,2330,0.372,0.628,0.3611
2025-03-31,Krishnagiri,3709,1367,2342,0.3686,0.6314,0.3603
2025-04-07,Krishnagiri,3741,1369,2372,0.3659,0.6341,0.36
2025-04-14,Krishnagiri,3748,1364,2384,0.3639,0.6361,0.3602
2025-04-21,Krishnagiri,3788,1375,2413,0.363,0.637,0.361
2025-04-28,Krishnagiri,3784,1373,2411,0.3628,0.6372,0.3622
2025-05-05,Krishnagiri,3794,1380,2414,0.3637,0.6363,0.3639
2025-05-12,Krishnagiri,3808,1392,2416,0.3655,0.6345,0.366
2025-05-19,Krishnagiri,3755,1382,2373,0.368,0.632,0.3684
2025-05-26,Krishnagiri,3728,1384,2344,0.3712,0.6288,0.3712
2025-06-02,Krishnagiri,3700,1387,2313,0.3749,0.6251,0.3742
2025-06-09,Krishnagiri,3709,1405,2304,0.3788,0.6212,0.3773
2025-06-16,Krishnagiri,3735,1430,2305,0.3829,0.6171,0.3806
2025-06-23,Krishnagiri,3750,1450,2300,0.3867,0.6133,0.3838
2024-01-01,Villupuram,3936,1549,2387,0.3935,0.6065,0.39
2024-01-08,Villupuram,3968,1568,2400,0.3952,0.6048,0.3927
2024-01-15,Villupuram,3994,1581,2413,0.3958,0.6042,0.395
2024-01-22,Villupuram,3982,1575,2407,0.3955,0.6045,0.3969
2024-01-29,Villupuram,3964,1563,2401,0.3943,0.6057,0.3984
2024-02-05,Villupuram,3946,1547,2399,0.392,0.608,0.3994
2024-02-12,Villupuram,3898,1517,2381,0.3892,0.6108,0.3999
2024-02-19,Villupuram,3881,1497,2384,0.3857,0.6143,0.3999
2024-02-26,Villupuram,3843,1468,2375,0.382,0.618,0.3994
2024-03-04,Villupuram,3844,1453,2391,0.378,0.622,0.3984
2024-03-11,Villupuram,3882,1452,2430,0.374,0.626,0.3969
2024-03-18,Villupuram,3896,1443,2453,0.3704,0.6296,0.395
2024-03-25,Villupuram,3918,1439,2479,0.3673,0.6327,0.3926
2024-04-01,Villupuram,3921,1431,2490,0.365,0.635,0.39
2024-04-08,Villupuram,3954,1437,2517,0.3634,0.6366,0.3871
2024-04-15,Villupuram,3947,1432,2515,0.3628,0.6372,0.384
2024-04-22,Villupuram,3929,1427,2502,0.3632,0.6368,0.3808
2024-04-29,Villupuram,3906,1423,2483,0.3643,0.6357,0.3776
2024-05-06,Villupuram,3877,1421,2456,0.3665,0.6335,0.3744
2024-05-13,Villupuram,3850,1422,2428,0.3694,0.6306,0.3714
2024-05-20,Villupuram,3851,1436,2415,0.3729,0.6271,0.3686
2024-05-27,Villupuram,3862,1455,2407,0.3767,0.6233,0.3661
2024-06-03,Villupuram,3859,1469,2390,0.3807,0.6193,0.364
2024-06-10,Villupuram,3856,1483,2373,0.3846,0.6154,0.3623
2024-06-17,Villupuram,3856,1497,2359,0.3882,0.6118,0.361
2024-06-24,Villupuram,3887,1521,2366,0.3913,0.6087,0.3603
2024-07-01,Villupuram,3930,1547,2383,0.3936,0.6064,0.36
2024-07-08,Villupuram,3992,1578,2414,0.3953,0.6047,0.3603
2024-07-15,Villupuram,4009,1587,2422,0.3959,0.6041,0.361
2024-07-22,Villupuram,4010,1586,2424,0.3955,0.6045,0.3623
2024-07-29,Villupuram,4028,1588,2440,0.3942,0.6058,0.364
2024-08-05,Villupuram,4039,1584,2455,0.3922,0.6078,0.3662
2024-08-12,Villupuram,3988,1552,2436,0.3892,0.6108,0.3687
2024-08-19,Villupuram,3958,1527,2431,0.3858,0.6142,0.3715
2024-08-26,Villupuram,3946,1507,2439,0.3819,0.6181,0.3745
2024-09-02,Villupuram,3916,1480,2436,0.3779,0.6221,0.3776
2024-09-09,Villupuram,3909,1462,2447,0.374,0.626,0.3808
2024-09-16,Villupuram,3939,1459,2480,0.3704,0.6296,0.384
2024-09-23,Villupuram,3963,1456,2507,0.3674,0.6326,0.3871
2024-09-30,Villupuram,3978,1452,2526,0.365,0.635,0.39
2024-10-07,Villupuram,4012,1458,2554,0.3634,0.6366,0.3927
2024-10-14,Villupuram,3988,1447,2541,0.3628,0.6372,0.395
2024-10-21,Villupuram,3963,1439,2524,0.3631,0.6369,0.3969
2024-10-28,Villupuram,3927,1431,2496,0.3644,0.6356,0.3984
2024-11-04,Villupuram,3893,1427,2466,0.3666,0.6334,0.3994
2024-11-11,Villupuram,3846,1421,2425,0.3695,0.6305,0.3999
2024-11-18,Villupuram,3832,1429,2403,0.3729,0.6271,0.3999
2024-11-25,Villupuram,3788,1427,2361,0.3767,0.6233,0.3994
2024-12-02,Villupuram,3819,1454,2365,0.3807,0.6193,0.3984
2024-12-09,Villupuram,3869,1488,2381,0.3846,0.6154,0.3969
2024-12-16,Villupuram,3880,1506,2374,0.3881,0.6119,0.395
2024-12-23,Villupuram,3907,1529,2378,0.3913,0.6087,0.3926
2024-12-30,Villupuram,3921,1544,2377,0.3938,0.6062,0.39
2025-01-06,Villupuram,3944,1559,2385,0.3953,0.6047,0.3871
2025-01-13,Villupuram,3993,1581,2412,0.3959,0.6041,0.384
2025-01-20,Villupuram,4030,1594,2436,0.3955,0.6045,0.3808
2025-01-27,Villupuram,4028,1588,2440,0.3942,0.6058,0.3776
2025-02-03,Villupuram,4024,1578,2446,0.3921,0.6079,0.3744
2025-02-10,Villupuram,3990,1553,2437,0.3892,0.6108,0.3714
2025-02-17,Villupuram,3964,1529,2435,0.3857,0.6143,0.3686
2025-02-24,Villupuram,3972,1517,2455,0.3819,0.6181,0.3661
2025-03-03,Villupuram,3961,1497,2464,0.3779,0.6221,0.364
2025-03-10,Villupuram,3968,1484,2484,0.374,0.626,0.3623
2025-03-17,Villupuram,3969,1470,2499,0.3704,0.6296,0.361
2025-03-24,Villupuram,3999,1469,2530,0.3673,0.6327,0.3603
2025-03-31,Villupuram,3979,1452,2527,0.3649,0.6351,0.36
2025-04-07,Villupuram,3962,1440,2522,0.3635,0.6365,0.3603
2025-04-14,Villupuram,3939,1429,2510,0.3628,0.6372,0.361
2025-04-21,Villupuram,3966,1440,2526,0.3631,0.6369,0.3623
2025-04-28,Villupuram,3966,1445,2521,0.3643,0.6357,0.364
2025-05-05,Villupuram,3984,1460,2524,0.3665,0.6335,0.3662
2025-05-12,Villupuram,3936,1454,2482,0.3694,0.6306,0.3687
2025-05-19,Villupuram,3920,1462,2458,0.373,0.627,0.3715
2025-05-26,Villupuram,3904,1471,2433,0.3768,0.6232,0.3745
2025-06-02,Villupuram,3909,1488,2421,0.3807,0.6193,0.3776
2025-06-09,Villupuram,3942,1516,2426,0.3846,0.6154,0.3808
2025-06-16,Villupuram,3919,1521,2398,0.3881,0.6119,0.384
2025-06-23,Villupuram,3911,1530,2381,0.3912,0.6088,0.3871
2024-01-01,Tiruvannamalai,3821,1512,2309,0.3957,0.6043,0.3929
2024-01-08,Tiruvannamalai,3848,1523,2325,0.3958,0.6042,0.3952
2024-01-15,Tiruvannamalai,3916,1547,2369,0.395,0.605,0.3971
2024-01-22,Tiruvannamalai,3917,1541,2376,0.3934,0.6066,0.3985
2024-01-29,Tiruvannamalai,3935,1538,2397,0.3909,0.6091,0.3995
2024-02-05,Tiruvannamalai,3918,1519,2399,0.3877,0.6123,0.4
2024-02-12,Tiruvannamalai,3883,1491,2392,0.384,0.616,0.3999
2024-02-19,Tiruvannamalai,3843,1461,2382,0.3802,0.6198,0.3993
2024-02-26,Tiruvannamalai,3815,1435,2380,0.3761,0.6239,0.3983
2024-03-04,Tiruvannamalai,3815,1421,2394,0.3725,0.6275,0.3967
2024-03-11,Tiruvannamalai,3786,1397,2389,0.369,0.631,0.3948
2024-03-18,Tiruvannamalai,3791,1388,2403,0.3661,0.6339,0.3924
2024-03-25,Tiruvannamalai,3840,1398,2442,0.3641,0.6359,0.3897
2024-04-01,Tiruvannamalai,3867,1404,2463,0.3631,0.6369,0.3868
2024-04-08,Tiruvannamalai,3875,1406,2469,0.3628,0.6372,0.3837
2024-04-15,Tiruvannamalai,3864,1405,2459,0.3636,0.6364,0.3805
2024-04-22,Tiruvannamalai,3833,1400,2433,0.3652,0.6348,0.3773
2024-04-29,Tiruvannamalai,3854,1417,2437,0.3677,0.6323,0.3741
2024-05-06,Tiruvannamalai,3834,1422,2412,0.3709,0.6291,0.3712
2024-05-13,Tiruvannamalai,3780,1416,2364,0.3746,0.6254,0.3684
2024-05-20,Tiruvannamalai,3739,1415,2324,0.3784,0.6216,0.3659
2024-05-27,Tiruvannamalai,3720,1423,2297,0.3825,0.6175,0.3638
2024-06-03,Tiruvannamalai,3716,1435,2281,0.3862,0.6138,0.3622
2024-06-10,Tiruvannamalai,3747,1460,2287,0.3896,0.6104,0.3609
2024-06-17,Tiruvannamalai,3800,1491,2309,0.3924,0.6076,0.3602
2024-06-24,Tiruvannamalai,3830,1511,2319,0.3945,0.6055,0.36
2024-07-01,Tiruvannamalai,3887,1538,2349,0.3957,0.6043,0.3603
2024-07-08,Tiruvannamalai,3888,1539,2349,0.3958,0.6042,0.3611
2024-07-15,Tiruvannamalai,3920,1549,2371,0.3952,0.6048,0.3624
2024-07-22,Tiruvannamalai,3940,1550,2390,0.3934,0.6066,0.3642
2024-07-29,Tiruvannamalai,3955,1546,2409,0.3909,0.6091,0.3664
2024-08-05,Tiruvannamalai,3954,1533,2421,0.3877,0.6123,0.3689
2024-08-12,Tiruvannamalai,3944,1515,2429,0.3841,0.6159,0.3717
2024-08-19,Tiruvannamalai,3873,1472,2401,0.3801,0.6199,0.3747
2024-08-26,Tiruvannamalai,3846,1447,2399,0.3762,0.6238,0.3779
2024-09-02,Tiruvannamalai,3808,1418,2390,0.3724,0.6276,0.3811
2024-09-09,Tiruvannamalai,3811,1406,2405,0.3689,0.6311,0.3843
2024-09-16,Tiruvannamalai,3790,1388,2402,0.3662,0.6338,0.3874
2024-09-23,Tiruvannamalai,3833,1396,2437,0.3642,0.6358,0.3903
2024-09-30,Tiruvannamalai,3846,1396,2450,0.363,0.637,0.3929
2024-10-07,Tiruvannamalai,3881,1408,2473,0.3628,0.6372,0.3952
2024-10-14,Tiruvannamalai,3870,1407,2463,0.3636,0.6364,0.3971
2024-10-21,Tiruvannamalai,3861,1410,2451,0.3652,0.6348,0.3985
2024-10-28,Tiruvannamalai,3861,1420,2441,0.3678,0.6322,0.3995
2024-11-04,Tiruvannamalai,3818,1416,2402,0.3709,0.6291,0.4
2024-11-11,Tiruvannamalai,3757,1407,2350,0.3745,0.6255,0.3999
2024-11-18,Tiruvannamalai,3793,1436,2357,0.3786,0.6214,0.3993
2024-11-25,Tiruvannamalai,3749,1434,2315,0.3825,0.6175,0.3983
2024-12-02,Tiruvannamalai,3765,1454,2311,0.3862,0.6138,0.3967
2024-12-09,Tiruvannamalai,3802,1481,2321,0.3895,0.6105,0.3948
2024-12-16,Tiruvannamalai,3840,1507,2333,0.3924,0.6076,0.3924
2024-12-23,Tiruvannamalai,3838,1514,2324,0.3945,0.6055,0.3897
2024-12-30,Tiruvannamalai,3893,1540,2353,0.3956,0.6044,0.3868
2025-01-06,Tiruvannamalai,3933,1557,2376,0.3959,0.6041,0.3837
2025-01-13,Tiruvannamalai,3969,1568,2401,0.3951,0.6049,0.3805
2025-01-20,Tiruvannamalai,3932,1547,2385,0.3934,0.6066,0.3773
2025-01-27,Tiruvannamalai,3932,1537,2395,0.3909,0.6091,0.3741
2025-02-03,Tiruvannamalai,3910,1516,2394,0.3877,0.6123,0.3712
2025-02-10,Tiruvannamalai,3870,1486,2384,0.384,0.616,0.3684
2025-02-17,Tiruvannamalai,3858,1467,2391,0.3802,0.6198,0.3659
2025-02-24,Tiruvannamalai,3822,1438,2384,0.3762,0.6238,0.3638
2025-03-03,Tiruvannamalai,3827,1425,2402,0.3724,0.6276,0.3622
2025-03-10,Tiruvannamalai,3822,1410,2412,0.3689,0.6311,0.3609
2025-03-17,Tiruvannamalai,3838,1405,2433,0.3661,0.6339,0.3602
2025-03-24,Tiruvannamalai,3859,1405,2454,0.3641,0.6359,0.36
2025-03-31,Tiruvannamalai,3844,1395,2449,0.3629,0.6371,0.3603
2025-04-07,Tiruvannamalai,3867,1403,2464,0.3628,0.6372,0.3611
2025-04-14,Tiruvannamalai,3889,1414,2475,0.3636,0.6364,0.3624
2025-04-21,Tiruvannamalai,3874,1415,2459,0.3653,0.6347,0.3642
2025-04-28,Tiruvannamalai,3864,1421,2443,0.3678,0.6322,0.3664
2025-05-05,Tiruvannamalai,3850,1428,2422,0.3709,0.6291,0.3689
2025-05-12,Tiruvannamalai,3836,1437,2399,0.3746,0.6254,0.3717
2025-05-19,Tiruvannamalai,3805,1440,2365,0.3784,0.6216,0.3747
2025-05-26,Tiruvannamalai,3798,1453,2345,0.3826,0.6174,0.3779
2025-06-02,Tiruvannamalai,3796,1466,2330,0.3862,0.6138,0.3811
2025-06-09,Tiruvannamalai,3822,1489,2333,0.3896,0.6104,0.3843
2025-06-16,Tiruvannamalai,3897,1529,2368,0.3924,0.6076,0.3874
2025-06-23,Tiruvannamalai,3949,1558,2391,0.3945,0.6055,0.3903
2024-01-01,Kanyakumari,3833,1516,2317,0.3955,0.6045,0.3954
2024-01-08,Kanyakumari,3864,1524,2340,0.3944,0.6056,0.3972
2024-01-15,Kanyakumari,3877,1521,2356,0.3923,0.6077,0.3986
2024-01-22,Kanyakumari,3884,1513,2371,0.3895,0.6105,0.3996
2024-01-29,Kanyakumari,3872,1495,2377,0.3861,0.6139,0.4
2024-02-05,Kanyakumari,3857,1475,2382,0.3824,0.6176,0.3999
2024-02-12,Kanyakumari,3826,1448,2378,0.3785,0.6215,0.3993
2024-02-19,Kanyakumari,3814,1428,2386,0.3744,0.6256,0.3982
2024-02-26,Kanyakumari,3786,1404,2382,0.3708,0.6292,0.3966
2024-03-04,Kanyakumari,3795,1395,2400,0.3676,0.6324,0.3946
2024-03-11,Kanyakumari,3790,1384,2406,0.3652,0.6348,0.3922
2024-03-18,Kanyakumari,3842,1397,2445,0.3636,0.6364,0.3895
2024-03-25,Kanyakumari,3893,1412,2481,0.3627,0.6373,0.3865
2024-04-01,Kanyakumari,3859,1401,2458,0.363,0.637,0.3834
2024-04-08,Kanyakumari,3885,1415,2470,0.3642,0.6358,0.3802
2024-04-15,Kanyakumari,3861,1414,2447,0.3662,0.6338,0.377
2024-04-22,Kanyakumari,3868,1428,2440,0.3692,0.6308,0.3739
2024-04-29,Kanyakumari,3825,1425,2400,0.3725,0.6275,0.3709
2024-05-06,Kanyakumari,3825,1439,2386,0.3762,0.6238,0.3682
2024-05-13,Kanyakumari,3816,1451,2365,0.3802,0.6198,0.3657
2024-05-20,Kanyakumari,3761,1445,2316,0.3842,0.6158,0.3637
2024-05-27,Kanyakumari,3769,1462,2307,0.3879,0.6121,0.362
2024-06-03,Kanyakumari,3824,1495,2329,0.391,0.609,0.3609
2024-06-10,Kanyakumari,3815,1501,2314,0.3934,0.6066,0.3602
2024-06-17,Kanyakumari,3810,1505,2305,0.395,0.605,0.36
2024-06-24,Kanyakumari,3850,1524,2326,0.3958,0.6042,0.3604
2024-07-01,Kanyakumari,3900,1543,2357,0.3956,0.6044,0.3612
2024-07-08,Kanyakumari,3945,1556,2389,0.3944,0.6056,0.3626
2024-07-15,Kanyakumari,3948,1549,2399,0.3924,0.6076,0.3644
2024-07-22,Kanyakumari,3966,1545,2421,0.3896,0.6104,0.3666
2024-07-29,Kanyakumari,3931,1518,2413,0.3862,0.6138,0.3691
2024-08-05,Kanyakumari,3932,1503,2429,0.3822,0.6178,0.372
2024-08-12,Kanyakumari,3901,1476,2425,0.3784,0.6216,0.375
2024-08-19,Kanyakumari,3902,1461,2441,0.3744,0.6256,0.3782
2024-08-26,Kanyakumari,3867,1434,2433,0.3708,0.6292,0.3814
2024-09-02,Kanyakumari,3860,1419,2441,0.3676,0.6324,0.3846
2024-09-09,Kanyakumari,3862,1410,2452,0.3651,0.6349,0.3876
2024-09-16,Kanyakumari,3878,1410,2468,0.3636,0.6364,0.3905
2024-09-23,Kanyakumari,3892,1412,2480,0.3628,0.6372,0.3931
2024-09-30,Kanyakumari,3923,1424,2499,0.363,0.637,0.3954
2024-10-07,Kanyakumari,3924,1429,2495,0.3642,0.6358,0.3972
2024-10-14,Kanyakumari,3939,1443,2496,0.3663,0.6337,0.3986
2024-10-21,Kanyakumari,3864,1426,2438,0.369,0.631,0.3996
2024-10-28,Kanyakumari,3847,1433,2414,0.3725,0.6275,0.4
2024-11-04,Kanyakumari,3845,1447,2398,0.3763,0.6237,0.3999
2024-11-11,Kanyakumari,3839,1460,2379,0.3803,0.6197,0.3993
2024-11-18,Kanyakumari,3823,1469,2354,0.3843,0.6157,0.3982
2024-11-25,Kanyakumari,3844,1491,2353,0.3879,0.6121,0.3966
2024-12-02,Kanyakumari,3847,1504,2343,0.391,0.609,0.3946
2024-12-09,Kanyakumari,3869,1522,2347,0.3934,0.6066,0.3922
2024-12-16,Kanyakumari,3898,1540,2358,0.3951,0.6049,0.3895
2024-12-23,Kanyakumari,3944,1561,2383,0.3958,0.6042,0.3865
2024-12-30,Kanyakumari,3994,1580,2414,0.3956,0.6044,0.3834
2025-01-06,Kanyakumari,3983,1571,2412,0.3944,0.6056,0.3802
2025-01-13,Kanyakumari,3994,1567,2427,0.3923,0.6077,0.377
2025-01-20,Kanyakumari,3991,1555,2436,0.3896,0.6104,0.3739
2025-01-27,Kanyakumari,3957,1528,2429,0.3862,0.6138,0.3709
2025-02-03,Kanyakumari,3944,1508,2436,0.3824,0.6176,0.3682
2025-02-10,Kanyakumari,3903,1477,2426,0.3784,0.6216,0.3657
2025-02-17,Kanyakumari,3892,1457,2435,0.3744,0.6256,0.3637
2025-02-24,Kanyakumari,3895,1444,2451,0.3707,0.6293,0.362
2025-03-03,Kanyakumari,3868,1422,2446,0.3676,0.6324,0.3609
2025-03-10,Kanyakumari,3870,1413,2457,0.3651,0.6349,0.3602
2025-03-17,Kanyakumari,3890,1414,2476,0.3635,0.6365,0.36
2025-03-24,Kanyakumari,3927,1425,2502,0.3629,0.6371,0.3604
2025-03-31,Kanyakumari,3917,1422,2495,0.363,0.637,0.3612
2025-04-07,Kanyakumari,3910,1424,2486,0.3642,0.6358,0.3626
2025-04-14,Kanyakumari,3887,1424,2463,0.3663,0.6337,0.3644
2025-04-21,Kanyakumari,3830,1414,2416,0.3692,0.6308,0.3666
2025-04-28,Kanyakumari,3829,1426,2403,0.3724,0.6276,0.3691
2025-05-05,Kanyakumari,3821,1438,2383,0.3763,0.6237,0.372
2025-05-12,Kanyakumari,3802,1446,2356,0.3803,0.6197,0.375
2025-05-19,Kanyakumari,3818,1467,2351,0.3842,0.6158,0.3782
2025-05-26,Kanyakumari,3793,1471,2322,0.3878,0.6122,0.3814
2025-06-02,Kanyakumari,3806,1488,2318,0.391,0.609,0.3846
2025-06-09,Kanyakumari,3812,1500,2312,0.3935,0.6065,0.3876
2025-06-16,Kanyakumari,3875,1531,2344,0.3951,0.6049,0.3905
2025-06-23,Kanyakumari,3908,1547,2361,0.3959,0.6041,0.3931
2024-01-01,Nilgiris,3379,1330,2049,0.3936,0.6064,0.3973
2024-01-08,Nilgiris,3410,1334,2076,0.3912,0.6088,0.3987
2024-01-15,Nilgiris,3430,1331,2099,0.388,0.612,0.3996
2024-01-22,Nilgiris,3429,1318,2111,0.3844,0.6156,0.4
2024-01-29,Nilgiris,3424,1303,2121,0.3805,0.6195,0.3998
2024-02-05,Nilgiris,3388,1276,2112,0.3766,0.6234,0.3992
2024-02-12,Nilgiris,3354,1250,2104,0.3727,0.6273,0.398
2024-02-19,Nilgiris,3341,1234,2107,0.3694,0.6306,0.3964
2024-02-26,Nilgiris,3353,1229,2124,0.3665,0.6335,0.3944
2024-03-04,Nilgiris,3353,1222,2131,0.3644,0.6356,0.392
2024-03-11,Nilgiris,3368,1223,2145,0.3631,0.6369,0.3892
2024-03-18,Nilgiris,3371,1223,2148,0.3628,0.6372,0.3863
2024-03-25,Nilgiris,3414,1241,2173,0.3635,0.6365,0.3832
2024-04-01,Nilgiris,3436,1254,2182,0.365,0.635,0.3799
2024-04-08,Nilgiris,3408,1252,2156,0.3674,0.6326,0.3767
2024-04-15,Nilgiris,3398,1259,2139,0.3705,0.6295,0.3736
2024-04-22,Nilgiris,3381,1265,2116,0.3741,0.6259,0.3707
2024-04-29,Nilgiris,3347,1265,2082,0.378,0.622,0.3679
2024-05-06,Nilgiris,3320,1268,2052,0.3819,0.6181,0.3655
2024-05-13,Nilgiris,3299,1273,2026,0.3859,0.6141,0.3635
2024-05-20,Nilgiris,3298,1284,2014,0.3893,0.6107,0.3619
2024-05-27,Nilgiris,3295,1292,2003,0.3921,0.6079,0.3608
2024-06-03,Nilgiris,3307,1304,2003,0.3943,0.6057,0.3601
2024-06-10,Nilgiris,3355,1327,2028,0.3955,0.6045,0.36
2024-06-17,Nilgiris,3385,1340,2045,0.3959,0.6041,0.3604
2024-06-24,Nilgiris,3440,1359,2081,0.3951,0.6049,0.3613
2024-07-01,Nilgiris,3460,1362,2098,0.3936,0.6064,0.3627
2024-07-08,Nilgiris,3466,1356,2110,0.3912,0.6088,0.3645
2024-07-15,Nilgiris,3461,1343,2118,0.388,0.612,0.3668
2024-07-22,Nilgiris,3476,1336,2140,0.3843,0.6157,0.3694
2024-07-29,Nilgiris,3454,1314,2140,0.3804,0.6196,0.3722
2024-08-05,Nilgiris,3421,1288,2133,0.3765,0.6235,0.3753
2024-08-12,Nilgiris,3423,1276,2147,0.3728,0.6272,0.3784
2024-08-19,Nilgiris,3396,1254,2142,0.3693,0.6307,0.3817
2024-08-26,Nilgiris,3398,1245,2153,0.3664,0.6336,0.3848
2024-09-02,Nilgiris,3408,1242,2166,0.3644,0.6356,0.3879
2024-09-09,Nilgiris,3404,1236,2168,0.3631,0.6369,0.3907
2024-09-16,Nilgiris,3401,1234,2167,0.3628,0.6372,0.3933
2024-09-23,Nilgiris,3419,1243,2176,0.3636,0.6364,0.3955
2024-09-30,Nilgiris,3438,1255,2183,0.365,0.635,0.3973
2024-10-07,Nilgiris,3446,1266,2180,0.3674,0.6326,0.3987
2024-10-14,Nilgiris,3449,1278,2171,0.3705,0.6295,0.3996
2024-10-21,Nilgiris,3418,1279,2139,0.3742,0.6258,0.4
2024-10-28,Nilgiris,3396,1284,2112,0.3781,0.6219,0.3998
2024-11-04,Nilgiris,3381,1292,2089,0.3821,0.6179,0.3992
2024-11-11,Nilgiris,3369,1300,2069,0.3859,0.6141,0.398
2024-11-18,Nilgiris,3393,1321,2072,0.3893,0.6107,0.3964
2024-11-25,Nilgiris,3410,1337,2073,0.3921,0.6079,0.3944
2024-12-02,Nilgiris,3397,1339,2058,0.3942,0.6058,0.392
2024-12-09,Nilgiris,3428,1356,2072,0.3956,0.6044,0.3892
2024-12-16,Nilgiris,3471,1374,2097,0.3959,0.6041,0.3863
2024-12-23,Nilgiris,3465,1369,2096,0.3951,0.6049,0.3832
2024-12-30,Nilgiris,3494,1375,2119,0.3935,0.6065,0.3799
2025-01-06,Nilgiris,3522,1378,2144,0.3913,0.6087,0.3767
2025-01-13,Nilgiris,3517,1365,2152,0.3881,0.6119,0.3736
2025-01-20,Nilgiris,3538,1360,2178,0.3844,0.6156,0.3707
2025-01-27,Nilgiris,3505,1334,2171,0.3806,0.6194,0.3679
2025-02-03,Nilgiris,3477,1309,2168,0.3765,0.6235,0.3655
2025-02-10,Nilgiris,3445,1284,2161,0.3727,0.6273,0.3635
2025-02-17,Nilgiris,3428,1266,2162,0.3693,0.6307,0.3619
2025-02-24,Nilgiris,3425,1255,2170,0.3664,0.6336,0.3608
2025-03-03,Nilgiris,3474,1266,2208,0.3644,0.6356,0.3601
2025-03-10,Nilgiris,3459,1256,2203,0.3631,0.6369,0.36
2025-03-17,Nilgiris,3485,1264,2221,0.3627,0.6373,0.3604
2025-03-24,Nilgiris,3480,1265,2215,0.3635,0.6365,0.3613
2025-03-31,Nilgiris,3465,1265,2200,0.3651,0.6349,0.3627
2025-04-07,Nilgiris,3453,1269,2184,0.3675,0.6325,0.3645
2025-04-14,Nilgiris,3415,1265,2150,0.3704,0.6296,0.3668
2025-04-21,Nilgiris,3421,1280,2141,0.3742,0.6258,0.3694
2025-04-28,Nilgiris,3414,1291,2123,0.3781,0.6219,0.3722
2025-05-05,Nilgiris,3379,1291,2088,0.3821,0.6179,0.3753
2025-05-12,Nilgiris,3397,1311,2086,0.3859,0.6141,0.3784
2025-05-19,Nilgiris,3380,1316,2064,0.3893,0.6107,0.3817
2025-05-26,Nilgiris,3385,1328,2057,0.3923,0.6077,0.3848
2025-06-02,Nilgiris,3394,1338,2056,0.3942,0.6058,0.3879
2025-06-09,Nilgiris,3428,1356,2072,0.3956,0.6044,0.3907
2025-06-16,Nilgiris,3454,1367,2087,0.3958,0.6042,0.3933
2025-06-23,Nilgiris,3507,1386,2121,0.3952,0.6048,0.3955
2024-01-01,Ariyalur,3318,1294,2024,0.39,0.61,0.3988
2024-01-08,Ariyalur,3340,1291,2049,0.3865,0.6135,0.3997
2024-01-15,Ariyalur,3319,1270,2049,0.3826,0.6174,0.4
2024-01-22,Ariyalur,3313,1255,2058,0.3788,0.6212,0.3998
2024-01-29,Ariyalur,3306,1239,2067,0.3748,0.6252,0.3991
2024-02-05,Ariyalur,3314,1230,2084,0.3712,0.6288,0.3979
2024-02-12,Ariyalur,3322,1222,2100,0.3679,0.6321,0.3963
2024-02-19,Ariyalur,3282,1199,2083,0.3653,0.6347,0.3942
2024-02-26,Ariyalur,3276,1191,2085,0.3636,0.6364,0.3917
2024-03-04,Ariyalur,3320,1205,2115,0.363,0.637,0.389
2024-03-11,Ariyalur,3332,1209,2123,0.3628,0.6372,0.386
2024-03-18,Ariyalur,3354,1221,2133,0.364,0.636,0.3829
2024-03-25,Ariyalur,3352,1227,2125,0.3661,0.6339,0.3797
2024-04-01,Ariyalur,3344,1233,2111,0.3687,0.6313,0.3765
2024-04-08,Ariyalur,3305,1230,2075,0.3722,0.6278,0.3734
2024-04-15,Ariyalur,3272,1230,2042,0.3759,0.6241,0.3704
2024-04-22,Ariyalur,3266,1241,2025,0.38,0.62,0.3677
2024-04-29,Ariyalur,3199,1228,1971,0.3839,0.6161,0.3653
2024-05-06,Ariyalur,3187,1235,1952,0.3875,0.6125,0.3634
2024-05-13,Ariyalur,3192,1247,1945,0.3907,0.6093,0.3618
2024-05-20,Ariyalur,3219,1266,1953,0.3933,0.6067,0.3607
2024-05-27,Ariyalur,3216,1270,1946,0.3949,0.6051,0.3601
2024-06-03,Ariyalur,3252,1287,1965,0.3958,0.6042,0.36
2024-06-10,Ariyalur,3309,1309,2000,0.3956,0.6044,0.3605
2024-06-17,Ariyalur,3352,1323,2029,0.3947,0.6053,0.3614
2024-06-24,Ariyalur,3375,1325,2050,0.3926,0.6074,0.3628
2024-07-01,Ariyalur,3372,1315,2057,0.39,0.61,0.3647
2024-07-08,Ariyalur,3373,1304,2069,0.3866,0.6134,0.367
2024-07-15,Ariyalur,3373,1291,2082,0.3827,0.6173,0.3696
2024-07-22,Ariyalur,3384,1282,2102,0.3788,0.6212,0.3725
2024-07-29,Ariyalur,3376,1265,2111,0.3747,0.6253,0.3755
2024-08-05,Ariyalur,3360,1247,2113,0.3711,0.6289,0.3787
2024-08-12,Ariyalur,3359,1236,2123,0.368,0.632,0.3819
2024-08-19,Ariyalur,3359,1227,2132,0.3653,0.6347,0.3851
2024-08-26,Ariyalur,3350,1218,2132,0.3636,0.6364,0.3881
2024-09-02,Ariyalur,3367,1222,2145,0.3629,0.6371,0.391
2024-09-09,Ariyalur,3389,1230,2159,0.3629,0.6371,0.3935
2024-09-16,Ariyalur,3382,1231,2151,0.364,0.636,0.3957
2024-09-23,Ariyalur,3390,1241,2149,0.3661,0.6339,0.3975
2024-09-30,Ariyalur,3422,1262,2160,0.3688,0.6312,0.3988
2024-10-07,Ariyalur,3393,1263,2130,0.3722,0.6278,0.3997
2024-10-14,Ariyalur,3365,1265,2100,0.3759,0.6241,0.4
2024-10-21,Ariyalur,3333,1266,2067,0.3798,0.6202,0.3998
2024-10-28,Ariyalur,3316,1273,2043,0.3839,0.6161,0.3991
2024-11-04,Ariyalur,3296,1277,2019,0.3874,0.6126,0.3979
2024-11-11,Ariyalur,3289,1285,2004,0.3907,0.6093,0.3963
2024-11-18,Ariyalur,3311,1302,2009,0.3932,0.6068,0.3942
2024-11-25,Ariyalur,3283,1297,1986,0.3951,0.6049,0.3917
2024-12-02,Ariyalur,3313,1311,2002,0.3957,0.6043,0.389
2024-12-09,Ariyalur,3343,1323,2020,0.3958,0.6042,0.386
2024-12-16,Ariyalur,3360,1326,2034,0.3946,0.6054,0.3829
2024-12-23,Ariyalur,3388,1330,2058,0.3926,0.6074,0.3797
2024-12-30,Ariyalur,3406,1328,2078,0.3899,0.6101,0.3765
2025-01-06,Ariyalur,3405,1316,2089,0.3865,0.6135,0.3734
2025-01-13,Ariyalur,3421,1309,2112,0.3826,0.6174,0.3704
2025-01-20,Ariyalur,3427,1298,2129,0.3788,0.6212,0.3677
2025-01-27,Ariyalur,3431,1286,2145,0.3748,0.6252,0.3653
2025-02-03,Ariyalur,3370,1251,2119,0.3712,0.6288,0.3634
2025-02-10,Ariyalur,3376,1242,2134,0.3679,0.6321,0.3618
2025-02-17,Ariyalur,3369,1231,2138,0.3654,0.6346,0.3607
2025-02-24,Ariyalur,3377,1228,2149,0.3636,0.6364,0.3601
2025-03-03,Ariyalur,3376,1225,2151,0.3629,0.6371,0.36
2025-03-10,Ariyalur,3378,1226,2152,0.3629,0.6371,0.3605
2025-03-17,Ariyalur,3366,1225,2141,0.3639,0.6361,0.3614
2025-03-24,Ariyalur,3377,1236,2141,0.366,0.634,0.3628
2025-03-31,Ariyalur,3411,1258,2153,0.3688,0.6312,0.3647
2025-04-07,Ariyalur,3411,1269,2142,0.372,0.628,0.367
2025-04-14,Ariyalur,3399,1278,2121,0.376,0.624,0.3696
2025-04-21,Ariyalur,3346,1271,2075,0.3799,0.6201,0.3725
2025-04-28,Ariyalur,3304,1268,2036,0.3838,0.6162,0.3755
2025-05-05,Ariyalur,3314,1284,2030,0.3874,0.6126,0.3787
2025-05-12,Ariyalur,3297,1288,2009,0.3907,0.6093,0.3819
2025-05-19,Ariyalur,3301,1298,2003,0.3932,0.6068,0.3851
2025-05-26,Ariyalur,3291,1300,1991,0.395,0.605,0.3881
2025-06-02,Ariyalur,3336,1320,2016,0.3957,0.6043,0.391
2025-06-09,Ariyalur,3358,1329,2029,0.3958,0.6042,0.3935
2025-06-16,Ariyalur,3388,1337,2051,0.3946,0.6054,0.3957
2025-06-23,Ariyalur,3411,1339,2072,0.3926,0.6074,0.3975
2024-01-01,Perambalur,3271,1259,2012,0.3849,0.6151,0.3997
2024-01-08,Perambalur,3274,1247,2027,0.3809,0.6191,0.4
2024-01-15,Perambalur,3260,1229,2031,0.377,0.623,0.3998
2024-01-22,Perambalur,3269,1220,2049,0.3732,0.6268,0.399
2024-01-29,Perambalur,3227,1193,2034,0.3697,0.6303,0.3978
2024-02-05,Perambalur,3256,1194,2062,0.3667,0.6333,0.3961
2024-02-12,Perambalur,3295,1201,2094,0.3645,0.6355,0.394
2024-02-19,Perambalur,3299,1198,2101,0.3631,0.6369,0.3915
2024-02-26,Perambalur,3300,1197,2103,0.3627,0.6373,0.3887
2024-03-04,Perambalur,3328,1209,2119,0.3633,0.6367,0.3858
2024-03-11,Perambalur,3291,1201,2090,0.3649,0.6351,0.3826
2024-03-18,Perambalur,3301,1212,2089,0.3672,0.6328,0.3794
2024-03-25,Perambalur,3304,1223,2081,0.3702,0.6298,0.3762
2024-04-01,Perambalur,3250,1215,2035,0.3738,0.6262,0.3731
2024-04-08,Perambalur,3235,1222,2013,0.3777,0.6223,0.3702
2024-04-15,Perambalur,3213,1226,1987,0.3816,0.6184,0.3675
2024-04-22,Perambalur,3199,1233,1966,0.3854,0.6146,0.3652
2024-04-29,Perambalur,3222,1253,1969,0.3889,0.6111,0.3632
2024-05-06,Perambalur,3209,1258,1951,0.392,0.608,0.3617
2024-05-13,Perambalur,3182,1254,1928,0.3941,0.6059,0.3606
2024-05-20,Perambalur,3194,1263,1931,0.3954,0.6046,0.3601
2024-05-27,Perambalur,3216,1273,1943,0.3958,0.6042,0.3601
2024-06-03,Perambalur,3289,1300,1989,0.3953,0.6047,0.3605
2024-06-10,Perambalur,3314,1305,2009,0.3938,0.6062,0.3615
2024-06-17,Perambalur,3357,1314,2043,0.3914,0.6086,0.363
2024-06-24,Perambalur,3339,1297,2042,0.3884,0.6116,0.3649
2024-07-01,Perambalur,3362,1294,2068,0.3849,0.6151,0.3672
2024-07-08,Perambalur,3365,1282,2083,0.381,0.619,0.3698
2024-07-15,Perambalur,3340,1259,2081,0.3769,0.6231,0.3727
2024-07-22,Perambalur,3345,1248,2097,0.3731,0.6269,0.3758
2024-07-29,Perambalur,3341,1235,2106,0.3696,0.6304,0.379
2024-08-05,Perambalur,3319,1217,2102,0.3667,0.6333,0.3822
2024-08-12,Perambalur,3305,1205,2100,0.3646,0.6354,0.3854
2024-08-19,Perambalur,3288,1194,2094,0.3631,0.6369,0.3884
2024-08-26,Perambalur,3294,1195,2099,0.3628,0.6372,0.3912
2024-09-02,Perambalur,3312,1203,2109,0.3632,0.6368,0.3937
2024-09-09,Perambalur,3319,1211,2108,0.3649,0.6351,0.3959
2024-09-16,Perambalur,3326,1221,2105,0.3671,0.6329,0.3976
2024-09-23,Perambalur,3314,1227,2087,0.3702,0.6298,0.3989
2024-09-30,Perambalur,3310,1237,2073,0.3737,0.6263,0.3997
2024-10-07,Perambalur,3271,1235,2036,0.3776,0.6224,0.4
2024-10-14,Perambalur,3254,1242,2012,0.3817,0.6183,0.3998
2024-10-21,Perambalur,3239,1249,1990,0.3856,0.6144,0.399
2024-10-28,Perambalur,3208,1248,1960,0.389,0.611,0.3978
2024-11-04,Perambalur,3181,1247,1934,0.392,0.608,0.3961
2024-11-11,Perambalur,3152,1242,1910,0.394,0.606,0.394
2024-11-18,Perambalur,3172,1254,1918,0.3953,0.6047,0.3915
2024-11-25,Perambalur,3213,1272,1941,0.3959,0.6041,0.3887
2024-12-02,Perambalur,3255,1287,1968,0.3954,0.6046,0.3858
2024-12-09,Perambalur,3301,1300,2001,0.3938,0.6062,0.3826
2024-12-16,Perambalur,3323,1301,2022,0.3915,0.6085,0.3794
2024-12-23,Perambalur,3346,1300,2046,0.3885,0.6115,0.3762
2024-12-30,Perambalur,3383,1302,2081,0.3849,0.6151,0.3731
2025-01-06,Perambalur,3365,1282,2083,0.381,0.619,0.3702
2025-01-13,Perambalur,3366,1269,2097,0.377,0.623,0.3675
2025-01-20,Perambalur,3338,1245,2093,0.373,0.627,0.3652
2025-01-27,Perambalur,3328,1230,2098,0.3696,0.6304,0.3632
2025-02-03,Perambalur,3303,1211,2092,0.3666,0.6334,0.3617
2025-02-10,Perambalur,3308,1206,2102,0.3646,0.6354,0.3606
2025-02-17,Perambalur,3283,1192,2091,0.3631,0.6369,0.3601
2025-02-24,Perambalur,3291,1194,2097,0.3628,0.6372,0.3601
2025-03-03,Perambalur,3298,1198,2100,0.3633,0.6367,0.3605
2025-03-10,Perambalur,3303,1205,2098,0.3648,0.6352,0.3615
2025-03-17,Perambalur,3339,1226,2113,0.3672,0.6328,0.363
2025-03-24,Perambalur,3350,1240,2110,0.3701,0.6299,0.3649
2025-03-31,Perambalur,3325,1243,2082,0.3738,0.6262,0.3672
2025-04-07,Perambalur,3275,1237,2038,0.3777,0.6223,0.3698
2025-04-14,Perambalur,3265,1246,2019,0.3816,0.6184,0.3727
2025-04-21,Perambalur,3229,1245,1984,0.3856,0.6144,0.3758
2025-04-28,Perambalur,3206,1247,1959,0.389,0.611,0.379
2025-05-05,Perambalur,3219,1262,1957,0.392,0.608,0.3822
2025-05-12,Perambalur,3235,1275,1960,0.3941,0.6059,0.3854
2025-05-19,Perambalur,3257,1288,1969,0.3955,0.6045,0.3884
2025-05-26,Perambalur,3259,1290,1969,0.3958,0.6042,0.3912
2025-06-02,Perambalur,3292,1301,1991,0.3952,0.6048,0.3937
2025-06-09,Perambalur,3336,1314,2022,0.3939,0.6061,0.3959
2025-06-16,Perambalur,3346,1310,2036,0.3915,0.6085,0.3976
2025-06-23,Perambalur,3351,1302,2049,0.3885,0.6115,0.3989
2024-01-01,Theni,3521,1335,2186,0.3792,0.6208,0.4
2024-01-08,Theni,3534,1326,2208,0.3752,0.6248,0.3997
2024-01-15,Theni,3536,1314,2222,0.3716,0.6284,0.3989
2024-01-22,Theni,3538,1303,2235,0.3683,0.6317,0.3977
2024-01-29,Theni,3493,1277,2216,0.3656,0.6344,0.3959
2024-02-05,Theni,3499,1273,2226,0.3638,0.6362,0.3938
2024-02-12,Theni,3497,1269,2228,0.3629,0.6371,0.3913
2024-02-19,Theni,3486,1265,2221,0.3629,0.6371,0.3885
2024-02-26,Theni,3512,1278,2234,0.3639,0.6361,0.3855
2024-03-04,Theni,3535,1293,2242,0.3658,0.6342,0.3823
2024-03-11,Theni,3547,1307,2240,0.3685,0.6315,0.3791
2024-03-18,Theni,3533,1313,2220,0.3716,0.6284,0.3759
2024-03-25,Theni,3556,1335,2221,0.3754,0.6246,0.3728
2024-04-01,Theni,3537,1342,2195,0.3794,0.6206,0.3699
2024-04-08,Theni,3514,1347,2167,0.3833,0.6167,0.3673
2024-04-15,Theni,3495,1353,2142,0.3871,0.6129,0.365
2024-04-22,Theni,3445,1345,2100,0.3904,0.6096,0.3631
2024-04-29,Theni,3437,1351,2086,0.3931,0.6069,0.3616
2024-05-06,Theni,3454,1364,2090,0.3949,0.6051,0.3606
2024-05-13,Theni,3457,1368,2089,0.3957,0.6043,0.3601
2024-05-20,Theni,3459,1369,2090,0.3958,0.6042,0.3601
2024-05-27,Theni,3498,1381,2117,0.3948,0.6052,0.3606
2024-06-03,Theni,3551,1395,2156,0.3928,0.6072,0.3616
2024-06-10,Theni,3591,1401,2190,0.3901,0.6099,0.3631
2024-06-17,Theni,3582,1386,2196,0.3869,0.6131,0.3651
2024-06-24,Theni,3573,1369,2204,0.3832,0.6168,0.3674
2024-07-01,Theni,3606,1367,2239,0.3791,0.6209,0.3701
2024-07-08,Theni,3601,1351,2250,0.3752,0.6248,0.373
2024-07-15,Theni,3584,1331,2253,0.3714,0.6286,0.3761
2024-07-22,Theni,3563,1312,2251,0.3682,0.6318,0.3793
2024-07-29,Theni,3594,1314,2280,0.3656,0.6344,0.3825
2024-08-05,Theni,3583,1303,2280,0.3637,0.6363,0.3856
2024-08-12,Theni,3583,1300,2283,0.3628,0.6372,0.3886
2024-08-19,Theni,3607,1309,2298,0.3629,0.6371,0.3914
2024-08-26,Theni,3627,1320,2307,0.3639,0.6361,0.3939
2024-09-02,Theni,3641,1332,2309,0.3658,0.6342,0.396
2024-09-09,Theni,3662,1349,2313,0.3684,0.6316,0.3977
2024-09-16,Theni,3656,1359,2297,0.3717,0.6283,0.399
2024-09-23,Theni,3635,1365,2270,0.3755,0.6245,0.3998
2024-09-30,Theni,3588,1361,2227,0.3793,0.6207,0.4
2024-10-07,Theni,3581,1373,2208,0.3834,0.6166,0.3997
2024-10-14,Theni,3556,1377,2179,0.3872,0.6128,0.3989
2024-10-21,Theni,3533,1379,2154,0.3903,0.6097,0.3977
2024-10-28,Theni,3536,1390,2146,0.3931,0.6069,0.3959
2024-11-04,Theni,3503,1383,2120,0.3948,0.6052,0.3938
2024-11-11,Theni,3499,1385,2114,0.3958,0.6042,0.3913
2024-11-18,Theni,3532,1398,2134,0.3958,0.6042,0.3885
2024-11-25,Theni,3536,1396,2140,0.3948,0.6052,0.3855
2024-12-02,Theni,3553,1396,2157,0.3929,0.6071,0.3823
2024-12-09,Theni,3642,1421,2221,0.3902,0.6098,0.3791
2024-12-16,Theni,3661,1416,2245,0.3868,0.6132,0.3759
2024-12-23,Theni,3675,1408,2267,0.3831,0.6169,0.3728
2024-12-30,Theni,3682,1396,2286,0.3791,0.6209,0.3699
2025-01-06,Theni,3677,1380,2297,0.3753,0.6247,0.3673
2025-01-13,Theni,3679,1367,2312,0.3716,0.6284,0.365
2025-01-20,Theni,3630,1337,2293,0.3683,0.6317,0.3631
2025-01-27,Theni,3616,1322,2294,0.3656,0.6344,0.3616
2025-02-03,Theni,3587,1305,2282,0.3638,0.6362,0.3606
2025-02-10,Theni,3585,1301,2284,0.3629,0.6371,0.3601
2025-02-17,Theni,3618,1313,2305,0.3629,0.6371,0.3601
2025-02-24,Theni,3619,1317,2302,0.3639,0.6361,0.3606
2025-03-03,Theni,3619,1324,2295,0.3658,0.6342,0.3616
2025-03-10,Theni,3664,1350,2314,0.3684,0.6316,0.3631
2025-03-17,Theni,3636,1352,2284,0.3718,0.6282,0.3651
2025-03-24,Theni,3595,1350,2245,0.3755,0.6245,0.3674
2025-03-31,Theni,3605,1368,2237,0.3795,0.6205,0.3701
2025-04-07,Theni,3600,1380,2220,0.3833,0.6167,0.373
2025-04-14,Theni,3599,1393,2206,0.3871,0.6129,0.3761
2025-04-21,Theni,3600,1405,2195,0.3903,0.6097,0.3793
2025-04-28,Theni,3552,1396,2156,0.393,0.607,0.3825
2025-05-05,Theni,3556,1404,2152,0.3948,0.6052,0.3856
2025-05-12,Theni,3558,1408,2150,0.3957,0.6043,0.3886
2025-05-19,Theni,3551,1405,2146,0.3957,0.6043,0.3914
2025-05-26,Theni,3569,1409,2160,0.3948,0.6052,0.3939
2025-06-02,Theni,3609,1418,2191,0.3929,0.6071,0.396
2025-06-09,Theni,3640,1420,2220,0.3901,0.6099,0.3977
2025-06-16,Theni,3711,1436,2275,0.387,0.613,0.399
2025-06-23,Theni,3714,1423,2291,0.3831,0.6169,0.3998
