date,district,enrol_total,age_0_5,age_5_17,age_18_greater,enrol_minor_ratio,enrol_adult_ratio
2024-01-01,Chennai,6267,702,1567,3998,0.3621,0.6379
2024-01-08,Chennai,6322,720,1578,4024,0.3635,0.6365
2024-01-15,Chennai,6349,735,1579,4035,0.3645,0.6355
2024-01-22,Chennai,6380,748,1577,4055,0.3644,0.6356
2024-01-29,Chennai,6389,758,1566,4065,0.3638,0.6362
2024-02-05,Chennai,6384,763,1551,4070,0.3625,0.6375
2024-02-12,Chennai,6417,770,1545,4102,0.3608,0.6392
2024-02-19,Chennai,6365,763,1521,4081,0.3588,0.6412
2024-02-26,Chennai,6334,757,1503,4074,0.3568,0.6432
2024-03-04,Chennai,6265,743,1481,4041,0.355,0.645
2024-03-11,Chennai,6270,735,1480,4055,0.3533,0.6467
2024-03-18,Chennai,6266,725,1481,4060,0.3521,0.6479
2024-03-25,Chennai,6295,717,1494,4084,0.3512,0.6488
2024-04-01,Chennai,6269,702,1498,4069,0.3509,0.6491
2024-04-08,Chennai,6284,692,1513,4079,0.3509,0.6491
2024-04-15,Chennai,6359,689,1545,4125,0.3513,0.6487
2024-04-22,Chennai,6401,683,1569,4149,0.3518,0.6482
2024-04-29,Chennai,6401,675,1582,4144,0.3526,0.6474
2024-05-06,Chennai,6414,670,1595,4149,0.3531,0.6469
2024-05-13,Chennai,6342,660,1583,4099,0.3537,0.6463
2024-05-20,Chennai,6333,659,1583,4091,0.354,0.646
2024-05-27,Chennai,6276,656,1567,4053,0.3542,0.6458
2024-06-03,Chennai,6192,653,1540,3999,0.3542,0.6458
2024-06-10,Chennai,6123,653,1513,3957,0.3537,0.6463
2024-06-17,Chennai,6085,659,1492,3934,0.3535,0.6465
2024-06-24,Chennai,6161,678,1497,3986,0.353,0.647
2024-07-01,Chennai,6183,693,1489,4001,0.3529,0.6471
2024-07-08,Chennai,6332,721,1513,4098,0.3528,0.6472
2024-07-15,Chennai,6366,737,1511,4118,0.3531,0.6469
2024-07-22,Chennai,6430,754,1520,4156,0.3537,0.6463
2024-07-29,Chennai,6474,768,1528,4178,0.3546,0.6454
2024-08-05,Chennai,6508,778,1538,4192,0.3559,0.6441
2024-08-12,Chennai,6469,776,1535,4158,0.3572,0.6428
2024-08-19,Chennai,6430,771,1536,4123,0.3588,0.6412
2024-08-26,Chennai,6377,762,1536,4079,0.3604,0.6396
2024-09-02,Chennai,6345,752,1542,4051,0.3615,0.6385
2024-09-09,Chennai,6290,738,1542,4010,0.3625,0.6375
2024-09-16,Chennai,6243,722,1543,3978,0.3628,0.6372
2024-09-23,Chennai,6262,713,1557,3992,0.3625,0.6375
2024-09-30,Chennai,6333,709,1581,4043,0.3616,0.6384
2024-10-07,Chennai,6379,702,1595,4082,0.3601,0.6399
2024-10-14,Chennai,6366,689,1589,4088,0.3578,0.6422
2024-10-21,Chennai,6375,680,1585,4110,0.3553,0.6447
2024-10-28,Chennai,6383,673,1577,4133,0.3525,0.6475
2024-11-04,Chennai,6377,667,1563,4147,0.3497,0.6503
2024-11-11,Chennai,6345,660,1542,4143,0.347,0.653
2024-11-18,Chennai,6296,655,1516,4125,0.3448,0.6552
2024-11-25,Chennai,6305,659,1506,4140,0.3434,0.6566
2024-12-02,Chennai,6267,661,1487,4119,0.3427,0.6573
2024-12-09,Chennai,6238,666,1474,4098,0.3431,0.6569
2024-12-16,Chennai,6184,670,1459,4055,0.3443,0.6557
2024-12-23,Chennai,6190,681,1463,4046,0.3464,0.6536
2024-12-30,Chennai,6205,695,1473,4037,0.3494,0.6506
2025-01-06,Chennai,6270,714,1498,4058,0.3528,0.6472
2025-01-13,Chennai,6291,728,1515,4048,0.3565,0.6435
2025-01-20,Chennai,6329,742,1538,4049,0.3602,0.6398
2025-01-27,Chennai,6309,748,1547,4014,0.3638,0.6362
2025-02-03,Chennai,6329,756,1564,4009,0.3666,0.6334
2025-02-10,Chennai,6298,755,1566,3977,0.3685,0.6315
2025-02-17,Chennai,6334,760,1581,3993,0.3696,0.6304
2025-02-24,Chennai,6360,760,1590,4010,0.3695,0.6305
2025-03-03,Chennai,6358,754,1587,4017,0.3682,0.6318
2025-03-10,Chennai,6291,738,1564,3989,0.3659,0.6341
2025-03-17,Chennai,6284,727,1553,4004,0.3628,0.6372
2025-03-24,Chennai,6293,717,1543,4033,0.3591,0.6409
2025-03-31,Chennai,6346,711,1542,4093,0.355,0.645
2025-04-07,Chennai,6384,703,1537,4144,0.3509,0.6491
2025-04-14,Chennai,6420,695,1534,4191,0.3472,0.6528
2025-04-21,Chennai,6408,684,1521,4203,0.3441,0.6559
2025-04-28,Chennai,6379,672,1508,4199,0.3417,0.6583
2025-05-05,Chennai,6394,668,1509,4217,0.3405,0.6595
2025-05-12,Chennai,6330,659,1496,4175,0.3404,0.6596
2025-05-19,Chennai,6253,651,1484,4118,0.3414,0.6586
2025-05-26,Chennai,6207,649,1483,4075,0.3435,0.6565
2025-06-02,Chennai,6175,651,1487,4037,0.3462,0.6538
2025-06-09,Chennai,6135,655,1491,3989,0.3498,0.6502
2025-06-16,Chennai,6156,667,1509,3980,0.3535,0.6465
2025-06-23,Chennai,6301,694,1557,4050,0.3572,0.6428
2024-01-01,Coimbatore,5772,652,1443,3677,0.363,0.637
2024-01-08,Coimbatore,5776,663,1441,3672,0.3643,0.6357
2024-01-15,Coimbatore,5871,684,1458,3729,0.3648,0.6352
2024-01-22,Coimbatore,5859,691,1445,3723,0.3646,0.6354
2024-01-29,Coimbatore,5895,702,1442,3751,0.3637,0.6363
2024-02-05,Coimbatore,5850,701,1418,3731,0.3622,0.6378
2024-02-12,Coimbatore,5786,694,1390,3702,0.3602,0.6398
2024-02-19,Coimbatore,5748,689,1370,3689,0.3582,0.6418
2024-02-26,Coimbatore,5701,679,1351,3671,0.3561,0.6439
2024-03-04,Coimbatore,5661,668,1337,3656,0.3542,0.6458
2024-03-11,Coimbatore,5727,668,1352,3707,0.3527,0.6473
2024-03-18,Coimbatore,5748,660,1360,3728,0.3514,0.6486
2024-03-25,Coimbatore,5800,655,1379,3766,0.3507,0.6493
2024-04-01,Coimbatore,5812,646,1391,3775,0.3505,0.6495
2024-04-08,Coimbatore,5835,637,1409,3789,0.3506,0.6494
2024-04-15,Coimbatore,5878,632,1432,3814,0.3511,0.6489
2024-04-22,Coimbatore,5843,620,1436,3787,0.3519,0.6481
2024-04-29,Coimbatore,5781,607,1431,3743,0.3525,0.6475
2024-05-06,Coimbatore,5786,603,1441,3742,0.3533,0.6467
2024-05-13,Coimbatore,5723,595,1430,3698,0.3538,0.6462
2024-05-20,Coimbatore,5673,591,1418,3664,0.3541,0.6459
2024-05-27,Coimbatore,5599,587,1397,3615,0.3543,0.6457
2024-06-03,Coimbatore,5639,598,1400,3641,0.3543,0.6457
2024-06-10,Coimbatore,5635,605,1390,3640,0.354,0.646
2024-06-17,Coimbatore,5619,613,1374,3632,0.3536,0.6464
2024-06-24,Coimbatore,5718,635,1386,3697,0.3534,0.6466
2024-07-01,Coimbatore,5779,653,1388,3738,0.3532,0.6468
2024-07-08,Coimbatore,5805,666,1384,3755,0.3531,0.6469
2024-07-15,Coimbatore,5844,681,1385,3778,0.3535,0.6465
2024-07-22,Coimbatore,5864,692,1385,3787,0.3542,0.6458
2024-07-29,Coimbatore,5914,704,1396,3814,0.3551,0.6449
2024-08-05,Coimbatore,5910,708,1398,3804,0.3563,0.6437
2024-08-12,Coimbatore,5840,701,1388,3751,0.3577,0.6423
2024-08-19,Coimbatore,5854,701,1401,3752,0.3591,0.6409
2024-08-26,Coimbatore,5774,688,1394,3692,0.3606,0.6394
2024-09-02,Coimbatore,5735,677,1397,3661,0.3616,0.6384
2024-09-09,Coimbatore,5705,665,1402,3638,0.3623,0.6377
2024-09-16,Coimbatore,5708,656,1413,3639,0.3625,0.6375
2024-09-23,Coimbatore,5738,648,1429,3661,0.362,0.638
2024-09-30,Coimbatore,5814,646,1452,3716,0.3609,0.6391
2024-10-07,Coimbatore,5849,639,1462,3748,0.3592,0.6408
2024-10-14,Coimbatore,5850,629,1459,3762,0.3569,0.6431
2024-10-21,Coimbatore,5816,617,1444,3755,0.3544,0.6456
2024-10-28,Coimbatore,5797,608,1430,3759,0.3516,0.6484
2024-11-04,Coimbatore,5762,601,1409,3752,0.3488,0.6512
2024-11-11,Coimbatore,5682,591,1377,3714,0.3464,0.6536
2024-11-18,Coimbatore,5678,592,1364,3722,0.3445,0.6555
2024-11-25,Coimbatore,5637,591,1344,3702,0.3433,0.6567
2024-12-02,Coimbatore,5696,604,1350,3742,0.343,0.657
2024-12-09,Coimbatore,5712,614,1349,3749,0.3437,0.6563
2024-12-16,Coimbatore,5727,625,1352,3750,0.3452,0.6548
2024-12-23,Coimbatore,5755,639,1361,3755,0.3475,0.6525
2024-12-30,Coimbatore,5781,653,1374,3754,0.3506,0.6494
2025-01-06,Coimbatore,5816,668,1392,3756,0.3542,0.6458
2025-01-13,Coimbatore,5829,679,1407,3743,0.3579,0.6421
2025-01-20,Coimbatore,5824,687,1419,3718,0.3616,0.6384
2025-01-27,Coimbatore,5832,694,1433,3705,0.3647,0.6353
2025-02-03,Coimbatore,5861,702,1451,3708,0.3673,0.6327
2025-02-10,Coimbatore,5833,700,1452,3681,0.3689,0.6311
2025-02-17,Coimbatore,5897,706,1473,3718,0.3695,0.6305
2025-02-24,Coimbatore,5841,696,1460,3685,0.3691,0.6309
2025-03-03,Coimbatore,5824,687,1453,3684,0.3674,0.6326
2025-03-10,Coimbatore,5871,684,1458,3729,0.3648,0.6352
2025-03-17,Coimbatore,5882,676,1450,3756,0.3614,0.6386
2025-03-24,Coimbatore,5868,663,1435,3770,0.3575,0.6425
2025-03-31,Coimbatore,5885,654,1426,3805,0.3534,0.6466
2025-04-07,Coimbatore,5868,641,1410,3817,0.3495,0.6505
2025-04-14,Coimbatore,5921,636,1412,3873,0.3459,0.6541
2025-04-21,Coimbatore,5895,625,1397,3873,0.343,0.657
2025-04-28,Coimbatore,5840,613,1379,3848,0.3411,0.6589
2025-05-05,Coimbatore,5830,608,1376,3846,0.3403,0.6597
2025-05-12,Coimbatore,5771,600,1365,3806,0.3405,0.6595
2025-05-19,Coimbatore,5747,599,1366,3782,0.3419,0.6581
2025-05-26,Coimbatore,5727,601,1371,3755,0.3443,0.6557
2025-06-02,Coimbatore,5702,604,1377,3721,0.3474,0.6526
2025-06-09,Coimbatore,5688,611,1386,3691,0.3511,0.6489
2025-06-16,Coimbatore,5701,622,1401,3678,0.3549,0.6451
2025-06-23,Coimbatore,5770,640,1429,3701,0.3586,0.6414
2024-01-01,Madurai,5449,620,1362,3467,0.3637,0.6363
2024-01-08,Madurai,5454,631,1359,3464,0.3649,0.6351
2024-01-15,Madurai,5495,644,1362,3489,0.3651,0.6349
2024-01-22,Madurai,5509,653,1356,3500,0.3647,0.6353
2024-01-29,Madurai,5542,662,1352,3528,0.3634,0.6366
2024-02-05,Madurai,5545,665,1341,3539,0.3618,0.6382
2024-02-12,Madurai,5533,664,1326,3543,0.3597,0.6403
2024-02-19,Madurai,5503,658,1309,3536,0.3574,0.6426
2024-02-26,Madurai,5463,648,1293,3522,0.3553,0.6447
2024-03-04,Madurai,5401,634,1275,3492,0.3535,0.6465
2024-03-11,Madurai,5374,622,1269,3483,0.3519,0.6481
2024-03-18,Madurai,5378,613,1274,3491,0.3509,0.6491
2024-03-25,Madurai,5455,611,1299,3545,0.3501,0.6499
2024-04-01,Madurai,5481,604,1315,3562,0.3501,0.6499
2024-04-08,Madurai,5475,593,1325,3557,0.3503,0.6497
2024-04-15,Madurai,5536,591,1352,3593,0.351,0.649
2024-04-22,Madurai,5545,585,1366,3594,0.3518,0.6482
2024-04-29,Madurai,5532,578,1372,3582,0.3525,0.6475
2024-05-06,Madurai,5484,571,1367,3546,0.3534,0.6466
2024-05-13,Madurai,5418,564,1354,3500,0.354,0.646
2024-05-20,Madurai,5390,563,1347,3480,0.3544,0.6456
2024-05-27,Madurai,5407,570,1347,3490,0.3545,0.6455
2024-06-03,Madurai,5359,572,1328,3459,0.3545,0.6455
2024-06-10,Madurai,5357,580,1318,3459,0.3543,0.6457
2024-06-17,Madurai,5374,591,1311,3472,0.3539,0.6461
2024-06-24,Madurai,5442,609,1316,3517,0.3537,0.6463
2024-07-01,Madurai,5481,624,1314,3543,0.3536,0.6464
2024-07-08,Madurai,5554,642,1322,3590,0.3536,0.6464
2024-07-15,Madurai,5548,651,1313,3584,0.354,0.646
2024-07-22,Madurai,5547,658,1309,3580,0.3546,0.6454
2024-07-29,Madurai,5580,667,1317,3596,0.3556,0.6444
2024-08-05,Madurai,5520,662,1307,3551,0.3567,0.6433
2024-08-12,Madurai,5501,660,1310,3531,0.3581,0.6419
2024-08-19,Madurai,5506,658,1321,3527,0.3594,0.6406
2024-08-26,Madurai,5490,651,1329,3510,0.3607,0.6393
2024-09-02,Madurai,5424,636,1325,3463,0.3615,0.6385
2024-09-09,Madurai,5433,629,1338,3466,0.362,0.638
2024-09-16,Madurai,5453,622,1352,3479,0.362,0.638
2024-09-23,Madurai,5455,611,1360,3484,0.3613,0.6387
2024-09-30,Madurai,5473,603,1368,3502,0.3601,0.6399
2024-10-07,Madurai,5488,595,1371,3522,0.3582,0.6418
2024-10-14,Madurai,5482,585,1366,3531,0.3559,0.6441
2024-10-21,Madurai,5450,575,1351,3524,0.3534,0.6466
2024-10-28,Madurai,5442,569,1339,3534,0.3506,0.6494
2024-11-04,Madurai,5381,560,1313,3508,0.3481,0.6519
2024-11-11,Madurai,5380,560,1301,3519,0.3459,0.6541
2024-11-18,Madurai,5374,562,1288,3524,0.3443,0.6557
2024-11-25,Madurai,5349,564,1273,3512,0.3434,0.6566
2024-12-02,Madurai,5370,573,1271,3526,0.3434,0.6566
2024-12-09,Madurai,5415,586,1278,3551,0.3442,0.6558
2024-12-16,Madurai,5438,598,1284,3556,0.3461,0.6539
2024-12-23,Madurai,5476,613,1297,3566,0.3488,0.6512
2024-12-30,Madurai,5548,632,1321,3595,0.352,0.648
2025-01-06,Madurai,5614,649,1347,3618,0.3555,0.6445
2025-01-13,Madurai,5669,665,1372,3632,0.3593,0.6407
2025-01-20,Madurai,5703,676,1393,3634,0.3628,0.6372
2025-01-27,Madurai,5692,680,1402,3610,0.3658,0.6342
2025-02-03,Madurai,5636,676,1398,3562,0.368,0.632
2025-02-10,Madurai,5600,672,1396,3532,0.3693,0.6307
2025-02-17,Madurai,5565,665,1391,3509,0.3695,0.6305
2025-02-24,Madurai,5494,652,1373,3469,0.3686,0.6314
2025-03-03,Madurai,5519,648,1375,3496,0.3666,0.6334
2025-03-10,Madurai,5504,637,1364,3503,0.3636,0.6364
2025-03-17,Madurai,5553,633,1366,3554,0.36,0.64
2025-03-24,Madurai,5550,622,1354,3574,0.356,0.644
2025-03-31,Madurai,5586,615,1351,3620,0.352,0.648
2025-04-07,Madurai,5622,609,1348,3665,0.3481,0.6519
2025-04-14,Madurai,5614,599,1336,3679,0.3447,0.6553
2025-04-21,Madurai,5586,589,1322,3675,0.3421,0.6579
2025-04-28,Madurai,5531,578,1306,3647,0.3406,0.6594
2025-05-05,Madurai,5517,574,1303,3640,0.3402,0.6598
2025-05-12,Madurai,5486,571,1299,3616,0.3409,0.6591
2025-05-19,Madurai,5463,571,1301,3591,0.3427,0.6573
2025-05-26,Madurai,5397,569,1295,3533,0.3454,0.6546
2025-06-02,Madurai,5435,580,1315,3540,0.3487,0.6513
2025-06-09,Madurai,5458,591,1333,3534,0.3525,0.6475
2025-06-16,Madurai,5466,601,1346,3519,0.3562,0.6438
2025-06-23,Madurai,5524,618,1370,3536,0.3599,0.6401
2024-01-01,Tiruchirappalli,5300,608,1324,3368,0.3645,0.6355
2024-01-08,Tiruchirappalli,5338,622,1328,3388,0.3653,0.6347
2024-01-15,Tiruchirappalli,5379,634,1331,3414,0.3653,0.6347
2024-01-22,Tiruchirappalli,5435,647,1334,3454,0.3645,0.6355
2024-01-29,Tiruchirappalli,5453,653,1327,3473,0.3631,0.6369
2024-02-05,Tiruchirappalli,5419,650,1307,3462,0.3611,0.6389
2024-02-12,Tiruchirappalli,5419,649,1296,3474,0.3589,0.6411
2024-02-19,Tiruchirappalli,5388,642,1280,3466,0.3567,0.6433
2024-02-26,Tiruchirappalli,5353,632,1266,3455,0.3546,0.6454
2024-03-04,Tiruchirappalli,5301,618,1251,3432,0.3526,0.6474
2024-03-11,Tiruchirappalli,5288,608,1249,3431,0.3512,0.6488
2024-03-18,Tiruchirappalli,5299,599,1257,3443,0.3503,0.6497
2024-03-25,Tiruchirappalli,5338,593,1274,3471,0.3498,0.6502
2024-04-01,Tiruchirappalli,5327,582,1281,3464,0.3497,0.6503
2024-04-08,Tiruchirappalli,5337,574,1295,3468,0.3502,0.6498
2024-04-15,Tiruchirappalli,5327,565,1304,3458,0.3509,0.6491
2024-04-22,Tiruchirappalli,5315,558,1312,3445,0.3518,0.6482
2024-04-29,Tiruchirappalli,5260,548,1307,3405,0.3527,0.6473
2024-05-06,Tiruchirappalli,5204,541,1299,3364,0.3536,0.6464
2024-05-13,Tiruchirappalli,5163,538,1291,3334,0.3543,0.6457
2024-05-20,Tiruchirappalli,5186,544,1295,3347,0.3546,0.6454
2024-05-27,Tiruchirappalli,5183,549,1290,3344,0.3548,0.6452
2024-06-03,Tiruchirappalli,5194,558,1285,3351,0.3548,0.6452
2024-06-10,Tiruchirappalli,5164,563,1268,3333,0.3546,0.6454
2024-06-17,Tiruchirappalli,5243,582,1276,3385,0.3544,0.6456
2024-06-24,Tiruchirappalli,5319,600,1283,3436,0.354,0.646
2024-07-01,Tiruchirappalli,5361,615,1282,3464,0.3539,0.6461
2024-07-08,Tiruchirappalli,5413,630,1286,3497,0.354,0.646
2024-07-15,Tiruchirappalli,5409,638,1279,3492,0.3544,0.6456
2024-07-22,Tiruchirappalli,5403,643,1275,3485,0.355,0.645
2024-07-29,Tiruchirappalli,5396,646,1275,3475,0.356,0.644
2024-08-05,Tiruchirappalli,5376,645,1275,3456,0.3571,0.6429
2024-08-12,Tiruchirappalli,5343,640,1275,3428,0.3584,0.6416
2024-08-19,Tiruchirappalli,5269,628,1267,3374,0.3597,0.6403
2024-08-26,Tiruchirappalli,5267,622,1278,3367,0.3607,0.6393
2024-09-02,Tiruchirappalli,5301,618,1298,3385,0.3614,0.6386
2024-09-09,Tiruchirappalli,5263,605,1299,3359,0.3618,0.6382
2024-09-16,Tiruchirappalli,5298,599,1316,3383,0.3615,0.6385
2024-09-23,Tiruchirappalli,5312,590,1326,3396,0.3607,0.6393
2024-09-30,Tiruchirappalli,5392,589,1348,3455,0.3592,0.6408
2024-10-07,Tiruchirappalli,5394,580,1347,3467,0.3572,0.6428
2024-10-14,Tiruchirappalli,5395,572,1343,3480,0.355,0.645
2024-10-21,Tiruchirappalli,5426,570,1342,3514,0.3524,0.6476
2024-10-28,Tiruchirappalli,5409,564,1328,3517,0.3498,0.6502
2024-11-04,Tiruchirappalli,5317,553,1294,3470,0.3474,0.6526
2024-11-11,Tiruchirappalli,5255,548,1267,3440,0.3454,0.6546
2024-11-18,Tiruchirappalli,5229,548,1251,3430,0.344,0.656
2024-11-25,Tiruchirappalli,5211,552,1238,3421,0.3435,0.6565
2024-12-02,Tiruchirappalli,5243,563,1240,3440,0.3439,0.6561
2024-12-09,Tiruchirappalli,5268,575,1243,3450,0.3451,0.6549
2024-12-16,Tiruchirappalli,5390,598,1273,3519,0.3471,0.6529
2024-12-23,Tiruchirappalli,5367,606,1273,3488,0.3501,0.6499
2024-12-30,Tiruchirappalli,5456,626,1302,3528,0.3534,0.6466
2025-01-06,Tiruchirappalli,5429,632,1306,3491,0.357,0.643
2025-01-13,Tiruchirappalli,5485,647,1331,3507,0.3606,0.6394
2025-01-20,Tiruchirappalli,5487,653,1343,3491,0.3638,0.6362
2025-01-27,Tiruchirappalli,5427,650,1339,3438,0.3665,0.6335
2025-02-03,Tiruchirappalli,5419,650,1346,3423,0.3683,0.6317
2025-02-10,Tiruchirappalli,5405,647,1349,3409,0.3693,0.6307
2025-02-17,Tiruchirappalli,5339,636,1335,3368,0.3692,0.6308
2025-02-24,Tiruchirappalli,5347,631,1336,3380,0.3679,0.6321
2025-03-03,Tiruchirappalli,5331,622,1327,3382,0.3656,0.6344
2025-03-10,Tiruchirappalli,5333,613,1319,3401,0.3623,0.6377
2025-03-17,Tiruchirappalli,5371,607,1319,3445,0.3586,0.6414
2025-03-24,Tiruchirappalli,5387,599,1311,3477,0.3546,0.6454
2025-03-31,Tiruchirappalli,5419,592,1307,3520,0.3504,0.6496
2025-04-07,Tiruchirappalli,5463,587,1307,3569,0.3467,0.6533
2025-04-14,Tiruchirappalli,5426,576,1289,3561,0.3437,0.6563
2025-04-21,Tiruchirappalli,5419,569,1281,3569,0.3414,0.6586
2025-04-28,Tiruchirappalli,5431,566,1282,3583,0.3403,0.6597
2025-05-05,Tiruchirappalli,5360,557,1266,3537,0.3401,0.6599
2025-05-12,Tiruchirappalli,5325,555,1263,3507,0.3414,0.6586
2025-05-19,Tiruchirappalli,5296,555,1264,3477,0.3435,0.6565
2025-05-26,Tiruchirappalli,5256,557,1264,3435,0.3465,0.6535
2025-06-02,Tiruchirappalli,5305,570,1287,3448,0.35,0.65
2025-06-09,Tiruchirappalli,5315,580,1301,3434,0.3539,0.6461
2025-06-16,Tiruchirappalli,5327,591,1315,3421,0.3578,0.6422
2025-06-23,Tiruchirappalli,5381,607,1337,3437,0.3613,0.6387
2024-01-01,Salem,5222,604,1303,3315,0.3652,0.6348
2024-01-08,Salem,5273,618,1310,3345,0.3656,0.6344
2024-01-15,Salem,5300,628,1309,3363,0.3655,0.6345
2024-01-22,Salem,5301,633,1298,3370,0.3643,0.6357
2024-01-29,Salem,5264,631,1278,3355,0.3627,0.6373
2024-02-05,Salem,5204,624,1252,3328,0.3605,0.6395
2024-02-12,Salem,5223,624,1247,3352,0.3582,0.6418
2024-02-19,Salem,5199,617,1233,3349,0.3558,0.6442
2024-02-26,Salem,5190,609,1226,3355,0.3536,0.6464
2024-03-04,Salem,5170,599,1220,3351,0.3518,0.6482
2024-03-11,Salem,5237,597,1238,3402,0.3504,0.6496
2024-03-18,Salem,5276,592,1253,3431,0.3497,0.6503
2024-03-25,Salem,5282,582,1263,3437,0.3493,0.6507
2024-04-01,Salem,5268,571,1270,3427,0.3495,0.6505
2024-04-08,Salem,5320,568,1294,3458,0.35,0.65
2024-04-15,Salem,5270,556,1293,3421,0.3509,0.6491
2024-04-22,Salem,5227,547,1293,3387,0.352,0.648
2024-04-29,Salem,5225,544,1300,3381,0.3529,0.6471
2024-05-06,Salem,5190,540,1296,3354,0.3538,0.6462
2024-05-13,Salem,5160,539,1290,3331,0.3545,0.6455
2024-05-20,Salem,5150,543,1285,3322,0.355,0.645
2024-05-27,Salem,5154,549,1281,3324,0.3551,0.6449
2024-06-03,Salem,5157,558,1273,3326,0.3551,0.6449
2024-06-10,Salem,5227,575,1280,3372,0.3549,0.6451
2024-06-17,Salem,5248,587,1274,3387,0.3546,0.6454
2024-06-24,Salem,5304,604,1276,3424,0.3544,0.6456
2024-07-01,Salem,5326,616,1271,3439,0.3543,0.6457
2024-07-08,Salem,5338,626,1266,3446,0.3544,0.6456
2024-07-15,Salem,5311,629,1255,3427,0.3547,0.6453
2024-07-22,Salem,5275,630,1245,3400,0.3555,0.6445
2024-07-29,Salem,5253,630,1242,3381,0.3564,0.6436
2024-08-05,Salem,5245,629,1246,3370,0.3575,0.6425
2024-08-12,Salem,5194,621,1242,3331,0.3587,0.6413
2024-08-19,Salem,5151,611,1242,3298,0.3597,0.6403
2024-08-26,Salem,5152,605,1253,3294,0.3606,0.6394
2024-09-02,Salem,5176,600,1270,3306,0.3613,0.6387
2024-09-09,Salem,5194,592,1285,3317,0.3614,0.6386
2024-09-16,Salem,5184,581,1290,3313,0.3609,0.6391
2024-09-23,Salem,5197,573,1298,3326,0.36,0.64
2024-09-30,Salem,5239,568,1310,3361,0.3585,0.6415
2024-10-07,Salem,5200,555,1298,3347,0.3563,0.6437
2024-10-14,Salem,5191,548,1290,3353,0.3541,0.6459
2024-10-21,Salem,5138,537,1269,3332,0.3515,0.6485
2024-10-28,Salem,5088,530,1246,3312,0.3491,0.6509
2024-11-04,Salem,5082,529,1234,3319,0.3469,0.6531
2024-11-11,Salem,5053,528,1216,3309,0.3451,0.6549
2024-11-18,Salem,5101,537,1218,3346,0.3441,0.6559
2024-11-25,Salem,5114,545,1213,3356,0.3438,0.6562
2024-12-02,Salem,5165,559,1220,3386,0.3444,0.6556
2024-12-09,Salem,5175,569,1221,3385,0.3459,0.6541
2024-12-16,Salem,5181,580,1225,3376,0.3484,0.6516
2024-12-23,Salem,5241,596,1245,3400,0.3513,0.6487
2024-12-30,Salem,5275,610,1261,3404,0.3547,0.6453
2025-01-06,Salem,5370,629,1295,3446,0.3583,0.6417
2025-01-13,Salem,5384,638,1310,3436,0.3618,0.6382
2025-01-20,Salem,5359,640,1315,3404,0.3648,0.6352
2025-01-27,Salem,5336,640,1320,3376,0.3673,0.6327
2025-02-03,Salem,5314,637,1322,3355,0.3686,0.6314
2025-02-10,Salem,5265,629,1315,3321,0.3692,0.6308
2025-02-17,Salem,5197,617,1299,3281,0.3687,0.6313
2025-02-24,Salem,5173,607,1291,3275,0.3669,0.6331
2025-03-03,Salem,5160,598,1282,3280,0.3643,0.6357
2025-03-10,Salem,5200,593,1284,3323,0.361,0.639
2025-03-17,Salem,5255,589,1287,3379,0.357,0.643
2025-03-24,Salem,5248,578,1274,3396,0.3529,0.6471
2025-03-31,Salem,5279,572,1270,3437,0.3489,0.6511
2025-04-07,Salem,5291,565,1263,3463,0.3455,0.6545
2025-04-14,Salem,5321,561,1262,3498,0.3426,0.6574
2025-04-21,Salem,5333,558,1260,3515,0.3409,0.6591
2025-04-28,Salem,5339,556,1260,3523,0.3401,0.6599
2025-05-05,Salem,5325,554,1259,3512,0.3405,0.6595
2025-05-12,Salem,5263,550,1250,3463,0.342,0.658
2025-05-19,Salem,5244,552,1254,3438,0.3444,0.6556
2025-05-26,Salem,5265,561,1269,3435,0.3476,0.6524
2025-06-02,Salem,5249,568,1277,3404,0.3515,0.6485
2025-06-09,Salem,5293,582,1299,3412,0.3554,0.6446
2025-06-16,Salem,5309,594,1313,3402,0.3592,0.6408
2025-06-23,Salem,5346,608,1330,3408,0.3625,0.6375
2024-01-01,Tiruppur,5149,599,1284,3266,0.3657,0.6343
2024-01-08,Tiruppur,5184,611,1286,3287,0.3659,0.6341
2024-01-15,Tiruppur,5201,619,1281,3301,0.3653,0.6347
2024-01-22,Tiruppur,5187,621,1267,3299,0.364,0.636
2024-01-29,Tiruppur,5158,619,1249,3290,0.3622,0.6378
2024-02-05,Tiruppur,5148,617,1236,3295,0.3599,0.6401
2024-02-12,Tiruppur,5113,609,1218,3286,0.3573,0.6427
2024-02-19,Tiruppur,5107,603,1210,3294,0.355,0.645
2024-02-26,Tiruppur,5099,595,1204,3300,0.3528,0.6472
2024-03-04,Tiruppur,5087,585,1201,3301,0.3511,0.6489
2024-03-11,Tiruppur,5154,583,1220,3351,0.3498,0.6502
2024-03-18,Tiruppur,5115,569,1217,3329,0.3492,0.6508
2024-03-25,Tiruppur,5166,565,1238,3363,0.349,0.651
2024-04-01,Tiruppur,5142,553,1243,3346,0.3493,0.6507
2024-04-08,Tiruppur,5125,544,1250,3331,0.35,0.65
2024-04-15,Tiruppur,5092,535,1252,3305,0.3509,0.6491
2024-04-22,Tiruppur,5089,531,1261,3297,0.3521,0.6479
2024-04-29,Tiruppur,5021,522,1251,3248,0.3531,0.6469
2024-05-06,Tiruppur,5015,523,1253,3239,0.3541,0.6459
2024-05-13,Tiruppur,5000,524,1250,3226,0.3548,0.6452
2024-05-20,Tiruppur,4996,529,1246,3221,0.3553,0.6447
2024-05-27,Tiruppur,5027,540,1247,3240,0.3555,0.6445
2024-06-03,Tiruppur,5135,560,1265,3310,0.3554,0.6446
2024-06-10,Tiruppur,5135,569,1255,3311,0.3552,0.6448
2024-06-17,Tiruppur,5159,582,1249,3328,0.3549,0.6451
2024-06-24,Tiruppur,5217,598,1252,3367,0.3546,0.6454
2024-07-01,Tiruppur,5226,608,1245,3373,0.3546,0.6454
2024-07-08,Tiruppur,5218,615,1236,3367,0.3547,0.6453
2024-07-15,Tiruppur,5244,624,1238,3382,0.3551,0.6449
2024-07-22,Tiruppur,5172,619,1221,3332,0.3558,0.6442
2024-07-29,Tiruppur,5158,619,1221,3318,0.3567,0.6433
2024-08-05,Tiruppur,5134,615,1221,3298,0.3576,0.6424
2024-08-12,Tiruppur,5145,613,1233,3299,0.3588,0.6412
2024-08-19,Tiruppur,5095,602,1231,3262,0.3598,0.6402
2024-08-26,Tiruppur,5093,594,1242,3257,0.3605,0.6395
2024-09-02,Tiruppur,5089,585,1252,3252,0.361,0.639
2024-09-09,Tiruppur,5113,578,1267,3268,0.3608,0.6392
2024-09-16,Tiruppur,5095,567,1269,3259,0.3604,0.6396
2024-09-23,Tiruppur,5146,563,1286,3297,0.3593,0.6407
2024-09-30,Tiruppur,5145,554,1286,3305,0.3576,0.6424
2024-10-07,Tiruppur,5166,548,1288,3330,0.3554,0.6446
2024-10-14,Tiruppur,5112,537,1268,3307,0.3531,0.6469
2024-10-21,Tiruppur,5146,537,1268,3341,0.3508,0.6492
2024-10-28,Tiruppur,5127,533,1253,3341,0.3484,0.6516
2024-11-04,Tiruppur,5133,535,1243,3355,0.3464,0.6536
2024-11-11,Tiruppur,5069,531,1217,3321,0.3448,0.6552
2024-11-18,Tiruppur,5064,536,1206,3322,0.344,0.656
2024-11-25,Tiruppur,5062,543,1199,3320,0.3441,0.6559
2024-12-02,Tiruppur,5140,560,1214,3366,0.3451,0.6549
2024-12-09,Tiruppur,5173,574,1221,3378,0.347,0.653
2024-12-16,Tiruppur,5230,590,1238,3402,0.3495,0.6505
2024-12-23,Tiruppur,5251,602,1249,3400,0.3525,0.6475
2024-12-30,Tiruppur,5258,612,1260,3386,0.356,0.644
2025-01-06,Tiruppur,5267,621,1273,3373,0.3596,0.6404
2025-01-13,Tiruppur,5299,631,1292,3376,0.3629,0.6371
2025-01-20,Tiruppur,5231,626,1287,3318,0.3657,0.6343
2025-01-27,Tiruppur,5238,629,1298,3311,0.3679,0.6321
2025-02-03,Tiruppur,5215,625,1299,3291,0.3689,0.6311
2025-02-10,Tiruppur,5177,617,1294,3266,0.3691,0.6309
2025-02-17,Tiruppur,5153,609,1288,3256,0.3681,0.6319
2025-02-24,Tiruppur,5141,600,1282,3259,0.3661,0.6339
2025-03-03,Tiruppur,5148,592,1277,3279,0.3631,0.6369
2025-03-10,Tiruppur,5138,581,1266,3291,0.3595,0.6405
2025-03-17,Tiruppur,5125,570,1252,3303,0.3555,0.6445
2025-03-24,Tiruppur,5119,560,1239,3320,0.3514,0.6486
2025-03-31,Tiruppur,5149,554,1236,3359,0.3476,0.6524
2025-04-07,Tiruppur,5117,543,1219,3355,0.3443,0.6557
2025-04-14,Tiruppur,5146,540,1219,3387,0.3418,0.6582
2025-04-21,Tiruppur,5117,534,1208,3375,0.3404,0.6596
2025-04-28,Tiruppur,5100,530,1204,3366,0.34,0.66
2025-05-05,Tiruppur,5072,529,1200,3343,0.3409,0.6591
2025-05-12,Tiruppur,5065,531,1205,3329,0.3427,0.6573
2025-05-19,Tiruppur,5085,539,1218,3328,0.3455,0.6545
2025-05-26,Tiruppur,5058,543,1222,3293,0.349,0.651
2025-06-02,Tiruppur,5118,558,1248,3312,0.3529,0.6471
2025-06-09,Tiruppur,5157,572,1268,3317,0.3568,0.6432
2025-06-16,Tiruppur,5212,588,1291,3333,0.3605,0.6395
2025-06-23,Tiruppur,5233,600,1304,3329,0.3638,0.6362
2024-01-01,Erode,4987,584,1242,3161,0.3662,0.6338
2024-01-08,Erode,4978,590,1233,3155,0.3662,0.6338
2024-01-15,Erode,4936,589,1214,3133,0.3653,0.6347
2024-01-22,Erode,4960,595,1209,3156,0.3637,0.6363
2024-01-29,Erode,4926,591,1190,3145,0.3616,0.6384
2024-02-05,Erode,4949,592,1185,3172,0.3591,0.6409
2024-02-12,Erode,4972,590,1182,3200,0.3564,0.6436
2024-02-19,Erode,4946,581,1170,3195,0.354,0.646
2024-02-26,Erode,4977,577,1175,3225,0.352,0.648
2024-03-04,Erode,4975,568,1175,3232,0.3504,0.6496
2024-03-11,Erode,5018,563,1189,3266,0.3491,0.6509
2024-03-18,Erode,5018,553,1196,3269,0.3485,0.6515
2024-03-25,Erode,5014,544,1204,3266,0.3486,0.6514
2024-04-01,Erode,5005,535,1213,3257,0.3493,0.6507
2024-04-08,Erode,4974,525,1216,3233,0.35,0.65
2024-04-15,Erode,4998,523,1232,3243,0.3511,0.6489
2024-04-22,Erode,4967,517,1233,3217,0.3523,0.6477
2024-04-29,Erode,4931,513,1230,3188,0.3535,0.6465
2024-05-06,Erode,4892,511,1223,3158,0.3545,0.6455
2024-05-13,Erode,4858,512,1214,3132,0.3553,0.6447
2024-05-20,Erode,4859,518,1210,3131,0.3556,0.6444
2024-05-27,Erode,4930,533,1221,3176,0.3558,0.6442
2024-06-03,Erode,4971,546,1222,3203,0.3557,0.6443
2024-06-10,Erode,5052,565,1231,3256,0.3555,0.6445
2024-06-17,Erode,5094,579,1230,3285,0.3551,0.6449
2024-06-24,Erode,5126,592,1228,3306,0.3551,0.6449
2024-07-01,Erode,5156,604,1226,3326,0.3549,0.6451
2024-07-08,Erode,5143,609,1217,3317,0.355,0.645
2024-07-15,Erode,5119,611,1208,3300,0.3553,0.6447
2024-07-22,Erode,5051,606,1193,3252,0.3562,0.6438
2024-07-29,Erode,5029,603,1192,3234,0.3569,0.6431
2024-08-05,Erode,5007,599,1193,3215,0.3579,0.6421
2024-08-12,Erode,5052,600,1213,3239,0.3589,0.6411
2024-08-19,Erode,5022,590,1217,3215,0.3598,0.6402
2024-08-26,Erode,5004,580,1223,3201,0.3603,0.6397
2024-09-02,Erode,5075,579,1251,3245,0.3606,0.6394
2024-09-09,Erode,5064,568,1257,3239,0.3604,0.6396
2024-09-16,Erode,5074,560,1265,3249,0.3597,0.6403
2024-09-23,Erode,5042,547,1260,3235,0.3584,0.6416
2024-09-30,Erode,5035,538,1258,3239,0.3567,0.6433
2024-10-07,Erode,5051,533,1258,3260,0.3546,0.6454
2024-10-14,Erode,5011,524,1241,3246,0.3522,0.6478
2024-10-21,Erode,5003,521,1230,3252,0.35,0.65
2024-10-28,Erode,4944,514,1205,3225,0.3477,0.6523
2024-11-04,Erode,4908,513,1185,3210,0.346,0.654
2024-11-11,Erode,4937,520,1182,3235,0.3447,0.6553
2024-11-18,Erode,4912,523,1168,3221,0.3443,0.6557
2024-11-25,Erode,4922,532,1165,3225,0.3448,0.6552
2024-12-02,Erode,4970,546,1173,3251,0.3459,0.6541
2024-12-09,Erode,4979,557,1176,3246,0.3481,0.6519
2024-12-16,Erode,5047,574,1196,3277,0.3507,0.6493
2024-12-23,Erode,5102,589,1216,3297,0.3538,0.6462
2024-12-30,Erode,5121,600,1230,3291,0.3574,0.6426
2025-01-06,Erode,5138,609,1245,3284,0.3608,0.6392
2025-01-13,Erode,5150,615,1259,3276,0.3639,0.6361
2025-01-20,Erode,5147,617,1269,3261,0.3664,0.6336
2025-01-27,Erode,5115,614,1269,3232,0.3681,0.6319
2025-02-03,Erode,5134,614,1280,3240,0.3689,0.6311
2025-02-10,Erode,5106,606,1276,3224,0.3686,0.6314
2025-02-17,Erode,5078,596,1269,3213,0.3673,0.6327
2025-02-24,Erode,5073,588,1263,3222,0.3649,0.6351
2025-03-03,Erode,5071,579,1256,3236,0.3619,0.6381
2025-03-10,Erode,5088,571,1251,3266,0.3581,0.6419
2025-03-17,Erode,5107,563,1245,3299,0.354,0.646
2025-03-24,Erode,5123,556,1237,3330,0.35,0.65
2025-03-31,Erode,5123,547,1227,3349,0.3463,0.6537
2025-04-07,Erode,5077,536,1207,3334,0.3433,0.6567
2025-04-14,Erode,5096,533,1206,3357,0.3412,0.6588
2025-04-21,Erode,5079,529,1199,3351,0.3402,0.6598
2025-04-28,Erode,5064,527,1196,3341,0.3402,0.6598
2025-05-05,Erode,4997,522,1184,3291,0.3414,0.6586
2025-05-12,Erode,4930,519,1175,3236,0.3436,0.6564
2025-05-19,Erode,4944,527,1187,3230,0.3467,0.6533
2025-05-26,Erode,4957,536,1201,3220,0.3504,0.6496
2025-06-02,Erode,4999,549,1222,3228,0.3543,0.6457
2025-06-09,Erode,5097,570,1256,3271,0.3582,0.6418
2025-06-16,Erode,5124,583,1272,3269,0.362,0.638
2025-06-23,Erode,5141,594,1282,3265,0.3649,0.6351
2024-01-01,Tirunelveli,4870,574,1211,3085,0.3665,0.6335
2024-01-08,Tirunelveli,4907,584,1213,3110,0.3662,0.6338
2024-01-15,Tirunelveli,4865,582,1193,3090,0.3649,0.6351
2024-01-22,Tirunelveli,4857,583,1181,3093,0.3632,0.6368
2024-01-29,Tirunelveli,4849,581,1168,3100,0.3607,0.6393
2024-02-05,Tirunelveli,4807,573,1149,3085,0.3582,0.6418
2024-02-12,Tirunelveli,4832,571,1147,3114,0.3555,0.6445
2024-02-19,Tirunelveli,4849,566,1146,3137,0.3531,0.6469
2024-02-26,Tirunelveli,4840,557,1142,3141,0.351,0.649
2024-03-04,Tirunelveli,4833,547,1142,3144,0.3495,0.6505
2024-03-11,Tirunelveli,4871,542,1156,3173,0.3486,0.6514
2024-03-18,Tirunelveli,4871,533,1163,3175,0.3482,0.6518
2024-03-25,Tirunelveli,4859,523,1170,3166,0.3484,0.6516
2024-04-01,Tirunelveli,4850,515,1178,3157,0.3491,0.6509
2024-04-08,Tirunelveli,4861,511,1191,3159,0.3501,0.6499
2024-04-15,Tirunelveli,4839,505,1195,3139,0.3513,0.6487
2024-04-22,Tirunelveli,4805,500,1194,3111,0.3525,0.6475
2024-04-29,Tirunelveli,4771,497,1191,3083,0.3538,0.6462
2024-05-06,Tirunelveli,4764,499,1191,3074,0.3547,0.6453
2024-05-13,Tirunelveli,4768,505,1190,3073,0.3555,0.6445
2024-05-20,Tirunelveli,4833,518,1202,3113,0.3559,0.6441
2024-05-27,Tirunelveli,4845,528,1198,3119,0.3562,0.6438
2024-06-03,Tirunelveli,4883,541,1198,3144,0.3561,0.6439
2024-06-10,Tirunelveli,4951,558,1204,3189,0.3559,0.6441
2024-06-17,Tirunelveli,4973,570,1198,3205,0.3555,0.6445
2024-06-24,Tirunelveli,4966,578,1187,3201,0.3554,0.6446
2024-07-01,Tirunelveli,4963,585,1178,3200,0.3552,0.6448
2024-07-08,Tirunelveli,4991,594,1180,3217,0.3554,0.6446
2024-07-15,Tirunelveli,5010,600,1182,3228,0.3557,0.6443
2024-07-22,Tirunelveli,5006,601,1183,3222,0.3564,0.6436
2024-07-29,Tirunelveli,4996,599,1185,3212,0.3571,0.6429
2024-08-05,Tirunelveli,4938,589,1179,3170,0.358,0.642
2024-08-12,Tirunelveli,4908,580,1181,3147,0.3588,0.6412
2024-08-19,Tirunelveli,4906,573,1192,3141,0.3598,0.6402
2024-08-26,Tirunelveli,4903,564,1202,3137,0.3602,0.6398
2024-09-02,Tirunelveli,4915,556,1214,3145,0.3601,0.6399
2024-09-09,Tirunelveli,4917,547,1222,3148,0.3598,0.6402
2024-09-16,Tirunelveli,4899,536,1223,3140,0.3591,0.6409
2024-09-23,Tirunelveli,4957,534,1239,3184,0.3577,0.6423
2024-09-30,Tirunelveli,4942,525,1234,3183,0.3559,0.6441
2024-10-07,Tirunelveli,4924,517,1225,3182,0.3538,0.6462
2024-10-14,Tirunelveli,4874,508,1205,3161,0.3515,0.6485
2024-10-21,Tirunelveli,4852,505,1190,3157,0.3493,0.6507
2024-10-28,Tirunelveli,4829,503,1174,3152,0.3473,0.6527
2024-11-04,Tirunelveli,4806,504,1158,3144,0.3458,0.6542
2024-11-11,Tirunelveli,4782,506,1143,3133,0.3448,0.6552
2024-11-18,Tirunelveli,4805,515,1141,3149,0.3446,0.6554
2024-11-25,Tirunelveli,4830,526,1142,3162,0.3453,0.6547
2024-12-02,Tirunelveli,4847,537,1144,3166,0.3468,0.6532
2024-12-09,Tirunelveli,4930,556,1165,3209,0.3491,0.6509
2024-12-16,Tirunelveli,4961,569,1177,3215,0.3519,0.6481
2024-12-23,Tirunelveli,4962,577,1185,3200,0.3551,0.6449
2024-12-30,Tirunelveli,4997,589,1203,3205,0.3586,0.6414
2025-01-06,Tirunelveli,5023,598,1220,3205,0.3619,0.6381
2025-01-13,Tirunelveli,4998,598,1225,3175,0.3647,0.6353
2025-01-20,Tirunelveli,4959,595,1225,3139,0.367,0.633
2025-01-27,Tirunelveli,4924,590,1224,3110,0.3684,0.6316
2025-02-03,Tirunelveli,4911,585,1226,3100,0.3688,0.6312
2025-02-10,Tirunelveli,4893,578,1223,3092,0.3681,0.6319
2025-02-17,Tirunelveli,4886,570,1220,3096,0.3664,0.6336
2025-02-24,Tirunelveli,4890,563,1216,3111,0.3638,0.6362
2025-03-03,Tirunelveli,4909,556,1213,3140,0.3604,0.6396
2025-03-10,Tirunelveli,4942,550,1212,3180,0.3565,0.6435
2025-03-17,Tirunelveli,4920,538,1196,3186,0.3524,0.6476
2025-03-24,Tirunelveli,4911,529,1183,3199,0.3486,0.6514
2025-03-31,Tirunelveli,4900,520,1171,3209,0.3451,0.6549
2025-04-07,Tirunelveli,4883,513,1159,3211,0.3424,0.6576
2025-04-14,Tirunelveli,4859,507,1148,3204,0.3406,0.6594
2025-04-21,Tirunelveli,4804,500,1134,3170,0.3401,0.6599
2025-04-28,Tirunelveli,4786,499,1131,3156,0.3406,0.6594
2025-05-05,Tirunelveli,4808,504,1141,3163,0.3421,0.6579
2025-05-12,Tirunelveli,4807,509,1148,3150,0.3447,0.6553
2025-05-19,Tirunelveli,4842,519,1166,3157,0.348,0.652
2025-05-26,Tirunelveli,4834,527,1174,3133,0.3519,0.6481
2025-06-02,Tirunelveli,4913,544,1204,3165,0.3558,0.6442
2025-06-09,Tirunelveli,4942,557,1221,3164,0.3598,0.6402
2025-06-16,Tirunelveli,5005,574,1244,3187,0.3632,0.6368
2025-06-23,Tirunelveli,5048,587,1260,3201,0.3659,0.6341
2024-01-01,Thoothukudi,4754,563,1181,3010,0.3668,0.6332
2024-01-08,Thoothukudi,4731,565,1167,2999,0.3661,0.6339
2024-01-15,Thoothukudi,4756,570,1164,3022,0.3646,0.6354
2024-01-22,Thoothukudi,4733,568,1148,3017,0.3626,0.6374
2024-01-29,Thoothukudi,4715,564,1133,3018,0.3599,0.6401
2024-02-05,Thoothukudi,4706,559,1122,3025,0.3572,0.6428
2024-02-12,Thoothukudi,4739,557,1123,3059,0.3545,0.6455
2024-02-19,Thoothukudi,4737,549,1119,3069,0.3521,0.6479
2024-02-26,Thoothukudi,4746,542,1120,3084,0.3502,0.6498
2024-03-04,Thoothukudi,4740,532,1121,3087,0.3487,0.6513
2024-03-11,Thoothukudi,4759,525,1131,3103,0.348,0.652
2024-03-18,Thoothukudi,4790,520,1146,3124,0.3478,0.6522
2024-03-25,Thoothukudi,4800,513,1158,3129,0.3481,0.6519
2024-04-01,Thoothukudi,4715,498,1148,3069,0.3491,0.6509
2024-04-08,Thoothukudi,4693,491,1153,3049,0.3503,0.6497
2024-04-15,Thoothukudi,4698,489,1163,3046,0.3516,0.6484
2024-04-22,Thoothukudi,4693,488,1168,3037,0.3529,0.6471
2024-04-29,Thoothukudi,4656,486,1163,3007,0.3542,0.6458
2024-05-06,Thoothukudi,4665,491,1166,3008,0.3552,0.6448
2024-05-13,Thoothukudi,4657,496,1162,2999,0.356,0.644
2024-05-20,Thoothukudi,4672,505,1160,3007,0.3564,0.6436
2024-05-27,Thoothukudi,4732,520,1167,3045,0.3565,0.6435
2024-06-03,Thoothukudi,4787,535,1171,3081,0.3564,0.6436
2024-06-10,Thoothukudi,4822,548,1169,3105,0.3561,0.6439
2024-06-17,Thoothukudi,4877,563,1172,3142,0.3558,0.6442
2024-06-24,Thoothukudi,4867,570,1161,3136,0.3557,0.6443
2024-07-01,Thoothukudi,4857,575,1151,3131,0.3554,0.6446
2024-07-08,Thoothukudi,4867,581,1150,3136,0.3557,0.6443
2024-07-15,Thoothukudi,4846,581,1144,3121,0.356,0.644
2024-07-22,Thoothukudi,4840,581,1145,3114,0.3566,0.6434
2024-07-29,Thoothukudi,4770,570,1134,3066,0.3572,0.6428
2024-08-05,Thoothukudi,4734,562,1133,3039,0.358,0.642
2024-08-12,Thoothukudi,4722,555,1139,3028,0.3587,0.6413
2024-08-19,Thoothukudi,4719,547,1149,3023,0.3594,0.6406
2024-08-26,Thoothukudi,4783,546,1175,3062,0.3598,0.6402
2024-09-02,Thoothukudi,4819,541,1193,3085,0.3598,0.6402
2024-09-09,Thoothukudi,4809,531,1197,3081,0.3593,0.6407
2024-09-16,Thoothukudi,4825,524,1205,3096,0.3583,0.6417
2024-09-23,Thoothukudi,4817,515,1204,3098,0.3569,0.6431
2024-09-30,Thoothukudi,4789,506,1195,3088,0.3552,0.6448
2024-10-07,Thoothukudi,4782,500,1188,3094,0.353,0.647
2024-10-14,Thoothukudi,4733,493,1168,3072,0.3509,0.6491
2024-10-21,Thoothukudi,4723,491,1156,3076,0.3487,0.6513
2024-10-28,Thoothukudi,4710,492,1142,3076,0.3469,0.6531
2024-11-04,Thoothukudi,4693,494,1128,3071,0.3456,0.6544
2024-11-11,Thoothukudi,4716,502,1125,3089,0.345,0.655
2024-11-18,Thoothukudi,4792,518,1136,3138,0.3452,0.6548
2024-11-25,Thoothukudi,4830,530,1141,3159,0.346,0.654
2024-12-02,Thoothukudi,4866,544,1148,3174,0.3477,0.6523
2024-12-09,Thoothukudi,4892,556,1157,3179,0.3502,0.6498
2024-12-16,Thoothukudi,4920,568,1169,3183,0.353,0.647
2024-12-23,Thoothukudi,4913,575,1176,3162,0.3564,0.6436
2024-12-30,Thoothukudi,4918,582,1187,3149,0.3597,0.6403
2025-01-06,Thoothukudi,4924,588,1199,3137,0.3629,0.6371
2025-01-13,Thoothukudi,4878,585,1198,3095,0.3655,0.6345
2025-01-20,Thoothukudi,4827,579,1195,3053,0.3675,0.6325
2025-01-27,Thoothukudi,4792,573,1193,3026,0.3685,0.6315
2025-02-03,Thoothukudi,4781,568,1194,3019,0.3685,0.6315
2025-02-10,Thoothukudi,4829,567,1207,3055,0.3674,0.6326
2025-02-17,Thoothukudi,4854,563,1211,3080,0.3655,0.6345
2025-02-24,Thoothukudi,4868,556,1209,3103,0.3626,0.6374
2025-03-03,Thoothukudi,4903,550,1210,3143,0.359,0.641
2025-03-10,Thoothukudi,4921,543,1204,3174,0.355,0.645
2025-03-17,Thoothukudi,4932,535,1196,3201,0.351,0.649
2025-03-24,Thoothukudi,4909,525,1180,3204,0.3473,0.6527
2025-03-31,Thoothukudi,4890,516,1166,3208,0.344,0.656
2025-04-07,Thoothukudi,4855,508,1151,3196,0.3417,0.6583
2025-04-14,Thoothukudi,4787,498,1131,3158,0.3403,0.6597
2025-04-21,Thoothukudi,4747,494,1120,3133,0.34,0.66
2025-04-28,Thoothukudi,4711,492,1114,3105,0.3409,0.6591
2025-05-05,Thoothukudi,4716,496,1121,3099,0.3429,0.6571
2025-05-12,Thoothukudi,4768,508,1141,3119,0.3458,0.6542
2025-05-19,Thoothukudi,4782,517,1154,3111,0.3494,0.6506
2025-05-26,Thoothukudi,4817,529,1173,3115,0.3533,0.6467
2025-06-02,Thoothukudi,4869,544,1196,3129,0.3574,0.6426
2025-06-09,Thoothukudi,4856,552,1202,3102,0.3612,0.6388
2025-06-16,Thoothukudi,4877,563,1214,3100,0.3644,0.6356
2025-06-23,Thoothukudi,4896,573,1223,3100,0.3668,0.6332
2024-01-01,Vellore,4731,563,1173,2995,0.3669,0.6331
2024-01-08,Vellore,4674,559,1151,2964,0.3659,0.6341
2024-01-15,Vellore,4691,563,1145,2983,0.3641,0.6359
2024-01-22,Vellore,4659,558,1127,2974,0.3617,0.6383
2024-01-29,Vellore,4623,551,1109,2963,0.3591,0.6409
2024-02-05,Vellore,4643,549,1105,2989,0.3562,0.6438
2024-02-12,Vellore,4650,543,1101,3006,0.3535,0.6465
2024-02-19,Vellore,4682,539,1105,3038,0.3511,0.6489
2024-02-26,Vellore,4656,527,1099,3030,0.3492,0.6508
2024-03-04,Vellore,4672,520,1106,3046,0.348,0.652
2024-03-11,Vellore,4707,515,1121,3071,0.3476,0.6524
2024-03-18,Vellore,4722,509,1132,3081,0.3475,0.6525
2024-03-25,Vellore,4690,498,1135,3057,0.3482,0.6518
2024-04-01,Vellore,4695,493,1146,3056,0.3491,0.6509
2024-04-08,Vellore,4654,485,1146,3023,0.3505,0.6495
2024-04-15,Vellore,4659,485,1155,3019,0.352,0.648
2024-04-22,Vellore,4636,483,1155,2998,0.3533,0.6467
2024-04-29,Vellore,4640,486,1160,2994,0.3547,0.6453
2024-05-06,Vellore,4658,493,1164,3001,0.3557,0.6443
2024-05-13,Vellore,4635,497,1155,2983,0.3564,0.6436
2024-05-20,Vellore,4674,509,1159,3006,0.3569,0.6431
2024-05-27,Vellore,4737,525,1166,3046,0.357,0.643
2024-06-03,Vellore,4786,539,1168,3079,0.3567,0.6433
2024-06-10,Vellore,4804,550,1162,3092,0.3564,0.6436
2024-06-17,Vellore,4808,559,1153,3096,0.3561,0.6439
2024-06-24,Vellore,4827,569,1149,3109,0.3559,0.6441
2024-07-01,Vellore,4799,571,1136,3092,0.3557,0.6443
2024-07-08,Vellore,4726,566,1116,3044,0.3559,0.6441
2024-07-15,Vellore,4656,559,1099,2998,0.3561,0.6439
2024-07-22,Vellore,4650,557,1101,2992,0.3566,0.6434
2024-07-29,Vellore,4647,554,1106,2987,0.3572,0.6428
2024-08-05,Vellore,4698,555,1127,3016,0.358,0.642
2024-08-12,Vellore,4711,550,1140,3021,0.3587,0.6413
2024-08-19,Vellore,4720,543,1152,3025,0.3591,0.6409
2024-08-26,Vellore,4784,542,1178,3064,0.3595,0.6405
2024-09-02,Vellore,4754,529,1179,3046,0.3593,0.6407
2024-09-09,Vellore,4763,521,1187,3055,0.3586,0.6414
2024-09-16,Vellore,4815,519,1203,3093,0.3576,0.6424
2024-09-23,Vellore,4814,511,1203,3100,0.356,0.644
2024-09-30,Vellore,4764,501,1187,3076,0.3543,0.6457
2024-10-07,Vellore,4727,493,1172,3062,0.3522,0.6478
2024-10-14,Vellore,4693,488,1155,3050,0.3501,0.6499
2024-10-21,Vellore,4712,491,1150,3071,0.3483,0.6517
2024-10-28,Vellore,4697,492,1136,3069,0.3466,0.6534
2024-11-04,Vellore,4725,500,1133,3092,0.3456,0.6544
2024-11-11,Vellore,4717,506,1123,3088,0.3453,0.6547
2024-11-18,Vellore,4734,515,1121,3098,0.3456,0.6544
2024-11-25,Vellore,4751,526,1122,3103,0.3469,0.6531
2024-12-02,Vellore,4762,537,1124,3101,0.3488,0.6512
2024-12-09,Vellore,4816,552,1140,3124,0.3513,0.6487
2024-12-16,Vellore,4841,563,1152,3126,0.3543,0.6457
2024-12-23,Vellore,4855,572,1164,3119,0.3576,0.6424
2024-12-30,Vellore,4852,577,1174,3101,0.3609,0.6391
2025-01-06,Vellore,4822,577,1177,3068,0.3637,0.6363
2025-01-13,Vellore,4875,585,1200,3090,0.3662,0.6338
2025-01-20,Vellore,4832,579,1198,3055,0.3678,0.6322
2025-01-27,Vellore,4804,573,1197,3034,0.3684,0.6316
2025-02-03,Vellore,4773,564,1193,3016,0.3681,0.6319
2025-02-10,Vellore,4758,556,1189,3013,0.3668,0.6332
2025-02-17,Vellore,4766,549,1188,3029,0.3645,0.6355
2025-02-24,Vellore,4743,537,1176,3030,0.3612,0.6388
2025-03-03,Vellore,4722,526,1162,3034,0.3575,0.6425
2025-03-10,Vellore,4748,520,1159,3069,0.3536,0.6464
2025-03-17,Vellore,4757,512,1151,3094,0.3496,0.6504
2025-03-24,Vellore,4696,499,1126,3071,0.346,0.654
2025-03-31,Vellore,4727,497,1125,3105,0.3431,0.6569
2025-04-07,Vellore,4735,494,1121,3120,0.3411,0.6589
2025-04-14,Vellore,4701,489,1110,3102,0.3401,0.6599
2025-04-21,Vellore,4698,489,1109,3100,0.3401,0.6599
2025-04-28,Vellore,4667,489,1105,3073,0.3415,0.6585
2025-05-05,Vellore,4688,496,1116,3076,0.3439,0.6561
2025-05-12,Vellore,4723,506,1133,3084,0.347,0.653
2025-05-19,Vellore,4740,516,1147,3077,0.3508,0.6492
2025-05-26,Vellore,4822,534,1177,3111,0.3548,0.6452
2025-06-02,Vellore,4903,552,1207,3144,0.3588,0.6412
2025-06-09,Vellore,4961,568,1230,3163,0.3624,0.6376
2025-06-16,Vellore,4970,578,1239,3153,0.3656,0.6344
2025-06-23,Vellore,5004,589,1251,3164,0.3677,0.6323
2024-01-01,Thanjavur,4602,515,1151,2936,0.362,0.638
2024-01-08,Thanjavur,4617,526,1153,2938,0.3637,0.6363
2024-01-15,Thanjavur,4666,540,1160,2966,0.3643,0.6357
2024-01-22,Thanjavur,4687,550,1158,2979,0.3644,0.6356
2024-01-29,Thanjavur,4751,563,1165,3023,0.3637,0.6363
2024-02-05,Thanjavur,4812,575,1169,3068,0.3624,0.6376
2024-02-12,Thanjavur,4788,574,1153,3061,0.3607,0.6393
2024-02-19,Thanjavur,4808,577,1148,3083,0.3588,0.6412
2024-02-26,Thanjavur,4774,570,1133,3071,0.3567,0.6433
2024-03-04,Thanjavur,4726,560,1117,3049,0.3548,0.6452
2024-03-11,Thanjavur,4723,554,1115,3054,0.3534,0.6466
2024-03-18,Thanjavur,4709,545,1113,3051,0.3521,0.6479
2024-03-25,Thanjavur,4711,537,1118,3056,0.3513,0.6487
2024-04-01,Thanjavur,4663,522,1114,3027,0.3508,0.6492
2024-04-08,Thanjavur,4688,516,1129,3043,0.3509,0.6491
2024-04-15,Thanjavur,4679,507,1137,3035,0.3514,0.6486
2024-04-22,Thanjavur,4695,501,1151,3043,0.3519,0.6481
2024-04-29,Thanjavur,4691,495,1159,3037,0.3526,0.6474
2024-05-06,Thanjavur,4663,487,1160,3016,0.3532,0.6468
2024-05-13,Thanjavur,4682,487,1169,3026,0.3537,0.6463
2024-05-20,Thanjavur,4661,485,1165,3011,0.354,0.646
2024-05-27,Thanjavur,4601,481,1149,2971,0.3543,0.6457
2024-06-03,Thanjavur,4578,483,1138,2957,0.3541,0.6459
2024-06-10,Thanjavur,4581,489,1132,2960,0.3539,0.6461
2024-06-17,Thanjavur,4605,499,1129,2977,0.3535,0.6465
2024-06-24,Thanjavur,4602,507,1118,2977,0.3531,0.6469
2024-07-01,Thanjavur,4600,515,1108,2977,0.3528,0.6472
2024-07-08,Thanjavur,4618,526,1103,2989,0.3528,0.6472
2024-07-15,Thanjavur,4652,538,1104,3010,0.353,0.647
2024-07-22,Thanjavur,4706,552,1112,3042,0.3536,0.6464
2024-07-29,Thanjavur,4732,561,1117,3054,0.3546,0.6454
2024-08-05,Thanjavur,4723,564,1116,3043,0.3557,0.6443
2024-08-12,Thanjavur,4716,566,1119,3031,0.3573,0.6427
2024-08-19,Thanjavur,4658,559,1113,2986,0.359,0.641
2024-08-26,Thanjavur,4663,557,1123,2983,0.3603,0.6397
2024-09-02,Thanjavur,4644,551,1128,2965,0.3615,0.6385
2024-09-09,Thanjavur,4618,542,1132,2944,0.3625,0.6375
2024-09-16,Thanjavur,4609,533,1139,2937,0.3628,0.6372
2024-09-23,Thanjavur,4616,526,1148,2942,0.3627,0.6373
2024-09-30,Thanjavur,4680,524,1168,2988,0.3615,0.6385
2024-10-07,Thanjavur,4688,516,1172,3000,0.3601,0.6399
2024-10-14,Thanjavur,4674,506,1167,3001,0.3579,0.6421
2024-10-21,Thanjavur,4680,499,1164,3017,0.3553,0.6447
2024-10-28,Thanjavur,4677,493,1156,3028,0.3526,0.6474
2024-11-04,Thanjavur,4634,484,1136,3014,0.3496,0.6504
2024-11-11,Thanjavur,4636,482,1127,3027,0.3471,0.6529
2024-11-18,Thanjavur,4634,482,1116,3036,0.3448,0.6552
2024-11-25,Thanjavur,4604,481,1100,3023,0.3434,0.6566
2024-12-02,Thanjavur,4564,481,1083,3000,0.3427,0.6573
2024-12-09,Thanjavur,4557,486,1077,2994,0.343,0.657
2024-12-16,Thanjavur,4511,488,1065,2958,0.3443,0.6557
2024-12-23,Thanjavur,4581,504,1083,2994,0.3464,0.6536
2024-12-30,Thanjavur,4626,518,1098,3010,0.3493,0.6507
2025-01-06,Thanjavur,4679,533,1118,3028,0.3529,0.6471
2025-01-13,Thanjavur,4709,545,1134,3030,0.3566,0.6434
2025-01-20,Thanjavur,4702,552,1142,3008,0.3603,0.6397
2025-01-27,Thanjavur,4765,565,1168,3032,0.3637,0.6363
2025-02-03,Thanjavur,4766,569,1178,3019,0.3666,0.6334
2025-02-10,Thanjavur,4742,569,1179,2994,0.3686,0.6314
2025-02-17,Thanjavur,4763,571,1189,3003,0.3695,0.6305
2025-02-24,Thanjavur,4729,565,1182,2982,0.3694,0.6306
2025-03-03,Thanjavur,4722,560,1179,2983,0.3683,0.6317
2025-03-10,Thanjavur,4703,552,1169,2982,0.3659,0.6341
2025-03-17,Thanjavur,4690,543,1159,2988,0.3629,0.6371
2025-03-24,Thanjavur,4695,535,1151,3009,0.3591,0.6409
2025-03-31,Thanjavur,4718,528,1147,3043,0.355,0.645
2025-04-07,Thanjavur,4716,519,1136,3061,0.3509,0.6491
2025-04-14,Thanjavur,4733,512,1131,3090,0.3471,0.6529
2025-04-21,Thanjavur,4761,508,1130,3123,0.344,0.656
2025-04-28,Thanjavur,4780,504,1130,3146,0.3418,0.6582
2025-05-05,Thanjavur,4783,500,1129,3154,0.3406,0.6594
2025-05-12,Thanjavur,4776,497,1129,3150,0.3405,0.6595
2025-05-19,Thanjavur,4757,495,1129,3133,0.3414,0.6586
2025-05-26,Thanjavur,4705,492,1124,3089,0.3435,0.6565
2025-06-02,Thanjavur,4702,496,1132,3074,0.3462,0.6538
2025-06-09,Thanjavur,4673,499,1135,3039,0.3497,0.6503
2025-06-16,Thanjavur,4649,503,1140,3006,0.3534,0.6466
2025-06-23,Thanjavur,4649,512,1149,2988,0.3573,0.6427
2024-01-01,Dindigul,4515,510,1129,2876,0.363,0.637
2024-01-08,Dindigul,4549,522,1135,2892,0.3643,0.6357
2024-01-15,Dindigul,4616,538,1146,2932,0.3648,0.6352
2024-01-22,Dindigul,4618,545,1139,2934,0.3647,0.6353
2024-01-29,Dindigul,4621,550,1130,2941,0.3636,0.6364
2024-02-05,Dindigul,4622,554,1120,2948,0.3622,0.6378
2024-02-12,Dindigul,4584,550,1101,2933,0.3602,0.6398
2024-02-19,Dindigul,4557,546,1086,2925,0.3581,0.6419
2024-02-26,Dindigul,4540,541,1076,2923,0.3562,0.6438
2024-03-04,Dindigul,4548,537,1074,2937,0.3542,0.6458
2024-03-11,Dindigul,4549,530,1074,2945,0.3526,0.6474
2024-03-18,Dindigul,4522,519,1070,2933,0.3514,0.6486
2024-03-25,Dindigul,4519,511,1074,2934,0.3507,0.6493
2024-04-01,Dindigul,4503,500,1078,2925,0.3504,0.6496
2024-04-08,Dindigul,4541,496,1096,2949,0.3506,0.6494
2024-04-15,Dindigul,4577,492,1115,2970,0.3511,0.6489
2024-04-22,Dindigul,4597,487,1130,2980,0.3518,0.6482
2024-04-29,Dindigul,4605,483,1140,2982,0.3524,0.6476
2024-05-06,Dindigul,4599,479,1145,2975,0.3531,0.6469
2024-05-13,Dindigul,4519,470,1129,2920,0.3538,0.6462
2024-05-20,Dindigul,4475,466,1119,2890,0.3542,0.6458
2024-05-27,Dindigul,4474,469,1116,2889,0.3543,0.6457
2024-06-03,Dindigul,4481,475,1113,2893,0.3544,0.6456
2024-06-10,Dindigul,4457,479,1099,2879,0.354,0.646
2024-06-17,Dindigul,4486,490,1097,2899,0.3538,0.6462
2024-06-24,Dindigul,4546,505,1102,2939,0.3535,0.6465
2024-07-01,Dindigul,4629,523,1112,2994,0.3532,0.6468
2024-07-08,Dindigul,4630,532,1104,2994,0.3533,0.6467
2024-07-15,Dindigul,4628,539,1097,2992,0.3535,0.6465
2024-07-22,Dindigul,4682,552,1106,3024,0.3541,0.6459
2024-07-29,Dindigul,4732,563,1117,3052,0.355,0.645
2024-08-05,Dindigul,4731,567,1119,3045,0.3564,0.6436
2024-08-12,Dindigul,4665,560,1109,2996,0.3578,0.6422
2024-08-19,Dindigul,4657,558,1115,2984,0.3592,0.6408
2024-08-26,Dindigul,4617,550,1115,2952,0.3606,0.6394
2024-09-02,Dindigul,4560,538,1111,2911,0.3616,0.6384
2024-09-09,Dindigul,4564,532,1122,2910,0.3624,0.6376
2024-09-16,Dindigul,4572,525,1132,2915,0.3624,0.6376
2024-09-23,Dindigul,4601,520,1146,2935,0.3621,0.6379
2024-09-30,Dindigul,4563,507,1140,2916,0.3609,0.6391
2024-10-07,Dindigul,4544,496,1136,2912,0.3592,0.6408
2024-10-14,Dindigul,4567,491,1139,2937,0.3569,0.6431
2024-10-21,Dindigul,4571,485,1135,2951,0.3544,0.6456
2024-10-28,Dindigul,4563,479,1125,2959,0.3515,0.6485
2024-11-04,Dindigul,4519,471,1105,2943,0.3487,0.6513
2024-11-11,Dindigul,4509,469,1093,2947,0.3464,0.6536
2024-11-18,Dindigul,4464,465,1073,2926,0.3445,0.6555
2024-11-25,Dindigul,4425,464,1055,2906,0.3433,0.6567
2024-12-02,Dindigul,4417,468,1047,2902,0.343,0.657
2024-12-09,Dindigul,4455,479,1052,2924,0.3437,0.6563
2024-12-16,Dindigul,4483,489,1058,2936,0.3451,0.6549
2024-12-23,Dindigul,4529,503,1071,2955,0.3475,0.6525
2024-12-30,Dindigul,4603,520,1094,2989,0.3506,0.6494
2025-01-06,Dindigul,4629,531,1108,2990,0.3541,0.6459
2025-01-13,Dindigul,4636,540,1119,2977,0.3579,0.6421
2025-01-20,Dindigul,4674,551,1139,2984,0.3616,0.6384
2025-01-27,Dindigul,4710,561,1157,2992,0.3648,0.6352
2025-02-03,Dindigul,4708,564,1166,2978,0.3675,0.6325
2025-02-10,Dindigul,4717,566,1175,2976,0.3691,0.6309
2025-02-17,Dindigul,4731,567,1182,2982,0.3697,0.6303
2025-02-24,Dindigul,4710,561,1177,2972,0.369,0.631
2025-03-03,Dindigul,4684,553,1168,2963,0.3674,0.6326
2025-03-10,Dindigul,4698,548,1166,2984,0.3648,0.6352
2025-03-17,Dindigul,4668,536,1151,2981,0.3614,0.6386
2025-03-24,Dindigul,4661,527,1140,2994,0.3576,0.6424
2025-03-31,Dindigul,4679,520,1134,3025,0.3535,0.6465
2025-04-07,Dindigul,4679,511,1124,3044,0.3494,0.6506
2025-04-14,Dindigul,4698,505,1120,3073,0.3459,0.6541
2025-04-21,Dindigul,4676,496,1108,3072,0.343,0.657
2025-04-28,Dindigul,4650,488,1098,3064,0.3411,0.6589
2025-05-05,Dindigul,4647,484,1097,3066,0.3402,0.6598
2025-05-12,Dindigul,4641,483,1098,3060,0.3407,0.6593
2025-05-19,Dindigul,4611,481,1096,3034,0.342,0.658
2025-05-26,Dindigul,4549,477,1089,2983,0.3443,0.6557
2025-06-02,Dindigul,4537,481,1095,2961,0.3474,0.6526
2025-06-09,Dindigul,4507,484,1098,2925,0.351,0.649
2025-06-16,Dindigul,4511,492,1109,2910,0.3549,0.6451
2025-06-23,Dindigul,4557,506,1128,2923,0.3586,0.6414
2024-01-01,Cuddalore,4567,520,1141,2906,0.3637,0.6363
2024-01-08,Cuddalore,4612,533,1149,2930,0.3647,0.6353
2024-01-15,Cuddalore,4626,542,1147,2937,0.3651,0.6349
2024-01-22,Cuddalore,4636,550,1141,2945,0.3648,0.6352
2024-01-29,Cuddalore,4607,550,1124,2933,0.3634,0.6366
2024-02-05,Cuddalore,4628,555,1119,2954,0.3617,0.6383
2024-02-12,Cuddalore,4615,554,1106,2955,0.3597,0.6403
2024-02-19,Cuddalore,4584,548,1091,2945,0.3575,0.6425
2024-02-26,Cuddalore,4575,543,1083,2949,0.3554,0.6446
2024-03-04,Cuddalore,4573,537,1079,2957,0.3534,0.6466
2024-03-11,Cuddalore,4616,534,1090,2992,0.3518,0.6482
2024-03-18,Cuddalore,4627,527,1096,3004,0.3508,0.6492
2024-03-25,Cuddalore,4619,518,1100,3001,0.3503,0.6497
2024-04-01,Cuddalore,4619,509,1108,3002,0.3501,0.6499
2024-04-08,Cuddalore,4578,496,1108,2974,0.3504,0.6496
2024-04-15,Cuddalore,4575,488,1117,2970,0.3508,0.6492
2024-04-22,Cuddalore,4586,484,1129,2973,0.3517,0.6483
2024-04-29,Cuddalore,4579,479,1136,2964,0.3527,0.6473
2024-05-06,Cuddalore,4574,476,1140,2958,0.3533,0.6467
2024-05-13,Cuddalore,4554,474,1138,2942,0.354,0.646
2024-05-20,Cuddalore,4506,471,1126,2909,0.3544,0.6456
2024-05-27,Cuddalore,4508,475,1123,2910,0.3545,0.6455
2024-06-03,Cuddalore,4511,481,1118,2912,0.3545,0.6455
2024-06-10,Cuddalore,4482,485,1103,2894,0.3543,0.6457
2024-06-17,Cuddalore,4538,499,1107,2932,0.3539,0.6461
2024-06-24,Cuddalore,4554,510,1101,2943,0.3538,0.6462
2024-07-01,Cuddalore,4583,522,1099,2962,0.3537,0.6463
2024-07-08,Cuddalore,4614,534,1098,2982,0.3537,0.6463
2024-07-15,Cuddalore,4681,549,1108,3024,0.354,0.646
2024-07-22,Cuddalore,4701,557,1110,3034,0.3546,0.6454
2024-07-29,Cuddalore,4706,562,1111,3033,0.3555,0.6445
2024-08-05,Cuddalore,4707,564,1115,3028,0.3567,0.6433
2024-08-12,Cuddalore,4714,565,1123,3026,0.3581,0.6419
2024-08-19,Cuddalore,4688,560,1125,3003,0.3594,0.6406
2024-08-26,Cuddalore,4638,550,1123,2965,0.3607,0.6393
2024-09-02,Cuddalore,4658,547,1137,2974,0.3615,0.6385
2024-09-09,Cuddalore,4618,535,1137,2946,0.3621,0.6379
2024-09-16,Cuddalore,4651,530,1154,2967,0.3621,0.6379
2024-09-23,Cuddalore,4681,525,1167,2989,0.3615,0.6385
2024-09-30,Cuddalore,4677,515,1169,2993,0.3601,0.6399
2024-10-07,Cuddalore,4689,508,1172,3009,0.3583,0.6417
2024-10-14,Cuddalore,4678,499,1166,3013,0.3559,0.6441
2024-10-21,Cuddalore,4643,490,1151,3002,0.3534,0.6466
2024-10-28,Cuddalore,4617,483,1136,2998,0.3507,0.6493
2024-11-04,Cuddalore,4592,478,1120,2994,0.348,0.652
2024-11-11,Cuddalore,4560,474,1103,2983,0.3458,0.6542
2024-11-18,Cuddalore,4518,472,1083,2963,0.3442,0.6558
2024-11-25,Cuddalore,4555,480,1084,2991,0.3434,0.6566
2024-12-02,Cuddalore,4504,480,1066,2958,0.3433,0.6567
2024-12-09,Cuddalore,4515,489,1066,2960,0.3444,0.6556
2024-12-16,Cuddalore,4511,496,1065,2950,0.346,0.654
2024-12-23,Cuddalore,4585,513,1086,2986,0.3487,0.6513
2024-12-30,Cuddalore,4645,529,1106,3010,0.352,0.648
2025-01-06,Cuddalore,4726,547,1134,3045,0.3557,0.6443
2025-01-13,Cuddalore,4740,556,1147,3037,0.3593,0.6407
2025-01-20,Cuddalore,4738,562,1157,3019,0.3628,0.6372
2025-01-27,Cuddalore,4757,568,1172,3017,0.3658,0.6342
2025-02-03,Cuddalore,4738,568,1175,2995,0.3679,0.6321
2025-02-10,Cuddalore,4704,564,1173,2967,0.3693,0.6307
2025-02-17,Cuddalore,4686,560,1171,2955,0.3694,0.6306
2025-02-24,Cuddalore,4646,551,1161,2934,0.3685,0.6315
2025-03-03,Cuddalore,4646,545,1158,2943,0.3666,0.6334
2025-03-10,Cuddalore,4637,537,1149,2951,0.3636,0.6364
2025-03-17,Cuddalore,4632,528,1140,2964,0.3601,0.6399
2025-03-24,Cuddalore,4665,523,1138,3004,0.3561,0.6439
2025-03-31,Cuddalore,4668,514,1129,3025,0.352,0.648
2025-04-07,Cuddalore,4716,511,1130,3075,0.348,0.652
2025-04-14,Cuddalore,4719,504,1123,3092,0.3448,0.6552
2025-04-21,Cuddalore,4716,497,1116,3103,0.342,0.658
2025-04-28,Cuddalore,4687,490,1106,3091,0.3405,0.6595
2025-05-05,Cuddalore,4687,488,1107,3092,0.3403,0.6597
2025-05-12,Cuddalore,4629,482,1096,3051,0.3409,0.6591
2025-05-19,Cuddalore,4622,483,1101,3038,0.3427,0.6573
2025-05-26,Cuddalore,4593,484,1102,3007,0.3453,0.6547
2025-06-02,Cuddalore,4501,480,1089,2932,0.3486,0.6514
2025-06-09,Cuddalore,4553,493,1112,2948,0.3525,0.6475
2025-06-16,Cuddalore,4555,501,1122,2932,0.3563,0.6437
2025-06-23,Cuddalore,4636,519,1150,2967,0.36,0.64
2024-01-01,Kanchipuram,4921,565,1229,3127,0.3646,0.6354
2024-01-08,Kanchipuram,4964,578,1235,3151,0.3652,0.6348
2024-01-15,Kanchipuram,4995,589,1236,3170,0.3654,0.6346
2024-01-22,Kanchipuram,4981,593,1223,3165,0.3646,0.6354
2024-01-29,Kanchipuram,4960,594,1207,3159,0.3631,0.6369
2024-02-05,Kanchipuram,4967,596,1198,3173,0.3612,0.6388
2024-02-12,Kanchipuram,4924,590,1178,3156,0.3591,0.6409
2024-02-19,Kanchipuram,4925,587,1170,3168,0.3568,0.6432
2024-02-26,Kanchipuram,4918,581,1163,3174,0.3546,0.6454
2024-03-04,Kanchipuram,4924,574,1162,3188,0.3526,0.6474
2024-03-11,Kanchipuram,4909,564,1160,3185,0.3512,0.6488
2024-03-18,Kanchipuram,4947,559,1173,3215,0.3501,0.6499
2024-03-25,Kanchipuram,4963,552,1184,3227,0.3498,0.6502
2024-04-01,Kanchipuram,4961,542,1193,3226,0.3497,0.6503
2024-04-08,Kanchipuram,4977,535,1208,3234,0.3502,0.6498
2024-04-15,Kanchipuram,4962,526,1215,3221,0.3509,0.6491
2024-04-22,Kanchipuram,4962,521,1225,3216,0.3519,0.6481
2024-04-29,Kanchipuram,4936,515,1226,3195,0.3527,0.6473
2024-05-06,Kanchipuram,4872,507,1216,3149,0.3537,0.6463
2024-05-13,Kanchipuram,4820,502,1205,3113,0.3541,0.6459
2024-05-20,Kanchipuram,4813,505,1202,3106,0.3547,0.6453
2024-05-27,Kanchipuram,4763,505,1185,3073,0.3548,0.6452
2024-06-03,Kanchipuram,4775,513,1181,3081,0.3548,0.6452
2024-06-10,Kanchipuram,4777,521,1173,3083,0.3546,0.6454
2024-06-17,Kanchipuram,4812,534,1171,3107,0.3543,0.6457
2024-06-24,Kanchipuram,4881,551,1177,3153,0.354,0.646
2024-07-01,Kanchipuram,4925,565,1178,3182,0.3539,0.6461
2024-07-08,Kanchipuram,4952,577,1176,3199,0.354,0.646
2024-07-15,Kanchipuram,5032,593,1190,3249,0.3543,0.6457
2024-07-22,Kanchipuram,5012,597,1183,3232,0.3551,0.6449
2024-07-29,Kanchipuram,5017,601,1185,3231,0.356,0.644
2024-08-05,Kanchipuram,5037,604,1195,3238,0.3572,0.6428
2024-08-12,Kanchipuram,4975,596,1187,3192,0.3584,0.6416
2024-08-19,Kanchipuram,4981,593,1198,3190,0.3596,0.6404
2024-08-26,Kanchipuram,4933,582,1197,3154,0.3606,0.6394
2024-09-02,Kanchipuram,4944,577,1210,3157,0.3614,0.6386
2024-09-09,Kanchipuram,4930,567,1217,3146,0.3619,0.6381
2024-09-16,Kanchipuram,4967,562,1234,3171,0.3616,0.6384
2024-09-23,Kanchipuram,4978,553,1242,3183,0.3606,0.6394
2024-09-30,Kanchipuram,4973,543,1243,3187,0.3591,0.6409
2024-10-07,Kanchipuram,4972,535,1242,3195,0.3574,0.6426
2024-10-14,Kanchipuram,5007,531,1246,3230,0.3549,0.6451
2024-10-21,Kanchipuram,5046,530,1248,3268,0.3524,0.6476
2024-10-28,Kanchipuram,4949,516,1215,3218,0.3498,0.6502
2024-11-04,Kanchipuram,4910,511,1195,3204,0.3475,0.6525
2024-11-11,Kanchipuram,4848,505,1169,3174,0.3453,0.6547
2024-11-18,Kanchipuram,4824,506,1154,3164,0.3441,0.6559
2024-11-25,Kanchipuram,4842,513,1150,3179,0.3435,0.6565
2024-12-02,Kanchipuram,4837,519,1144,3174,0.3438,0.6562
2024-12-09,Kanchipuram,4829,527,1140,3162,0.3452,0.6548
2024-12-16,Kanchipuram,4867,540,1150,3177,0.3472,0.6528
2024-12-23,Kanchipuram,4896,553,1161,3182,0.3501,0.6499
2024-12-30,Kanchipuram,4962,569,1184,3209,0.3533,0.6467
2025-01-06,Kanchipuram,4977,580,1197,3200,0.357,0.643
2025-01-13,Kanchipuram,5035,594,1222,3219,0.3607,0.6393
2025-01-20,Kanchipuram,5050,601,1236,3213,0.3638,0.6362
2025-01-27,Kanchipuram,5044,604,1245,3195,0.3666,0.6334
2025-02-03,Kanchipuram,5028,603,1249,3176,0.3683,0.6317
2025-02-10,Kanchipuram,5049,605,1260,3184,0.3694,0.6306
2025-02-17,Kanchipuram,5023,598,1256,3169,0.3691,0.6309
2025-02-24,Kanchipuram,5040,595,1259,3186,0.3679,0.6321
2025-03-03,Kanchipuram,5052,589,1257,3206,0.3654,0.6346
2025-03-10,Kanchipuram,5056,581,1251,3224,0.3623,0.6377
2025-03-17,Kanchipuram,5031,569,1235,3227,0.3586,0.6414
2025-03-24,Kanchipuram,5057,562,1231,3264,0.3546,0.6454
2025-03-31,Kanchipuram,5085,556,1226,3303,0.3504,0.6496
2025-04-07,Kanchipuram,5070,545,1213,3312,0.3467,0.6533
2025-04-14,Kanchipuram,5006,531,1189,3286,0.3436,0.6564
2025-04-21,Kanchipuram,4965,521,1174,3270,0.3414,0.6586
2025-04-28,Kanchipuram,4970,518,1173,3279,0.3402,0.6598
2025-05-05,Kanchipuram,4940,514,1167,3259,0.3403,0.6597
2025-05-12,Kanchipuram,4901,511,1162,3228,0.3414,0.6586
2025-05-19,Kanchipuram,4875,511,1163,3201,0.3434,0.6566
2025-05-26,Kanchipuram,4889,518,1176,3195,0.3465,0.6535
2025-06-02,Kanchipuram,4916,528,1193,3195,0.3501,0.6499
2025-06-09,Kanchipuram,4966,542,1216,3208,0.354,0.646
2025-06-16,Kanchipuram,5001,555,1234,3212,0.3577,0.6423
2025-06-23,Kanchipuram,5076,573,1261,3242,0.3613,0.6387
2024-01-01,Karur,4348,503,1085,2760,0.3652,0.6348
2024-01-08,Karur,4406,516,1095,2795,0.3656,0.6344
2024-01-15,Karur,4421,524,1092,2805,0.3655,0.6345
2024-01-22,Karur,4409,527,1080,2802,0.3645,0.6355
2024-01-29,Karur,4412,529,1071,2812,0.3626,0.6374
2024-02-05,Karur,4360,523,1049,2788,0.3606,0.6394
2024-02-12,Karur,4349,520,1038,2791,0.3582,0.6418
2024-02-19,Karur,4326,513,1026,2787,0.3558,0.6442
2024-02-26,Karur,4333,509,1024,2800,0.3538,0.6462
2024-03-04,Karur,4339,503,1024,2812,0.3519,0.6481
2024-03-11,Karur,4361,497,1031,2833,0.3504,0.6496
2024-03-18,Karur,4407,494,1047,2866,0.3497,0.6503
2024-03-25,Karur,4360,481,1042,2837,0.3493,0.6507
2024-04-01,Karur,4426,480,1067,2879,0.3495,0.6505
2024-04-08,Karur,4432,473,1078,2881,0.35,0.65
2024-04-15,Karur,4453,470,1093,2890,0.351,0.649
2024-04-22,Karur,4447,465,1100,2882,0.3519,0.6481
2024-04-29,Karur,4387,457,1091,2839,0.3529,0.6471
2024-05-06,Karur,4374,455,1092,2827,0.3537,0.6463
2024-05-13,Karur,4309,450,1077,2782,0.3544,0.6456
2024-05-20,Karur,4297,453,1072,2772,0.3549,0.6451
2024-05-27,Karur,4273,455,1062,2756,0.355,0.645
2024-06-03,Karur,4281,463,1057,2761,0.3551,0.6449
2024-06-10,Karur,4327,476,1060,2791,0.355,0.645
2024-06-17,Karur,4353,487,1057,2809,0.3547,0.6453
2024-06-24,Karur,4385,499,1055,2831,0.3544,0.6456
2024-07-01,Karur,4402,509,1051,2842,0.3544,0.6456
2024-07-08,Karur,4419,518,1048,2853,0.3544,0.6456
2024-07-15,Karur,4445,527,1050,2868,0.3548,0.6452
2024-07-22,Karur,4419,528,1043,2848,0.3555,0.6445
2024-07-29,Karur,4404,528,1041,2835,0.3563,0.6437
2024-08-05,Karur,4393,527,1043,2823,0.3574,0.6426
2024-08-12,Karur,4381,524,1047,2810,0.3586,0.6414
2024-08-19,Karur,4365,518,1052,2795,0.3597,0.6403
2024-08-26,Karur,4341,510,1056,2775,0.3607,0.6393
2024-09-02,Karur,4363,505,1071,2787,0.3612,0.6388
2024-09-09,Karur,4386,500,1085,2801,0.3614,0.6386
2024-09-16,Karur,4424,496,1101,2827,0.361,0.639
2024-09-23,Karur,4446,490,1110,2846,0.3599,0.6401
2024-09-30,Karur,4444,482,1111,2851,0.3585,0.6415
2024-10-07,Karur,4476,478,1117,2881,0.3563,0.6437
2024-10-14,Karur,4492,474,1116,2902,0.354,0.646
2024-10-21,Karur,4468,467,1103,2898,0.3514,0.6486
2024-10-28,Karur,4441,462,1088,2891,0.349,0.651
2024-11-04,Karur,4404,458,1069,2877,0.3467,0.6533
2024-11-11,Karur,4399,460,1058,2881,0.3451,0.6549
2024-11-18,Karur,4357,459,1040,2858,0.344,0.656
2024-11-25,Karur,4355,464,1033,2858,0.3437,0.6563
2024-12-02,Karur,4316,467,1020,2829,0.3445,0.6555
2024-12-09,Karur,4382,482,1034,2866,0.346,0.654
2024-12-16,Karur,4407,493,1042,2872,0.3483,0.6517
2024-12-23,Karur,4426,504,1051,2871,0.3513,0.6487
2024-12-30,Karur,4443,514,1062,2867,0.3547,0.6453
2025-01-06,Karur,4481,525,1080,2876,0.3582,0.6418
2025-01-13,Karur,4473,530,1088,2855,0.3617,0.6383
2025-01-20,Karur,4486,536,1101,2849,0.3649,0.6351
2025-01-27,Karur,4510,541,1115,2854,0.3672,0.6328
2025-02-03,Karur,4521,542,1125,2854,0.3687,0.6313
2025-02-10,Karur,4477,535,1118,2824,0.3692,0.6308
2025-02-17,Karur,4435,526,1109,2800,0.3687,0.6313
2025-02-24,Karur,4443,522,1109,2812,0.3671,0.6329
2025-03-03,Karur,4463,517,1109,2837,0.3643,0.6357
2025-03-10,Karur,4426,505,1093,2828,0.361,0.639
2025-03-17,Karur,4435,497,1086,2852,0.3569,0.6431
2025-03-24,Karur,4433,489,1076,2868,0.353,0.647
2025-03-31,Karur,4466,484,1075,2907,0.3491,0.6509
2025-04-07,Karur,4474,478,1068,2928,0.3456,0.6544
2025-04-14,Karur,4465,471,1059,2935,0.3427,0.6573
2025-04-21,Karur,4431,463,1047,2921,0.3408,0.6592
2025-04-28,Karur,4414,459,1042,2913,0.3401,0.6599
2025-05-05,Karur,4360,454,1031,2875,0.3406,0.6594
2025-05-12,Karur,4356,455,1035,2866,0.3421,0.6579
2025-05-19,Karur,4328,456,1035,2837,0.3445,0.6555
2025-05-26,Karur,4297,458,1036,2803,0.3477,0.6523
2025-06-02,Karur,4349,470,1058,2821,0.3513,0.6487
2025-06-09,Karur,4396,483,1079,2834,0.3553,0.6447
2025-06-16,Karur,4436,496,1097,2843,0.3591,0.6409
2025-06-23,Karur,4454,507,1108,2839,0.3626,0.6374
2024-01-01,Namakkal,4456,519,1111,2826,0.3658,0.6342
2024-01-08,Namakkal,4487,529,1113,2845,0.3659,0.6341
2024-01-15,Namakkal,4501,536,1109,2856,0.3655,0.6345
2024-01-22,Namakkal,4474,536,1093,2845,0.3641,0.6359
2024-01-29,Namakkal,4468,536,1082,2850,0.3621,0.6379
2024-02-05,Namakkal,4446,533,1067,2846,0.3599,0.6401
2024-02-12,Namakkal,4420,527,1053,2840,0.3575,0.6425
2024-02-19,Namakkal,4387,518,1039,2830,0.3549,0.6451
2024-02-26,Namakkal,4378,511,1034,2833,0.3529,0.6471
2024-03-04,Namakkal,4411,507,1041,2863,0.3509,0.6491
2024-03-11,Namakkal,4440,502,1051,2887,0.3498,0.6502
2024-03-18,Namakkal,4440,494,1056,2890,0.3491,0.6509
2024-03-25,Namakkal,4452,487,1067,2898,0.3491,0.6509
2024-04-01,Namakkal,4423,476,1069,2878,0.3493,0.6507
2024-04-08,Namakkal,4399,467,1073,2859,0.3501,0.6499
2024-04-15,Namakkal,4383,460,1078,2845,0.3509,0.6491
2024-04-22,Namakkal,4311,450,1068,2793,0.3521,0.6479
2024-04-29,Namakkal,4288,446,1068,2774,0.3531,0.6469
2024-05-06,Namakkal,4293,447,1073,2773,0.3541,0.6459
2024-05-13,Namakkal,4250,446,1062,2742,0.3548,0.6452
2024-05-20,Namakkal,4223,447,1053,2723,0.3552,0.6448
2024-05-27,Namakkal,4236,455,1051,2730,0.3555,0.6445
2024-06-03,Namakkal,4293,468,1058,2767,0.3555,0.6445
2024-06-10,Namakkal,4323,479,1056,2788,0.3551,0.6449
2024-06-17,Namakkal,4379,494,1060,2825,0.3549,0.6451
2024-06-24,Namakkal,4422,507,1061,2854,0.3546,0.6454
2024-07-01,Namakkal,4455,519,1061,2875,0.3547,0.6453
2024-07-08,Namakkal,4505,531,1067,2907,0.3547,0.6453
2024-07-15,Namakkal,4501,536,1063,2902,0.3553,0.6447
2024-07-22,Namakkal,4504,539,1063,2902,0.3557,0.6443
2024-07-29,Namakkal,4484,538,1061,2885,0.3566,0.6434
2024-08-05,Namakkal,4474,536,1064,2874,0.3576,0.6424
2024-08-12,Namakkal,4428,528,1061,2839,0.3589,0.6411
2024-08-19,Namakkal,4443,525,1074,2844,0.3599,0.6401
2024-08-26,Namakkal,4395,513,1072,2810,0.3606,0.6394
2024-09-02,Namakkal,4391,505,1080,2806,0.361,0.639
2024-09-09,Namakkal,4400,498,1090,2812,0.3609,0.6391
2024-09-16,Namakkal,4469,497,1113,2859,0.3603,0.6397
2024-09-23,Namakkal,4463,488,1115,2860,0.3592,0.6408
2024-09-30,Namakkal,4526,487,1131,2908,0.3575,0.6425
2024-10-07,Namakkal,4512,479,1125,2908,0.3555,0.6445
2024-10-14,Namakkal,4537,476,1126,2935,0.3531,0.6469
2024-10-21,Namakkal,4514,471,1112,2931,0.3507,0.6493
2024-10-28,Namakkal,4493,467,1098,2928,0.3483,0.6517
2024-11-04,Namakkal,4438,462,1075,2901,0.3463,0.6537
2024-11-11,Namakkal,4375,459,1050,2866,0.3449,0.6551
2024-11-18,Namakkal,4408,467,1050,2891,0.3441,0.6559
2024-11-25,Namakkal,4420,474,1047,2899,0.3441,0.6559
2024-12-02,Namakkal,4422,482,1044,2896,0.3451,0.6549
2024-12-09,Namakkal,4461,495,1053,2913,0.347,0.653
2024-12-16,Namakkal,4513,509,1068,2936,0.3494,0.6506
2024-12-23,Namakkal,4556,522,1084,2950,0.3525,0.6475
2024-12-30,Namakkal,4624,538,1108,2978,0.356,0.644
2025-01-06,Namakkal,4608,543,1114,2951,0.3596,0.6404
2025-01-13,Namakkal,4604,548,1123,2933,0.3629,0.6371
2025-01-20,Namakkal,4571,547,1124,2900,0.3656,0.6344
2025-01-27,Namakkal,4546,546,1126,2874,0.3678,0.6322
2025-02-03,Namakkal,4536,543,1130,2863,0.3688,0.6312
2025-02-10,Namakkal,4518,538,1129,2851,0.369,0.631
2025-02-17,Namakkal,4520,534,1130,2856,0.3681,0.6319
2025-02-24,Namakkal,4541,530,1132,2879,0.366,0.634
2025-03-03,Namakkal,4529,521,1124,2884,0.3632,0.6368
2025-03-10,Namakkal,4526,512,1115,2899,0.3595,0.6405
2025-03-17,Namakkal,4557,507,1113,2937,0.3555,0.6445
2025-03-24,Namakkal,4569,500,1106,2963,0.3515,0.6485
2025-03-31,Namakkal,4588,494,1101,2993,0.3476,0.6524
2025-04-07,Namakkal,4553,483,1085,2985,0.3444,0.6556
2025-04-14,Namakkal,4534,476,1074,2984,0.3419,0.6581
2025-04-21,Namakkal,4519,471,1067,2981,0.3403,0.6597
2025-04-28,Namakkal,4470,465,1055,2950,0.34,0.66
2025-05-05,Namakkal,4437,462,1050,2925,0.3408,0.6592
2025-05-12,Namakkal,4380,459,1042,2879,0.3427,0.6573
2025-05-19,Namakkal,4394,465,1053,2876,0.3455,0.6545
2025-05-26,Namakkal,4452,478,1076,2898,0.3491,0.6509
2025-06-02,Namakkal,4493,490,1096,2907,0.353,0.647
2025-06-09,Namakkal,4522,501,1112,2909,0.3567,0.6433
2025-06-16,Namakkal,4562,515,1130,2917,0.3606,0.6394
2025-06-23,Namakkal,4580,525,1141,2914,0.3638,0.6362
2024-01-01,Nagapattinam,4225,495,1052,2678,0.3662,0.6338
2024-01-08,Nagapattinam,4260,505,1055,2700,0.3662,0.6338
2024-01-15,Nagapattinam,4260,509,1047,2704,0.3653,0.6347
2024-01-22,Nagapattinam,4260,511,1038,2711,0.3636,0.6364
2024-01-29,Nagapattinam,4213,505,1018,2690,0.3615,0.6385
2024-02-05,Nagapattinam,4189,501,1003,2685,0.359,0.641
2024-02-12,Nagapattinam,4164,494,990,2680,0.3564,0.6436
2024-02-19,Nagapattinam,4171,490,987,2694,0.3541,0.6459
2024-02-26,Nagapattinam,4208,488,993,2727,0.3519,0.6481
2024-03-04,Nagapattinam,4221,482,997,2742,0.3504,0.6496
2024-03-11,Nagapattinam,4223,474,1001,2748,0.3493,0.6507
2024-03-18,Nagapattinam,4227,466,1007,2754,0.3485,0.6515
2024-03-25,Nagapattinam,4235,459,1017,2759,0.3485,0.6515
2024-04-01,Nagapattinam,4231,452,1025,2754,0.3491,0.6509
2024-04-08,Nagapattinam,4230,446,1034,2750,0.3499,0.6501
2024-04-15,Nagapattinam,4223,442,1041,2740,0.3512,0.6488
2024-04-22,Nagapattinam,4182,435,1038,2709,0.3522,0.6478
2024-04-29,Nagapattinam,4136,430,1032,2674,0.3535,0.6465
2024-05-06,Nagapattinam,4119,430,1030,2659,0.3545,0.6455
2024-05-13,Nagapattinam,4106,432,1026,2648,0.3551,0.6449
2024-05-20,Nagapattinam,4127,440,1028,2659,0.3557,0.6443
2024-05-27,Nagapattinam,4138,447,1025,2666,0.3557,0.6443
2024-06-03,Nagapattinam,4197,461,1032,2704,0.3557,0.6443
2024-06-10,Nagapattinam,4262,476,1039,2747,0.3555,0.6445
2024-06-17,Nagapattinam,4332,493,1046,2793,0.3553,0.6447
2024-06-24,Nagapattinam,4354,503,1043,2808,0.3551,0.6449
2024-07-01,Nagapattinam,4367,512,1038,2817,0.3549,0.6451
2024-07-08,Nagapattinam,4384,519,1037,2828,0.3549,0.6451
2024-07-15,Nagapattinam,4348,519,1026,2803,0.3553,0.6447
2024-07-22,Nagapattinam,4298,515,1015,2768,0.356,0.644
2024-07-29,Nagapattinam,4291,515,1017,2759,0.357,0.643
2024-08-05,Nagapattinam,4277,511,1019,2747,0.3577,0.6423
2024-08-12,Nagapattinam,4228,502,1015,2711,0.3588,0.6412
2024-08-19,Nagapattinam,4222,496,1023,2703,0.3598,0.6402
2024-08-26,Nagapattinam,4225,490,1033,2702,0.3605,0.6395
2024-09-02,Nagapattinam,4234,483,1044,2707,0.3607,0.6393
2024-09-09,Nagapattinam,4284,481,1063,2740,0.3604,0.6396
2024-09-16,Nagapattinam,4280,472,1067,2741,0.3596,0.6404
2024-09-23,Nagapattinam,4258,462,1064,2732,0.3584,0.6416
2024-09-30,Nagapattinam,4224,451,1055,2718,0.3565,0.6435
2024-10-07,Nagapattinam,4253,449,1059,2745,0.3546,0.6454
2024-10-14,Nagapattinam,4254,445,1054,2755,0.3524,0.6476
2024-10-21,Nagapattinam,4227,440,1039,2748,0.3499,0.6501
2024-10-28,Nagapattinam,4238,441,1033,2764,0.3478,0.6522
2024-11-04,Nagapattinam,4249,444,1026,2779,0.346,0.654
2024-11-11,Nagapattinam,4235,446,1014,2775,0.3447,0.6553
2024-11-18,Nagapattinam,4273,455,1016,2802,0.3443,0.6557
2024-11-25,Nagapattinam,4307,466,1019,2822,0.3448,0.6552
2024-12-02,Nagapattinam,4320,475,1020,2825,0.3461,0.6539
2024-12-09,Nagapattinam,4336,485,1024,2827,0.348,0.652
2024-12-16,Nagapattinam,4372,497,1036,2839,0.3506,0.6494
2024-12-23,Nagapattinam,4417,510,1053,2854,0.3539,0.6461
2024-12-30,Nagapattinam,4405,516,1058,2831,0.3573,0.6427
2025-01-06,Nagapattinam,4395,521,1065,2809,0.3609,0.6391
2025-01-13,Nagapattinam,4408,526,1078,2804,0.3639,0.6361
2025-01-20,Nagapattinam,4366,524,1076,2766,0.3665,0.6335
2025-01-27,Nagapattinam,4323,519,1073,2731,0.3683,0.6317
2025-02-03,Nagapattinam,4302,514,1073,2715,0.3689,0.6311
2025-02-10,Nagapattinam,4305,511,1076,2718,0.3686,0.6314
2025-02-17,Nagapattinam,4300,505,1074,2721,0.3672,0.6328
2025-02-24,Nagapattinam,4300,498,1071,2731,0.3649,0.6351
2025-03-03,Nagapattinam,4337,495,1074,2768,0.3618,0.6382
2025-03-10,Nagapattinam,4320,485,1062,2773,0.3581,0.6419
2025-03-17,Nagapattinam,4336,478,1057,2801,0.354,0.646
2025-03-24,Nagapattinam,4334,470,1047,2817,0.35,0.65
2025-03-31,Nagapattinam,4357,466,1043,2848,0.3463,0.6537
2025-04-07,Nagapattinam,4347,459,1034,2854,0.3435,0.6565
2025-04-14,Nagapattinam,4295,449,1016,2830,0.3411,0.6589
2025-04-21,Nagapattinam,4313,449,1018,2846,0.3401,0.6599
2025-04-28,Nagapattinam,4274,445,1009,2820,0.3402,0.6598
2025-05-05,Nagapattinam,4262,445,1010,2807,0.3414,0.6586
2025-05-12,Nagapattinam,4225,445,1007,2773,0.3437,0.6563
2025-05-19,Nagapattinam,4268,455,1025,2788,0.3468,0.6532
2025-05-26,Nagapattinam,4277,462,1036,2779,0.3502,0.6498
2025-06-02,Nagapattinam,4316,474,1055,2787,0.3543,0.6457
2025-06-09,Nagapattinam,4349,486,1072,2791,0.3582,0.6418
2025-06-16,Nagapattinam,4388,499,1089,2800,0.3619,0.6381
2025-06-23,Nagapattinam,4415,510,1101,2804,0.3649,0.6351
2024-01-01,Sivaganga,4186,493,1041,2652,0.3665,0.6335
2024-01-08,Sivaganga,4175,497,1032,2646,0.3662,0.6338
2024-01-15,Sivaganga,4191,502,1028,2661,0.3651,0.6349
2024-01-22,Sivaganga,4127,495,1003,2629,0.363,0.637
2024-01-29,Sivaganga,4100,491,988,2621,0.3607,0.6393
2024-02-05,Sivaganga,4095,488,979,2628,0.3582,0.6418
2024-02-12,Sivaganga,4124,487,979,2658,0.3555,0.6445
2024-02-19,Sivaganga,4089,477,967,2645,0.3531,0.6469
2024-02-26,Sivaganga,4136,476,976,2684,0.3511,0.6489
2024-03-04,Sivaganga,4125,467,975,2683,0.3496,0.6504
2024-03-11,Sivaganga,4118,458,977,2683,0.3485,0.6515
2024-03-18,Sivaganga,4163,455,994,2714,0.3481,0.6519
2024-03-25,Sivaganga,4192,451,1009,2732,0.3483,0.6517
2024-04-01,Sivaganga,4184,444,1016,2724,0.3489,0.6511
2024-04-08,Sivaganga,4149,436,1017,2696,0.3502,0.6498
2024-04-15,Sivaganga,4165,434,1029,2702,0.3513,0.6487
2024-04-22,Sivaganga,4172,434,1037,2701,0.3526,0.6474
2024-04-29,Sivaganga,4099,427,1023,2649,0.3537,0.6463
2024-05-06,Sivaganga,4084,428,1021,2635,0.3548,0.6452
2024-05-13,Sivaganga,4087,433,1020,2634,0.3555,0.6445
2024-05-20,Sivaganga,4112,441,1023,2648,0.356,0.644
2024-05-27,Sivaganga,4145,452,1025,2668,0.3563,0.6437
2024-06-03,Sivaganga,4170,462,1023,2685,0.3561,0.6439
2024-06-10,Sivaganga,4221,476,1026,2719,0.3558,0.6442
2024-06-17,Sivaganga,4236,485,1021,2730,0.3555,0.6445
2024-06-24,Sivaganga,4264,496,1019,2749,0.3553,0.6447
2024-07-01,Sivaganga,4291,506,1019,2766,0.3554,0.6446
2024-07-08,Sivaganga,4261,507,1007,2747,0.3553,0.6447
2024-07-15,Sivaganga,4254,509,1004,2741,0.3557,0.6443
2024-07-22,Sivaganga,4218,506,997,2715,0.3563,0.6437
2024-07-29,Sivaganga,4186,502,993,2691,0.3571,0.6429
2024-08-05,Sivaganga,4162,496,994,2672,0.358,0.642
2024-08-12,Sivaganga,4155,491,1000,2664,0.3588,0.6412
2024-08-19,Sivaganga,4168,487,1012,2669,0.3596,0.6404
2024-08-26,Sivaganga,4157,478,1019,2660,0.3601,0.6399
2024-09-02,Sivaganga,4173,472,1031,2670,0.3602,0.6398
2024-09-09,Sivaganga,4198,467,1044,2687,0.3599,0.6401
2024-09-16,Sivaganga,4209,460,1051,2698,0.359,0.641
2024-09-23,Sivaganga,4207,453,1052,2702,0.3577,0.6423
2024-09-30,Sivaganga,4213,447,1052,2714,0.3558,0.6442
2024-10-07,Sivaganga,4202,441,1045,2716,0.3536,0.6464
2024-10-14,Sivaganga,4158,434,1028,2696,0.3516,0.6484
2024-10-21,Sivaganga,4114,428,1009,2677,0.3493,0.6507
2024-10-28,Sivaganga,4072,424,990,2658,0.3472,0.6528
2024-11-04,Sivaganga,4097,429,987,2681,0.3456,0.6544
2024-11-11,Sivaganga,4054,429,969,2656,0.3448,0.6552
2024-11-18,Sivaganga,4091,439,971,2681,0.3447,0.6553
2024-11-25,Sivaganga,4096,446,968,2682,0.3452,0.6548
2024-12-02,Sivaganga,4153,460,980,2713,0.3467,0.6533
2024-12-09,Sivaganga,4160,469,983,2708,0.349,0.651
2024-12-16,Sivaganga,4185,480,993,2712,0.352,0.648
2024-12-23,Sivaganga,4238,493,1012,2733,0.3551,0.6449
2024-12-30,Sivaganga,4245,500,1022,2723,0.3585,0.6415
2025-01-06,Sivaganga,4266,508,1036,2722,0.3619,0.6381
2025-01-13,Sivaganga,4255,509,1043,2703,0.3647,0.6353
2025-01-20,Sivaganga,4219,506,1042,2671,0.3669,0.6331
2025-01-27,Sivaganga,4196,503,1043,2650,0.3684,0.6316
2025-02-03,Sivaganga,4176,498,1042,2636,0.3688,0.6312
2025-02-10,Sivaganga,4176,493,1044,2639,0.3681,0.6319
2025-02-17,Sivaganga,4153,485,1037,2631,0.3665,0.6335
2025-02-24,Sivaganga,4166,479,1036,2651,0.3637,0.6363
2025-03-03,Sivaganga,4215,477,1042,2696,0.3604,0.6396
2025-03-10,Sivaganga,4233,471,1038,2724,0.3565,0.6435
2025-03-17,Sivaganga,4238,464,1030,2744,0.3525,0.6475
2025-03-24,Sivaganga,4270,460,1029,2781,0.3487,0.6513
2025-03-31,Sivaganga,4269,453,1020,2796,0.345,0.655
2025-04-07,Sivaganga,4281,450,1016,2815,0.3424,0.6576
2025-04-14,Sivaganga,4250,443,1005,2802,0.3407,0.6593
2025-04-21,Sivaganga,4196,436,990,2770,0.3398,0.6602
2025-04-28,Sivaganga,4135,431,977,2727,0.3405,0.6595
2025-05-05,Sivaganga,4142,434,983,2725,0.3421,0.6579
2025-05-12,Sivaganga,4161,440,994,2727,0.3446,0.6554
2025-05-19,Sivaganga,4151,445,999,2707,0.3479,0.6521
2025-05-26,Sivaganga,4171,454,1013,2704,0.3517,0.6483
2025-06-02,Sivaganga,4236,469,1038,2729,0.3558,0.6442
2025-06-09,Sivaganga,4258,480,1052,2726,0.3598,0.6402
2025-06-16,Sivaganga,4284,491,1065,2728,0.3632,0.6368
2025-06-23,Sivaganga,4322,503,1079,2740,0.366,0.634
2024-01-01,Virudhunagar,4493,532,1116,2845,0.3668,0.6332
2024-01-08,Virudhunagar,4496,537,1109,2850,0.3661,0.6339
2024-01-15,Virudhunagar,4471,536,1094,2841,0.3646,0.6354
2024-01-22,Virudhunagar,4429,531,1074,2824,0.3624,0.6376
2024-01-29,Virudhunagar,4414,528,1061,2825,0.36,0.64
2024-02-05,Virudhunagar,4403,523,1050,2830,0.3573,0.6427
2024-02-12,Virudhunagar,4399,517,1043,2839,0.3546,0.6454
2024-02-19,Virudhunagar,4386,509,1036,2841,0.3523,0.6477
2024-02-26,Virudhunagar,4415,504,1042,2869,0.3502,0.6498
2024-03-04,Virudhunagar,4432,498,1048,2886,0.3488,0.6512
2024-03-11,Virudhunagar,4498,496,1069,2933,0.3479,0.6521
2024-03-18,Virudhunagar,4487,487,1074,2926,0.3479,0.6521
2024-03-25,Virudhunagar,4509,482,1088,2939,0.3482,0.6518
2024-04-01,Virudhunagar,4480,473,1091,2916,0.3491,0.6509
2024-04-08,Virudhunagar,4465,467,1097,2901,0.3503,0.6497
2024-04-15,Virudhunagar,4431,461,1097,2873,0.3516,0.6484
2024-04-22,Virudhunagar,4395,457,1094,2844,0.3529,0.6471
2024-04-29,Virudhunagar,4350,454,1087,2809,0.3543,0.6457
2024-05-06,Virudhunagar,4312,454,1078,2780,0.3553,0.6447
2024-05-13,Virudhunagar,4345,463,1084,2798,0.356,0.644
2024-05-20,Virudhunagar,4393,475,1091,2827,0.3565,0.6435
2024-05-27,Virudhunagar,4405,484,1087,2834,0.3566,0.6434
2024-06-03,Virudhunagar,4441,496,1087,2858,0.3565,0.6435
2024-06-10,Virudhunagar,4490,510,1089,2891,0.3561,0.6439
2024-06-17,Virudhunagar,4522,522,1087,2913,0.3558,0.6442
2024-06-24,Virudhunagar,4544,532,1084,2928,0.3556,0.6444
2024-07-01,Virudhunagar,4565,541,1082,2942,0.3555,0.6445
2024-07-08,Virudhunagar,4535,541,1071,2923,0.3555,0.6445
2024-07-15,Virudhunagar,4521,542,1067,2912,0.3559,0.6441
2024-07-22,Virudhunagar,4488,538,1062,2888,0.3565,0.6435
2024-07-29,Virudhunagar,4482,536,1065,2881,0.3572,0.6428
2024-08-05,Virudhunagar,4458,529,1067,2862,0.358,0.642
2024-08-12,Virudhunagar,4479,526,1081,2872,0.3588,0.6412
2024-08-19,Virudhunagar,4464,518,1087,2859,0.3595,0.6405
2024-08-26,Virudhunagar,4493,513,1104,2876,0.3599,0.6401
2024-09-02,Virudhunagar,4530,509,1121,2900,0.3598,0.6402
2024-09-09,Virudhunagar,4539,501,1130,2908,0.3593,0.6407
2024-09-16,Virudhunagar,4523,491,1130,2902,0.3584,0.6416
2024-09-23,Virudhunagar,4508,482,1127,2899,0.3569,0.6431
2024-09-30,Virudhunagar,4493,474,1121,2898,0.355,0.645
2024-10-07,Virudhunagar,4473,468,1111,2894,0.353,0.647
2024-10-14,Virudhunagar,4470,465,1103,2902,0.3508,0.6492
2024-10-21,Virudhunagar,4415,459,1080,2876,0.3486,0.6514
2024-10-28,Virudhunagar,4397,459,1066,2872,0.3468,0.6532
2024-11-04,Virudhunagar,4402,463,1058,2881,0.3455,0.6545
2024-11-11,Virudhunagar,4423,471,1055,2897,0.345,0.655
2024-11-18,Virudhunagar,4474,483,1061,2930,0.3451,0.6549
2024-11-25,Virudhunagar,4499,494,1063,2942,0.3461,0.6539
2024-12-02,Virudhunagar,4563,510,1077,2976,0.3478,0.6522
2024-12-09,Virudhunagar,4643,528,1098,3017,0.3502,0.6498
2024-12-16,Virudhunagar,4649,537,1105,3007,0.3532,0.6468
2024-12-23,Virudhunagar,4627,542,1107,2978,0.3564,0.6436
2024-12-30,Virudhunagar,4595,544,1109,2942,0.3597,0.6403
2025-01-06,Virudhunagar,4588,548,1117,2923,0.3629,0.6371
2025-01-13,Virudhunagar,4584,550,1126,2908,0.3656,0.6344
2025-01-20,Virudhunagar,4565,548,1130,2887,0.3676,0.6324
2025-01-27,Virudhunagar,4544,543,1131,2870,0.3684,0.6316
2025-02-03,Virudhunagar,4531,538,1132,2861,0.3686,0.6314
2025-02-10,Virudhunagar,4539,533,1135,2871,0.3675,0.6325
2025-02-17,Virudhunagar,4526,525,1129,2872,0.3654,0.6346
2025-02-24,Virudhunagar,4576,522,1137,2917,0.3625,0.6375
2025-03-03,Virudhunagar,4605,517,1136,2952,0.359,0.641
2025-03-10,Virudhunagar,4625,510,1132,2983,0.355,0.645
2025-03-17,Virudhunagar,4646,504,1127,3015,0.3511,0.6489
2025-03-24,Virudhunagar,4684,501,1126,3057,0.3474,0.6526
2025-03-31,Virudhunagar,4677,494,1115,3068,0.344,0.656
2025-04-07,Virudhunagar,4611,482,1093,3036,0.3416,0.6584
2025-04-14,Virudhunagar,4543,473,1073,2997,0.3403,0.6597
2025-04-21,Virudhunagar,4473,465,1056,2952,0.34,0.66
2025-04-28,Virudhunagar,4404,460,1042,2902,0.3411,0.6589
2025-05-05,Virudhunagar,4438,467,1055,2916,0.3429,0.6571
2025-05-12,Virudhunagar,4483,477,1073,2933,0.3458,0.6542
2025-05-19,Virudhunagar,4483,484,1082,2917,0.3493,0.6507
2025-05-26,Virudhunagar,4533,498,1104,2931,0.3534,0.6466
2025-06-02,Virudhunagar,4608,515,1132,2961,0.3574,0.6426
2025-06-09,Virudhunagar,4670,531,1156,2983,0.3612,0.6388
2025-06-16,Virudhunagar,4676,540,1164,2972,0.3644,0.6356
2025-06-23,Virudhunagar,4721,553,1179,2989,0.3669,0.6331
2024-01-01,Ramanathapuram,4090,486,1014,2590,0.3667,0.6333
2024-01-08,Ramanathapuram,4110,492,1012,2606,0.3659,0.6341
2024-01-15,Ramanathapuram,4073,489,994,2590,0.3641,0.6359
2024-01-22,Ramanathapuram,4039,484,977,2578,0.3617,0.6383
2024-01-29,Ramanathapuram,4019,479,964,2576,0.359,0.641
2024-02-05,Ramanathapuram,4012,474,955,2583,0.3562,0.6438
2024-02-12,Ramanathapuram,4009,468,949,2592,0.3535,0.6465
2024-02-19,Ramanathapuram,4030,464,951,2615,0.3511,0.6489
2024-02-26,Ramanathapuram,4069,461,961,2647,0.3495,0.6505
2024-03-04,Ramanathapuram,4084,455,967,2662,0.3482,0.6518
2024-03-11,Ramanathapuram,4095,448,975,2672,0.3475,0.6525
2024-03-18,Ramanathapuram,4095,441,982,2672,0.3475,0.6525
2024-03-25,Ramanathapuram,4084,434,988,2662,0.3482,0.6518
2024-04-01,Ramanathapuram,4084,429,997,2658,0.3492,0.6508
2024-04-08,Ramanathapuram,4062,424,1000,2638,0.3506,0.6494
2024-04-15,Ramanathapuram,4010,417,994,2599,0.3519,0.6481
2024-04-22,Ramanathapuram,4029,420,1004,2605,0.3534,0.6466
2024-04-29,Ramanathapuram,4030,422,1007,2601,0.3546,0.6454
2024-05-06,Ramanathapuram,4057,429,1014,2614,0.3557,0.6443
2024-05-13,Ramanathapuram,4059,435,1012,2612,0.3565,0.6435
2024-05-20,Ramanathapuram,4123,449,1022,2652,0.3568,0.6432
2024-05-27,Ramanathapuram,4115,456,1013,2646,0.357,0.643
2024-06-03,Ramanathapuram,4155,468,1014,2673,0.3567,0.6433
2024-06-10,Ramanathapuram,4166,477,1008,2681,0.3565,0.6435
2024-06-17,Ramanathapuram,4186,487,1004,2695,0.3562,0.6438
2024-06-24,Ramanathapuram,4194,494,998,2702,0.3557,0.6443
2024-07-01,Ramanathapuram,4195,499,993,2703,0.3557,0.6443
2024-07-08,Ramanathapuram,4197,502,991,2704,0.3557,0.6443
2024-07-15,Ramanathapuram,4145,497,979,2669,0.3561,0.6439
2024-07-22,Ramanathapuram,4123,494,976,2653,0.3565,0.6435
2024-07-29,Ramanathapuram,4134,493,984,2657,0.3573,0.6427
2024-08-05,Ramanathapuram,4117,487,987,2643,0.358,0.642
2024-08-12,Ramanathapuram,4103,479,993,2631,0.3588,0.6412
2024-08-19,Ramanathapuram,4130,475,1008,2647,0.3591,0.6409
2024-08-26,Ramanathapuram,4098,464,1009,2625,0.3594,0.6406
2024-09-02,Ramanathapuram,4106,457,1018,2631,0.3592,0.6408
2024-09-09,Ramanathapuram,4075,446,1016,2613,0.3588,0.6412
2024-09-16,Ramanathapuram,4147,447,1036,2664,0.3576,0.6424
2024-09-23,Ramanathapuram,4085,434,1021,2630,0.3562,0.6438
2024-09-30,Ramanathapuram,4072,428,1015,2629,0.3544,0.6456
2024-10-07,Ramanathapuram,4031,420,1000,2611,0.3523,0.6477
2024-10-14,Ramanathapuram,4013,417,988,2608,0.3501,0.6499
2024-10-21,Ramanathapuram,3994,416,975,2603,0.3483,0.6517
2024-10-28,Ramanathapuram,4003,419,968,2616,0.3465,0.6535
2024-11-04,Ramanathapuram,4052,429,972,2651,0.3458,0.6542
2024-11-11,Ramanathapuram,4095,439,975,2681,0.3453,0.6547
2024-11-18,Ramanathapuram,4108,447,973,2688,0.3457,0.6543
2024-11-25,Ramanathapuram,4193,464,990,2739,0.3468,0.6532
2024-12-02,Ramanathapuram,4189,472,989,2728,0.3488,0.6512
2024-12-09,Ramanathapuram,4214,483,998,2733,0.3514,0.6486
2024-12-16,Ramanathapuram,4223,491,1005,2727,0.3543,0.6457
2024-12-23,Ramanathapuram,4195,494,1006,2695,0.3576,0.6424
2024-12-30,Ramanathapuram,4201,500,1016,2685,0.3609,0.6391
2025-01-06,Ramanathapuram,4183,501,1021,2661,0.3639,0.6361
2025-01-13,Ramanathapuram,4167,500,1026,2641,0.3662,0.6338
2025-01-20,Ramanathapuram,4163,499,1032,2632,0.3678,0.6322
2025-01-27,Ramanathapuram,4154,495,1035,2624,0.3683,0.6317
2025-02-03,Ramanathapuram,4153,491,1038,2624,0.3682,0.6318
2025-02-10,Ramanathapuram,4170,487,1042,2641,0.3667,0.6333
2025-02-17,Ramanathapuram,4176,481,1041,2654,0.3645,0.6355
2025-02-24,Ramanathapuram,4195,475,1040,2680,0.3611,0.6389
2025-03-03,Ramanathapuram,4185,466,1030,2689,0.3575,0.6425
2025-03-10,Ramanathapuram,4183,458,1021,2704,0.3536,0.6464
2025-03-17,Ramanathapuram,4199,452,1016,2731,0.3496,0.6504
2025-03-24,Ramanathapuram,4190,445,1005,2740,0.3461,0.6539
2025-03-31,Ramanathapuram,4127,434,982,2711,0.3431,0.6569
2025-04-07,Ramanathapuram,4105,428,972,2705,0.341,0.659
2025-04-14,Ramanathapuram,4075,424,962,2689,0.3401,0.6599
2025-04-21,Ramanathapuram,4054,422,957,2675,0.3402,0.6598
2025-04-28,Ramanathapuram,4037,423,956,2658,0.3416,0.6584
2025-05-05,Ramanathapuram,4082,432,972,2678,0.3439,0.6561
2025-05-12,Ramanathapuram,4092,439,981,2672,0.347,0.653
2025-05-19,Ramanathapuram,4158,453,1006,2699,0.3509,0.6491
2025-05-26,Ramanathapuram,4205,466,1026,2713,0.3548,0.6452
2025-06-02,Ramanathapuram,4248,479,1046,2723,0.359,0.641
2025-06-09,Ramanathapuram,4286,491,1063,2732,0.3626,0.6374
2025-06-16,Ramanathapuram,4281,498,1067,2716,0.3656,0.6344
2025-06-23,Ramanathapuram,4290,505,1072,2713,0.3676,0.6324
2024-01-01,Pudukkottai,4223,473,1056,2694,0.3621,0.6379
2024-01-08,Pudukkottai,4247,484,1060,2703,0.3636,0.6364
2024-01-15,Pudukkottai,4300,498,1069,2733,0.3644,0.6356
2024-01-22,Pudukkottai,4286,503,1059,2724,0.3644,0.6356
2024-01-29,Pudukkottai,4295,509,1053,2733,0.3637,0.6363
2024-02-05,Pudukkottai,4301,514,1045,2742,0.3625,0.6375
2024-02-12,Pudukkottai,4297,515,1035,2747,0.3607,0.6393
2024-02-19,Pudukkottai,4283,514,1023,2746,0.3589,0.6411
2024-02-26,Pudukkottai,4218,504,1001,2713,0.3568,0.6432
2024-03-04,Pudukkottai,4221,500,998,2723,0.3549,0.6451
2024-03-11,Pudukkottai,4189,491,989,2709,0.3533,0.6467
2024-03-18,Pudukkottai,4193,485,991,2717,0.352,0.648
2024-03-25,Pudukkottai,4202,479,997,2726,0.3513,0.6487
2024-04-01,Pudukkottai,4218,472,1008,2738,0.3509,0.6491
2024-04-08,Pudukkottai,4232,466,1019,2747,0.3509,0.6491
2024-04-15,Pudukkottai,4273,463,1038,2772,0.3513,0.6487
2024-04-22,Pudukkottai,4255,454,1043,2758,0.3518,0.6482
2024-04-29,Pudukkottai,4242,447,1048,2747,0.3524,0.6476
2024-05-06,Pudukkottai,4213,440,1048,2725,0.3532,0.6468
2024-05-13,Pudukkottai,4258,443,1063,2752,0.3537,0.6463
2024-05-20,Pudukkottai,4246,442,1061,2743,0.354,0.646
2024-05-27,Pudukkottai,4193,438,1047,2708,0.3542,0.6458
2024-06-03,Pudukkottai,4118,434,1024,2660,0.3541,0.6459
2024-06-10,Pudukkottai,4107,438,1015,2654,0.3538,0.6462
2024-06-17,Pudukkottai,4132,447,1013,2672,0.3533,0.6467
2024-06-24,Pudukkottai,4143,456,1007,2680,0.3531,0.6469
2024-07-01,Pudukkottai,4134,463,996,2675,0.3529,0.6471
2024-07-08,Pudukkottai,4175,476,997,2702,0.3528,0.6472
2024-07-15,Pudukkottai,4193,485,995,2713,0.353,0.647
2024-07-22,Pudukkottai,4230,496,1000,2734,0.3537,0.6463
2024-07-29,Pudukkottai,4245,503,1002,2740,0.3545,0.6455
2024-08-05,Pudukkottai,4268,510,1009,2749,0.3559,0.6441
2024-08-12,Pudukkottai,4257,511,1010,2736,0.3573,0.6427
2024-08-19,Pudukkottai,4265,512,1019,2734,0.359,0.641
2024-08-26,Pudukkottai,4261,509,1026,2726,0.3602,0.6398
2024-09-02,Pudukkottai,4256,505,1034,2717,0.3616,0.6384
2024-09-09,Pudukkottai,4201,493,1030,2678,0.3625,0.6375
2024-09-16,Pudukkottai,4209,487,1040,2682,0.3628,0.6372
2024-09-23,Pudukkottai,4210,480,1047,2683,0.3627,0.6373
2024-09-30,Pudukkottai,4203,471,1049,2683,0.3616,0.6384
2024-10-07,Pudukkottai,4232,466,1058,2708,0.3601,0.6399
2024-10-14,Pudukkottai,4235,459,1057,2719,0.358,0.642
2024-10-21,Pudukkottai,4267,455,1061,2751,0.3553,0.6447
2024-10-28,Pudukkottai,4248,448,1050,2750,0.3526,0.6474
2024-11-04,Pudukkottai,4230,442,1037,2751,0.3496,0.6504
2024-11-11,Pudukkottai,4184,435,1017,2732,0.347,0.653
2024-11-18,Pudukkottai,4148,432,999,2717,0.345,0.655
2024-11-25,Pudukkottai,4136,432,988,2716,0.3433,0.6567
2024-12-02,Pudukkottai,4116,434,977,2705,0.3428,0.6572
2024-12-09,Pudukkottai,4143,442,979,2722,0.343,0.657
2024-12-16,Pudukkottai,4156,450,981,2725,0.3443,0.6557
2024-12-23,Pudukkottai,4124,454,975,2695,0.3465,0.6535
2024-12-30,Pudukkottai,4117,461,977,2679,0.3493,0.6507
2025-01-06,Pudukkottai,4198,478,1003,2717,0.3528,0.6472
2025-01-13,Pudukkottai,4268,494,1028,2746,0.3566,0.6434
2025-01-20,Pudukkottai,4308,505,1047,2756,0.3603,0.6397
2025-01-27,Pudukkottai,4365,518,1070,2777,0.3638,0.6362
2025-02-03,Pudukkottai,4370,522,1080,2768,0.3666,0.6334
2025-02-10,Pudukkottai,4338,520,1079,2739,0.3686,0.6314
2025-02-17,Pudukkottai,4295,515,1072,2708,0.3695,0.6305
2025-02-24,Pudukkottai,4296,513,1074,2709,0.3694,0.6306
2025-03-03,Pudukkottai,4269,506,1066,2697,0.3682,0.6318
2025-03-10,Pudukkottai,4262,500,1060,2702,0.366,0.634
2025-03-17,Pudukkottai,4258,493,1052,2713,0.3628,0.6372
2025-03-24,Pudukkottai,4253,484,1043,2726,0.359,0.641
2025-03-31,Pudukkottai,4243,475,1031,2737,0.3549,0.6451
2025-04-07,Pudukkottai,4266,470,1027,2769,0.3509,0.6491
2025-04-14,Pudukkottai,4304,466,1028,2810,0.3471,0.6529
2025-04-21,Pudukkottai,4315,460,1024,2831,0.3439,0.6561
2025-04-28,Pudukkottai,4317,455,1020,2842,0.3417,0.6583
2025-05-05,Pudukkottai,4308,450,1017,2841,0.3405,0.6595
2025-05-12,Pudukkottai,4289,446,1014,2829,0.3404,0.6596
2025-05-19,Pudukkottai,4274,445,1014,2815,0.3414,0.6586
2025-05-26,Pudukkottai,4246,444,1014,2788,0.3434,0.6566
2025-06-02,Pudukkottai,4218,445,1016,2757,0.3464,0.6536
2025-06-09,Pudukkottai,4221,450,1026,2745,0.3497,0.6503
2025-06-16,Pudukkottai,4232,458,1038,2736,0.3535,0.6465
2025-06-23,Pudukkottai,4241,467,1048,2726,0.3572,0.6428
2024-01-01,Dharmapuri,4300,486,1075,2739,0.363,0.637
2024-01-08,Dharmapuri,4314,495,1076,2743,0.3642,0.6358
2024-01-15,Dharmapuri,4329,504,1075,2750,0.3647,0.6353
2024-01-22,Dharmapuri,4380,517,1080,2783,0.3646,0.6354
2024-01-29,Dharmapuri,4387,522,1073,2792,0.3636,0.6364
2024-02-05,Dharmapuri,4374,524,1060,2790,0.3621,0.6379
2024-02-12,Dharmapuri,4358,523,1047,2788,0.3603,0.6397
2024-02-19,Dharmapuri,4279,513,1020,2746,0.3583,0.6417
2024-02-26,Dharmapuri,4248,506,1007,2735,0.3562,0.6438
2024-03-04,Dharmapuri,4204,496,993,2715,0.3542,0.6458
2024-03-11,Dharmapuri,4219,492,996,2731,0.3527,0.6473
2024-03-18,Dharmapuri,4219,485,998,2736,0.3515,0.6485
2024-03-25,Dharmapuri,4258,481,1012,2765,0.3506,0.6494
2024-04-01,Dharmapuri,4287,476,1026,2785,0.3504,0.6496
2024-04-08,Dharmapuri,4279,467,1033,2779,0.3505,0.6495
2024-04-15,Dharmapuri,4302,462,1048,2792,0.351,0.649
2024-04-22,Dharmapuri,4294,455,1055,2784,0.3517,0.6483
2024-04-29,Dharmapuri,4290,450,1062,2778,0.3524,0.6476
2024-05-06,Dharmapuri,4282,446,1066,2770,0.3531,0.6469
2024-05-13,Dharmapuri,4243,441,1060,2742,0.3538,0.6462
2024-05-20,Dharmapuri,4237,442,1059,2736,0.3543,0.6457
2024-05-27,Dharmapuri,4217,442,1052,2723,0.3543,0.6457
2024-06-03,Dharmapuri,4200,445,1043,2712,0.3543,0.6457
2024-06-10,Dharmapuri,4168,448,1028,2692,0.3541,0.6459
2024-06-17,Dharmapuri,4176,456,1021,2699,0.3537,0.6463
2024-06-24,Dharmapuri,4195,466,1017,2712,0.3535,0.6465
2024-07-01,Dharmapuri,4261,481,1024,2756,0.3532,0.6468
2024-07-08,Dharmapuri,4357,500,1039,2818,0.3532,0.6468
2024-07-15,Dharmapuri,4389,511,1040,2838,0.3534,0.6466
2024-07-22,Dharmapuri,4365,515,1031,2819,0.3542,0.6458
2024-07-29,Dharmapuri,4357,519,1028,2810,0.3551,0.6449
2024-08-05,Dharmapuri,4385,525,1037,2823,0.3562,0.6438
2024-08-12,Dharmapuri,4355,523,1035,2797,0.3577,0.6423
2024-08-19,Dharmapuri,4400,527,1053,2820,0.3591,0.6409
2024-08-26,Dharmapuri,4338,517,1047,2774,0.3605,0.6395
2024-09-02,Dharmapuri,4338,512,1057,2769,0.3617,0.6383
2024-09-09,Dharmapuri,4325,504,1063,2758,0.3623,0.6377
2024-09-16,Dharmapuri,4312,495,1068,2749,0.3625,0.6375
2024-09-23,Dharmapuri,4312,487,1074,2751,0.362,0.638
2024-09-30,Dharmapuri,4315,479,1078,2758,0.3608,0.6392
2024-10-07,Dharmapuri,4353,475,1088,2790,0.3591,0.6409
2024-10-14,Dharmapuri,4350,468,1085,2797,0.357,0.643
2024-10-21,Dharmapuri,4358,462,1082,2814,0.3543,0.6457
2024-10-28,Dharmapuri,4336,455,1069,2812,0.3515,0.6485
2024-11-04,Dharmapuri,4363,455,1067,2841,0.3488,0.6512
2024-11-11,Dharmapuri,4356,453,1056,2847,0.3464,0.6536
2024-11-18,Dharmapuri,4325,451,1039,2835,0.3445,0.6555
2024-11-25,Dharmapuri,4282,449,1021,2812,0.3433,0.6567
2024-12-02,Dharmapuri,4245,450,1006,2789,0.343,0.657
2024-12-09,Dharmapuri,4254,457,1005,2792,0.3437,0.6563
2024-12-16,Dharmapuri,4254,464,1004,2786,0.3451,0.6549
2024-12-23,Dharmapuri,4281,475,1013,2793,0.3476,0.6524
2024-12-30,Dharmapuri,4305,486,1023,2796,0.3505,0.6495
2025-01-06,Dharmapuri,4371,502,1046,2823,0.3542,0.6458
2025-01-13,Dharmapuri,4419,515,1067,2837,0.358,0.642
2025-01-20,Dharmapuri,4449,525,1084,2840,0.3617,0.6383
2025-01-27,Dharmapuri,4477,533,1100,2844,0.3648,0.6352
2025-02-03,Dharmapuri,4462,534,1105,2823,0.3673,0.6327
2025-02-10,Dharmapuri,4438,533,1105,2800,0.3691,0.6309
2025-02-17,Dharmapuri,4434,531,1108,2795,0.3696,0.6304
2025-02-24,Dharmapuri,4408,525,1102,2781,0.3691,0.6309
2025-03-03,Dharmapuri,4395,519,1096,2780,0.3675,0.6325
2025-03-10,Dharmapuri,4378,510,1087,2781,0.3648,0.6352
2025-03-17,Dharmapuri,4372,502,1078,2792,0.3614,0.6386
2025-03-24,Dharmapuri,4346,491,1063,2792,0.3576,0.6424
2025-03-31,Dharmapuri,4361,484,1057,2820,0.3534,0.6466
2025-04-07,Dharmapuri,4350,475,1045,2830,0.3494,0.6506
2025-04-14,Dharmapuri,4344,467,1036,2841,0.346,0.654
2025-04-21,Dharmapuri,4341,460,1029,2852,0.343,0.657
2025-04-28,Dharmapuri,4390,461,1037,2892,0.3412,0.6588
2025-05-05,Dharmapuri,4388,457,1036,2895,0.3402,0.6598
2025-05-12,Dharmapuri,4363,454,1032,2877,0.3406,0.6594
2025-05-19,Dharmapuri,4344,453,1033,2858,0.3421,0.6579
2025-05-26,Dharmapuri,4344,456,1040,2848,0.3444,0.6556
2025-06-02,Dharmapuri,4309,457,1040,2812,0.3474,0.6526
2025-06-09,Dharmapuri,4272,459,1041,2772,0.3511,0.6489
2025-06-16,Dharmapuri,4288,468,1054,2766,0.3549,0.6451
2025-06-23,Dharmapuri,4336,481,1074,2781,0.3586,0.6414
2024-01-01,Krishnagiri,4463,508,1115,2840,0.3637,0.6363
2024-01-08,Krishnagiri,4467,517,1113,2837,0.3649,0.6351
2024-01-15,Krishnagiri,4534,532,1124,2878,0.3652,0.6348
2024-01-22,Krishnagiri,4502,534,1108,2860,0.3647,0.6353
2024-01-29,Krishnagiri,4505,538,1099,2868,0.3634,0.6366
2024-02-05,Krishnagiri,4486,538,1085,2863,0.3618,0.6382
2024-02-12,Krishnagiri,4404,528,1056,2820,0.3597,0.6403
2024-02-19,Krishnagiri,4377,523,1042,2812,0.3576,0.6424
2024-02-26,Krishnagiri,4374,519,1035,2820,0.3553,0.6447
2024-03-04,Krishnagiri,4296,504,1014,2778,0.3534,0.6466
2024-03-11,Krishnagiri,4274,495,1009,2770,0.3519,0.6481
2024-03-18,Krishnagiri,4299,490,1018,2791,0.3508,0.6492
2024-03-25,Krishnagiri,4339,486,1033,2820,0.3501,0.6499
2024-04-01,Krishnagiri,4403,485,1056,2862,0.35,0.65
2024-04-08,Krishnagiri,4393,476,1063,2854,0.3503,0.6497
2024-04-15,Krishnagiri,4399,470,1074,2855,0.351,0.649
2024-04-22,Krishnagiri,4410,465,1086,2859,0.3517,0.6483
2024-04-29,Krishnagiri,4419,462,1096,2861,0.3526,0.6474
2024-05-06,Krishnagiri,4371,455,1090,2826,0.3535,0.6465
2024-05-13,Krishnagiri,4313,449,1078,2786,0.354,0.646
2024-05-20,Krishnagiri,4335,453,1083,2799,0.3543,0.6457
2024-05-27,Krishnagiri,4329,456,1079,2794,0.3546,0.6454
2024-06-03,Krishnagiri,4326,461,1072,2793,0.3544,0.6456
2024-06-10,Krishnagiri,4333,469,1066,2798,0.3543,0.6457
2024-06-17,Krishnagiri,4336,477,1058,2801,0.354,0.646
2024-06-24,Krishnagiri,4350,487,1052,2811,0.3538,0.6462
2024-07-01,Krishnagiri,4358,496,1045,2817,0.3536,0.6464
2024-07-08,Krishnagiri,4387,507,1044,2836,0.3535,0.6465
2024-07-15,Krishnagiri,4410,517,1044,2849,0.354,0.646
2024-07-22,Krishnagiri,4453,528,1051,2874,0.3546,0.6454
2024-07-29,Krishnagiri,4440,530,1048,2862,0.3554,0.6446
2024-08-05,Krishnagiri,4409,529,1044,2836,0.3568,0.6432
2024-08-12,Krishnagiri,4410,529,1050,2831,0.358,0.642
2024-08-19,Krishnagiri,4426,529,1062,2835,0.3595,0.6405
2024-08-26,Krishnagiri,4408,523,1067,2818,0.3607,0.6393
2024-09-02,Krishnagiri,4409,517,1077,2815,0.3615,0.6385
2024-09-09,Krishnagiri,4380,507,1079,2794,0.3621,0.6379
2024-09-16,Krishnagiri,4385,500,1088,2797,0.3621,0.6379
2024-09-23,Krishnagiri,4453,499,1110,2844,0.3613,0.6387
2024-09-30,Krishnagiri,4468,492,1117,2859,0.3601,0.6399
2024-10-07,Krishnagiri,4503,488,1125,2890,0.3582,0.6418
2024-10-14,Krishnagiri,4487,479,1118,2890,0.3559,0.6441
2024-10-21,Krishnagiri,4449,469,1103,2877,0.3533,0.6467
2024-10-28,Krishnagiri,4393,459,1081,2853,0.3506,0.6494
2024-11-04,Krishnagiri,4423,460,1079,2884,0.348,0.652
2024-11-11,Krishnagiri,4367,454,1056,2857,0.3458,0.6542
2024-11-18,Krishnagiri,4335,453,1039,2843,0.3442,0.6558
2024-11-25,Krishnagiri,4320,455,1028,2837,0.3433,0.6567
2024-12-02,Krishnagiri,4347,464,1029,2854,0.3435,0.6565
2024-12-09,Krishnagiri,4358,472,1029,2857,0.3444,0.6556
2024-12-16,Krishnagiri,4347,478,1026,2843,0.346,0.654
2024-12-23,Krishnagiri,4379,490,1037,2852,0.3487,0.6513
2024-12-30,Krishnagiri,4441,506,1057,2878,0.3519,0.6481
2025-01-06,Krishnagiri,4501,521,1080,2900,0.3557,0.6443
2025-01-13,Krishnagiri,4486,526,1086,2874,0.3593,0.6407
2025-01-20,Krishnagiri,4544,539,1110,2895,0.3629,0.6371
2025-01-27,Krishnagiri,4560,545,1123,2892,0.3658,0.6342
2025-02-03,Krishnagiri,4584,550,1137,2897,0.368,0.632
2025-02-10,Krishnagiri,4561,547,1137,2877,0.3692,0.6308
2025-02-17,Krishnagiri,4493,537,1123,2833,0.3695,0.6305
2025-02-24,Krishnagiri,4482,532,1120,2830,0.3686,0.6314
2025-03-03,Krishnagiri,4462,524,1112,2826,0.3667,0.6333
2025-03-10,Krishnagiri,4416,511,1095,2810,0.3637,0.6363
2025-03-17,Krishnagiri,4370,498,1075,2797,0.36,0.64
2025-03-24,Krishnagiri,4393,492,1072,2829,0.356,0.644
2025-03-31,Krishnagiri,4423,487,1069,2867,0.3518,0.6482
2025-04-07,Krishnagiri,4440,481,1064,2895,0.348,0.652
2025-04-14,Krishnagiri,4422,472,1052,2898,0.3446,0.6554
2025-04-21,Krishnagiri,4443,468,1052,2923,0.3421,0.6579
2025-04-28,Krishnagiri,4416,462,1042,2912,0.3406,0.6594
2025-05-05,Krishnagiri,4392,457,1037,2898,0.3402,0.6598
2025-05-12,Krishnagiri,4375,455,1036,2884,0.3408,0.6592
2025-05-19,Krishnagiri,4352,455,1036,2861,0.3426,0.6574
2025-05-26,Krishnagiri,4326,456,1038,2832,0.3454,0.6546
2025-06-02,Krishnagiri,4314,460,1044,2810,0.3486,0.6514
2025-06-09,Krishnagiri,4307,466,1052,2789,0.3524,0.6476
2025-06-16,Krishnagiri,4337,477,1068,2792,0.3562,0.6438
2025-06-23,Krishnagiri,4384,491,1087,2806,0.3599,0.6401
2024-01-01,Villupuram,4707,540,1176,2991,0.3646,0.6354
2024-01-08,Villupuram,4766,555,1186,3025,0.3653,0.6347
2024-01-15,Villupuram,4749,560,1175,3014,0.3653,0.6347
2024-01-22,Villupuram,4761,567,1169,3025,0.3646,0.6354
2024-01-29,Villupuram,4733,567,1152,3014,0.3632,0.6368
2024-02-05,Villupuram,4735,568,1142,3025,0.3611,0.6389
2024-02-12,Villupuram,4703,563,1125,3015,0.3589,0.6411
2024-02-19,Villupuram,4640,553,1102,2985,0.3567,0.6433
2024-02-26,Villupuram,4614,545,1091,2978,0.3546,0.6454
2024-03-04,Villupuram,4605,537,1087,2981,0.3527,0.6473
2024-03-11,Villupuram,4618,531,1091,2996,0.3512,0.6488
2024-03-18,Villupuram,4615,522,1094,2999,0.3502,0.6498
2024-03-25,Villupuram,4645,516,1108,3021,0.3496,0.6504
2024-04-01,Villupuram,4703,514,1131,3058,0.3498,0.6502
2024-04-08,Villupuram,4722,508,1146,3068,0.3503,0.6497
2024-04-15,Villupuram,4694,498,1149,3047,0.3509,0.6491
2024-04-22,Villupuram,4665,490,1151,3024,0.3518,0.6482
2024-04-29,Villupuram,4674,487,1161,3026,0.3526,0.6474
2024-05-06,Villupuram,4625,481,1154,2990,0.3535,0.6465
2024-05-13,Villupuram,4612,481,1153,2978,0.3543,0.6457
2024-05-20,Villupuram,4585,481,1145,2959,0.3546,0.6454
2024-05-27,Villupuram,4552,482,1133,2937,0.3548,0.6452
2024-06-03,Villupuram,4542,488,1124,2930,0.3549,0.6451
2024-06-10,Villupuram,4594,501,1128,2965,0.3546,0.6454
2024-06-17,Villupuram,4595,510,1118,2967,0.3543,0.6457
2024-06-24,Villupuram,4677,528,1128,3021,0.3541,0.6459
2024-07-01,Villupuram,4712,541,1127,3044,0.354,0.646
2024-07-08,Villupuram,4728,551,1123,3054,0.3541,0.6459
2024-07-15,Villupuram,4767,562,1127,3078,0.3543,0.6457
2024-07-22,Villupuram,4783,569,1129,3085,0.355,0.645
2024-07-29,Villupuram,4810,576,1136,3098,0.3559,0.6441
2024-08-05,Villupuram,4775,573,1132,3070,0.3571,0.6429
2024-08-12,Villupuram,4748,569,1133,3046,0.3585,0.6415
2024-08-19,Villupuram,4744,565,1141,3038,0.3596,0.6404
2024-08-26,Villupuram,4707,556,1142,3009,0.3607,0.6393
2024-09-02,Villupuram,4673,545,1144,2984,0.3614,0.6386
2024-09-09,Villupuram,4630,532,1143,2955,0.3618,0.6382
2024-09-16,Villupuram,4677,529,1162,2986,0.3616,0.6384
2024-09-23,Villupuram,4652,517,1161,2974,0.3607,0.6393
2024-09-30,Villupuram,4688,512,1172,3004,0.3592,0.6408
2024-10-07,Villupuram,4701,506,1174,3021,0.3574,0.6426
2024-10-14,Villupuram,4710,500,1172,3038,0.355,0.645
2024-10-21,Villupuram,4741,498,1173,3070,0.3525,0.6475
2024-10-28,Villupuram,4746,495,1165,3086,0.3498,0.6502
2024-11-04,Villupuram,4741,493,1154,3094,0.3474,0.6526
2024-11-11,Villupuram,4718,492,1138,3088,0.3455,0.6545
2024-11-18,Villupuram,4688,492,1121,3075,0.3441,0.6559
2024-11-25,Villupuram,4655,493,1106,3056,0.3435,0.6565
2024-12-02,Villupuram,4596,493,1087,3016,0.3438,0.6562
2024-12-09,Villupuram,4632,505,1093,3034,0.345,0.655
2024-12-16,Villupuram,4699,521,1110,3068,0.3471,0.6529
2024-12-23,Villupuram,4723,533,1120,3070,0.35,0.65
2024-12-30,Villupuram,4774,548,1139,3087,0.3534,0.6466
2025-01-06,Villupuram,4781,557,1150,3074,0.357,0.643
2025-01-13,Villupuram,4832,570,1172,3090,0.3605,0.6395
2025-01-20,Villupuram,4833,575,1183,3075,0.3637,0.6363
2025-01-27,Villupuram,4769,571,1177,3021,0.3665,0.6335
2025-02-03,Villupuram,4770,572,1185,3013,0.3683,0.6317
2025-02-10,Villupuram,4761,570,1188,3003,0.3693,0.6307
2025-02-17,Villupuram,4703,560,1176,2967,0.3691,0.6309
2025-02-24,Villupuram,4695,554,1173,2968,0.3678,0.6322
2025-03-03,Villupuram,4673,545,1163,2965,0.3655,0.6345
2025-03-10,Villupuram,4696,540,1162,2994,0.3624,0.6376
2025-03-17,Villupuram,4707,532,1156,3019,0.3586,0.6414
2025-03-24,Villupuram,4758,529,1158,3071,0.3546,0.6454
2025-03-31,Villupuram,4780,522,1153,3105,0.3504,0.6496
2025-04-07,Villupuram,4782,514,1144,3124,0.3467,0.6533
2025-04-14,Villupuram,4795,509,1139,3147,0.3437,0.6563
2025-04-21,Villupuram,4752,499,1124,3129,0.3415,0.6585
2025-04-28,Villupuram,4673,487,1103,3083,0.3403,0.6597
2025-05-05,Villupuram,4682,487,1106,3089,0.3402,0.6598
2025-05-12,Villupuram,4644,484,1101,3059,0.3413,0.6587
2025-05-19,Villupuram,4623,485,1103,3035,0.3435,0.6565
2025-05-26,Villupuram,4603,488,1107,3008,0.3465,0.6535
2025-06-02,Villupuram,4582,492,1112,2978,0.3501,0.6499
2025-06-09,Villupuram,4606,502,1128,2976,0.3539,0.6461
2025-06-16,Villupuram,4607,511,1137,2959,0.3577,0.6423
2025-06-23,Villupuram,4660,526,1158,2976,0.3614,0.6386
2024-01-01,Tiruvannamalai,4623,534,1154,2935,0.3651,0.6349
2024-01-08,Tiruvannamalai,4687,549,1165,2973,0.3657,0.6343
2024-01-15,Tiruvannamalai,4717,559,1165,2993,0.3655,0.6345
2024-01-22,Tiruvannamalai,4680,559,1146,2975,0.3643,0.6357
2024-01-29,Tiruvannamalai,4626,555,1123,2948,0.3627,0.6373
2024-02-05,Tiruvannamalai,4605,552,1108,2945,0.3605,0.6395
2024-02-12,Tiruvannamalai,4601,550,1098,2953,0.3582,0.6418
2024-02-19,Tiruvannamalai,4591,545,1089,2957,0.3559,0.6441
2024-02-26,Tiruvannamalai,4617,542,1091,2984,0.3537,0.6463
2024-03-04,Tiruvannamalai,4624,536,1091,2997,0.3519,0.6481
2024-03-11,Tiruvannamalai,4637,529,1096,3012,0.3504,0.6496
2024-03-18,Tiruvannamalai,4625,519,1098,3008,0.3496,0.6504
2024-03-25,Tiruvannamalai,4609,508,1102,2999,0.3493,0.6507
2024-04-01,Tiruvannamalai,4653,504,1122,3027,0.3495,0.6505
2024-04-08,Tiruvannamalai,4650,497,1131,3022,0.3501,0.6499
2024-04-15,Tiruvannamalai,4651,491,1141,3019,0.3509,0.6491
2024-04-22,Tiruvannamalai,4589,480,1135,2974,0.3519,0.6481
2024-04-29,Tiruvannamalai,4546,473,1131,2942,0.3528,0.6472
2024-05-06,Tiruvannamalai,4486,467,1120,2899,0.3538,0.6462
2024-05-13,Tiruvannamalai,4447,465,1112,2870,0.3546,0.6454
2024-05-20,Tiruvannamalai,4460,470,1113,2877,0.3549,0.6451
2024-05-27,Tiruvannamalai,4427,472,1100,2855,0.3551,0.6449
2024-06-03,Tiruvannamalai,4440,480,1096,2864,0.355,0.645
2024-06-10,Tiruvannamalai,4486,493,1099,2894,0.3549,0.6451
2024-06-17,Tiruvannamalai,4518,505,1097,2916,0.3546,0.6454
2024-06-24,Tiruvannamalai,4564,519,1098,2947,0.3543,0.6457
2024-07-01,Tiruvannamalai,4608,533,1100,2975,0.3544,0.6456
2024-07-08,Tiruvannamalai,4651,545,1103,3003,0.3543,0.6457
2024-07-15,Tiruvannamalai,4660,552,1101,3007,0.3547,0.6453
2024-07-22,Tiruvannamalai,4670,558,1102,3010,0.3555,0.6445
2024-07-29,Tiruvannamalai,4659,559,1101,2999,0.3563,0.6437
2024-08-05,Tiruvannamalai,4649,558,1104,2987,0.3575,0.6425
2024-08-12,Tiruvannamalai,4629,553,1107,2969,0.3586,0.6414
2024-08-19,Tiruvannamalai,4647,551,1120,2976,0.3596,0.6404
2024-08-26,Tiruvannamalai,4615,542,1123,2950,0.3608,0.6392
2024-09-02,Tiruvannamalai,4641,538,1139,2964,0.3613,0.6387
2024-09-09,Tiruvannamalai,4634,528,1146,2960,0.3612,0.6388
2024-09-16,Tiruvannamalai,4625,519,1151,2955,0.3611,0.6389
2024-09-23,Tiruvannamalai,4670,515,1166,2989,0.36,0.64
2024-09-30,Tiruvannamalai,4668,506,1167,2995,0.3584,0.6416
2024-10-07,Tiruvannamalai,4658,497,1163,2998,0.3564,0.6436
2024-10-14,Tiruvannamalai,4615,487,1147,2981,0.3541,0.6459
2024-10-21,Tiruvannamalai,4550,476,1123,2951,0.3514,0.6486
2024-10-28,Tiruvannamalai,4548,473,1114,2961,0.3489,0.6511
2024-11-04,Tiruvannamalai,4497,468,1092,2937,0.3469,0.6531
2024-11-11,Tiruvannamalai,4500,470,1083,2947,0.3451,0.6549
2024-11-18,Tiruvannamalai,4534,478,1082,2974,0.3441,0.6559
2024-11-25,Tiruvannamalai,4528,483,1074,2971,0.3439,0.6561
2024-12-02,Tiruvannamalai,4517,489,1067,2961,0.3445,0.6555
2024-12-09,Tiruvannamalai,4560,501,1076,2983,0.3458,0.6542
2024-12-16,Tiruvannamalai,4620,517,1092,3011,0.3483,0.6517
2024-12-23,Tiruvannamalai,4657,530,1106,3021,0.3513,0.6487
2024-12-30,Tiruvannamalai,4696,543,1123,3030,0.3548,0.6452
2025-01-06,Tiruvannamalai,4754,557,1146,3051,0.3582,0.6418
2025-01-13,Tiruvannamalai,4790,568,1165,3057,0.3618,0.6382
2025-01-20,Tiruvannamalai,4795,573,1177,3045,0.365,0.635
2025-01-27,Tiruvannamalai,4747,569,1174,3004,0.3672,0.6328
2025-02-03,Tiruvannamalai,4718,566,1174,2978,0.3688,0.6312
2025-02-10,Tiruvannamalai,4702,562,1174,2966,0.3692,0.6308
2025-02-17,Tiruvannamalai,4672,554,1168,2950,0.3686,0.6314
2025-02-24,Tiruvannamalai,4644,545,1159,2940,0.3669,0.6331
2025-03-03,Tiruvannamalai,4627,536,1150,2941,0.3644,0.6356
2025-03-10,Tiruvannamalai,4625,527,1142,2956,0.3609,0.6391
2025-03-17,Tiruvannamalai,4631,519,1134,2978,0.3569,0.6431
2025-03-24,Tiruvannamalai,4645,512,1128,3005,0.3531,0.6469
2025-03-31,Tiruvannamalai,4692,509,1129,3054,0.3491,0.6509
2025-04-07,Tiruvannamalai,4675,499,1116,3060,0.3455,0.6545
2025-04-14,Tiruvannamalai,4691,495,1113,3083,0.3428,0.6572
2025-04-21,Tiruvannamalai,4677,489,1105,3083,0.3408,0.6592
2025-04-28,Tiruvannamalai,4649,484,1097,3068,0.3401,0.6599
2025-05-05,Tiruvannamalai,4595,478,1086,3031,0.3404,0.6596
2025-05-12,Tiruvannamalai,4559,476,1083,3000,0.342,0.658
2025-05-19,Tiruvannamalai,4593,484,1098,3011,0.3444,0.6556
2025-05-26,Tiruvannamalai,4589,489,1106,2994,0.3476,0.6524
2025-06-02,Tiruvannamalai,4613,499,1122,2992,0.3514,0.6486
2025-06-09,Tiruvannamalai,4654,512,1142,3000,0.3554,0.6446
2025-06-16,Tiruvannamalai,4712,527,1165,3020,0.3591,0.6409
2025-06-23,Tiruvannamalai,4739,539,1179,3021,0.3625,0.6375
2024-01-01,Kanyakumari,4593,535,1145,2913,0.3658,0.6342
2024-01-08,Kanyakumari,4625,545,1148,2932,0.3661,0.6339
2024-01-15,Kanyakumari,4627,551,1140,2936,0.3655,0.6345
2024-01-22,Kanyakumari,4600,551,1124,2925,0.3641,0.6359
2024-01-29,Kanyakumari,4535,544,1098,2893,0.3621,0.6379
2024-02-05,Kanyakumari,4550,545,1092,2913,0.3598,0.6402
2024-02-12,Kanyakumari,4526,539,1078,2909,0.3573,0.6427
2024-02-19,Kanyakumari,4535,536,1074,2925,0.355,0.645
2024-02-26,Kanyakumari,4561,532,1077,2952,0.3528,0.6472
2024-03-04,Kanyakumari,4584,527,1082,2975,0.351,0.649
2024-03-11,Kanyakumari,4598,520,1088,2990,0.3497,0.6503
2024-03-18,Kanyakumari,4637,516,1103,3018,0.3491,0.6509
2024-03-25,Kanyakumari,4665,510,1118,3037,0.349,0.651
2024-04-01,Kanyakumari,4683,504,1132,3047,0.3493,0.6507
2024-04-08,Kanyakumari,4633,492,1130,3011,0.3501,0.6499
2024-04-15,Kanyakumari,4608,484,1133,2991,0.3509,0.6491
2024-04-22,Kanyakumari,4568,476,1132,2960,0.352,0.648
2024-04-29,Kanyakumari,4612,480,1149,2983,0.3532,0.6468
2024-05-06,Kanyakumari,4559,475,1139,2945,0.354,0.646
2024-05-13,Kanyakumari,4566,479,1141,2946,0.3548,0.6452
2024-05-20,Kanyakumari,4515,478,1126,2911,0.3553,0.6447
2024-05-27,Kanyakumari,4518,485,1121,2912,0.3555,0.6445
2024-06-03,Kanyakumari,4514,492,1112,2910,0.3553,0.6447
2024-06-10,Kanyakumari,4567,506,1116,2945,0.3552,0.6448
2024-06-17,Kanyakumari,4660,526,1128,3006,0.3549,0.6451
2024-06-24,Kanyakumari,4677,536,1123,3018,0.3547,0.6453
2024-07-01,Kanyakumari,4730,551,1127,3052,0.3548,0.6452
2024-07-08,Kanyakumari,4762,561,1128,3073,0.3547,0.6453
2024-07-15,Kanyakumari,4775,568,1128,3079,0.3552,0.6448
2024-07-22,Kanyakumari,4751,569,1121,3061,0.3557,0.6443
2024-07-29,Kanyakumari,4720,566,1117,3037,0.3566,0.6434
2024-08-05,Kanyakumari,4696,563,1117,3016,0.3578,0.6422
2024-08-12,Kanyakumari,4675,557,1120,2998,0.3587,0.6413
2024-08-19,Kanyakumari,4664,551,1127,2986,0.3598,0.6402
2024-08-26,Kanyakumari,4676,546,1140,2990,0.3606,0.6394
2024-09-02,Kanyakumari,4676,538,1150,2988,0.361,0.639
2024-09-09,Kanyakumari,4701,532,1165,3004,0.361,0.639
2024-09-16,Kanyakumari,4720,525,1176,3019,0.3604,0.6396
2024-09-23,Kanyakumari,4702,514,1175,3013,0.3592,0.6408
2024-09-30,Kanyakumari,4685,504,1171,3010,0.3575,0.6425
2024-10-07,Kanyakumari,4695,498,1171,3026,0.3555,0.6445
2024-10-14,Kanyakumari,4687,492,1163,3032,0.3531,0.6469
2024-10-21,Kanyakumari,4682,488,1154,3040,0.3507,0.6493
2024-10-28,Kanyakumari,4591,477,1122,2992,0.3483,0.6517
2024-11-04,Kanyakumari,4580,477,1109,2994,0.3463,0.6537
2024-11-11,Kanyakumari,4504,472,1081,2951,0.3448,0.6552
2024-11-18,Kanyakumari,4510,478,1074,2958,0.3441,0.6559
2024-11-25,Kanyakumari,4474,480,1060,2934,0.3442,0.6558
2024-12-02,Kanyakumari,4552,496,1075,2981,0.3451,0.6549
2024-12-09,Kanyakumari,4580,508,1081,2991,0.3469,0.6531
2024-12-16,Kanyakumari,4687,529,1109,3049,0.3495,0.6505
2024-12-23,Kanyakumari,4734,543,1126,3065,0.3526,0.6474
2024-12-30,Kanyakumari,4784,557,1146,3081,0.356,0.644
2025-01-06,Kanyakumari,4812,567,1163,3082,0.3595,0.6405
2025-01-13,Kanyakumari,4850,577,1183,3090,0.3629,0.6371
2025-01-20,Kanyakumari,4825,578,1187,3060,0.3658,0.6342
2025-01-27,Kanyakumari,4766,572,1181,3013,0.3678,0.6322
2025-02-03,Kanyakumari,4709,564,1173,2972,0.3689,0.6311
2025-02-10,Kanyakumari,4669,556,1167,2946,0.369,0.631
2025-02-17,Kanyakumari,4663,551,1165,2947,0.368,0.632
2025-02-24,Kanyakumari,4673,545,1165,2963,0.3659,0.6341
2025-03-03,Kanyakumari,4678,538,1161,2979,0.3632,0.6368
2025-03-10,Kanyakumari,4701,532,1158,3011,0.3595,0.6405
2025-03-17,Kanyakumari,4757,529,1162,3066,0.3555,0.6445
2025-03-24,Kanyakumari,4725,517,1144,3064,0.3515,0.6485
2025-03-31,Kanyakumari,4720,508,1133,3079,0.3477,0.6523
2025-04-07,Kanyakumari,4742,503,1130,3109,0.3444,0.6556
2025-04-14,Kanyakumari,4698,493,1113,3092,0.3418,0.6582
2025-04-21,Kanyakumari,4698,490,1109,3099,0.3404,0.6596
2025-04-28,Kanyakumari,4654,484,1099,3071,0.3401,0.6599
2025-05-05,Kanyakumari,4612,481,1091,3040,0.3408,0.6592
2025-05-12,Kanyakumari,4591,481,1092,3018,0.3426,0.6574
2025-05-19,Kanyakumari,4594,486,1101,3007,0.3455,0.6545
2025-05-26,Kanyakumari,4601,494,1112,2995,0.3491,0.6509
2025-06-02,Kanyakumari,4667,509,1138,3020,0.3529,0.6471
2025-06-09,Kanyakumari,4694,520,1155,3019,0.3568,0.6432
2025-06-16,Kanyakumari,4766,538,1181,3047,0.3607,0.6393
2025-06-23,Kanyakumari,4827,554,1202,3071,0.3638,0.6362
2024-01-01,Nilgiris,4055,475,1010,2570,0.3662,0.6338
2024-01-08,Nilgiris,4075,483,1009,2583,0.3661,0.6339
2024-01-15,Nilgiris,4036,482,992,2562,0.3652,0.6348
2024-01-22,Nilgiris,4062,487,990,2585,0.3636,0.6364
2024-01-29,Nilgiris,4059,487,980,2592,0.3614,0.6386
2024-02-05,Nilgiris,4034,482,966,2586,0.3589,0.6411
2024-02-12,Nilgiris,4017,477,955,2585,0.3565,0.6435
2024-02-19,Nilgiris,4024,473,952,2599,0.3541,0.6459
2024-02-26,Nilgiris,4024,466,950,2608,0.3519,0.6481
2024-03-04,Nilgiris,4035,460,953,2622,0.3502,0.6498
2024-03-11,Nilgiris,4069,457,964,2648,0.3492,0.6508
2024-03-18,Nilgiris,4093,451,976,2666,0.3486,0.6514
2024-03-25,Nilgiris,4097,444,984,2669,0.3485,0.6515
2024-04-01,Nilgiris,4091,437,991,2663,0.3491,0.6509
2024-04-08,Nilgiris,4078,430,997,2651,0.3499,0.6501
2024-04-15,Nilgiris,4042,423,996,2623,0.3511,0.6489
2024-04-22,Nilgiris,4006,417,994,2595,0.3522,0.6478
2024-04-29,Nilgiris,3993,415,996,2582,0.3534,0.6466
2024-05-06,Nilgiris,3970,415,992,2563,0.3544,0.6456
2024-05-13,Nilgiris,3934,414,983,2537,0.3551,0.6449
2024-05-20,Nilgiris,3935,419,980,2536,0.3555,0.6445
2024-05-27,Nilgiris,3977,430,985,2562,0.3558,0.6442
2024-06-03,Nilgiris,4007,440,985,2582,0.3556,0.6444
2024-06-10,Nilgiris,4045,452,986,2607,0.3555,0.6445
2024-06-17,Nilgiris,4099,466,990,2643,0.3552,0.6448
2024-06-24,Nilgiris,4169,482,998,2689,0.355,0.645
2024-07-01,Nilgiris,4167,488,991,2688,0.3549,0.6451
2024-07-08,Nilgiris,4197,497,993,2707,0.355,0.645
2024-07-15,Nilgiris,4156,496,981,2679,0.3554,0.6446
2024-07-22,Nilgiris,4142,497,978,2667,0.3561,0.6439
2024-07-29,Nilgiris,4094,491,970,2633,0.3569,0.6431
2024-08-05,Nilgiris,4105,491,978,2636,0.3579,0.6421
2024-08-12,Nilgiris,4105,487,986,2632,0.3588,0.6412
2024-08-19,Nilgiris,4119,484,998,2637,0.3598,0.6402
2024-08-26,Nilgiris,4098,475,1002,2621,0.3604,0.6396
2024-09-02,Nilgiris,4121,470,1016,2635,0.3606,0.6394
2024-09-09,Nilgiris,4120,462,1023,2635,0.3604,0.6396
2024-09-16,Nilgiris,4123,455,1028,2640,0.3597,0.6403
2024-09-23,Nilgiris,4140,449,1035,2656,0.3585,0.6415
2024-09-30,Nilgiris,4152,444,1037,2671,0.3567,0.6433
2024-10-07,Nilgiris,4137,437,1030,2670,0.3546,0.6454
2024-10-14,Nilgiris,4096,428,1015,2653,0.3523,0.6477
2024-10-21,Nilgiris,4048,421,995,2632,0.3498,0.6502
2024-10-28,Nilgiris,4054,422,988,2644,0.3478,0.6522
2024-11-04,Nilgiris,4041,422,976,2643,0.346,0.654
2024-11-11,Nilgiris,4043,426,968,2649,0.3448,0.6552
2024-11-18,Nilgiris,4087,435,972,2680,0.3443,0.6557
2024-11-25,Nilgiris,4078,441,965,2672,0.3448,0.6552
2024-12-02,Nilgiris,4153,456,980,2717,0.3458,0.6542
2024-12-09,Nilgiris,4241,474,1002,2765,0.348,0.652
2024-12-16,Nilgiris,4288,488,1016,2784,0.3507,0.6493
2024-12-23,Nilgiris,4309,498,1027,2784,0.3539,0.6461
2024-12-30,Nilgiris,4289,502,1030,2757,0.3572,0.6428
2025-01-06,Nilgiris,4297,509,1041,2747,0.3607,0.6393
2025-01-13,Nilgiris,4262,509,1042,2711,0.3639,0.6361
2025-01-20,Nilgiris,4231,507,1043,2681,0.3663,0.6337
2025-01-27,Nilgiris,4193,503,1041,2649,0.3682,0.6318
2025-02-03,Nilgiris,4171,499,1040,2632,0.369,0.631
2025-02-10,Nilgiris,4176,496,1044,2636,0.3688,0.6312
2025-02-17,Nilgiris,4148,487,1036,2625,0.3672,0.6328
2025-02-24,Nilgiris,4126,478,1028,2620,0.365,0.635
2025-03-03,Nilgiris,4117,470,1020,2627,0.3619,0.6381
2025-03-10,Nilgiris,4114,462,1011,2641,0.358,0.642
2025-03-17,Nilgiris,4104,453,1000,2651,0.354,0.646
2025-03-24,Nilgiris,4103,445,991,2667,0.35,0.65
2025-03-31,Nilgiris,4137,442,991,2704,0.3464,0.6536
2025-04-07,Nilgiris,4116,434,979,2703,0.3433,0.6567
2025-04-14,Nilgiris,4103,429,971,2703,0.3412,0.6588
2025-04-21,Nilgiris,4054,422,957,2675,0.3402,0.6598
2025-04-28,Nilgiris,4037,420,953,2664,0.3401,0.6599
2025-05-05,Nilgiris,3987,416,945,2626,0.3414,0.6586
2025-05-12,Nilgiris,3975,419,947,2609,0.3436,0.6564
2025-05-19,Nilgiris,4040,430,970,2640,0.3465,0.6535
2025-05-26,Nilgiris,4050,438,981,2631,0.3504,0.6496
2025-06-02,Nilgiris,4110,452,1005,2653,0.3545,0.6455
2025-06-09,Nilgiris,4156,465,1024,2667,0.3583,0.6417
2025-06-16,Nilgiris,4187,476,1039,2672,0.3618,0.6382
2025-06-23,Nilgiris,4203,486,1048,2669,0.365,0.635
2024-01-01,Ariyalur,3971,468,988,2515,0.3667,0.6333
2024-01-08,Ariyalur,3974,473,982,2519,0.3661,0.6339
2024-01-15,Ariyalur,3951,473,969,2509,0.365,0.635
2024-01-22,Ariyalur,3897,468,947,2482,0.3631,0.6369
2024-01-29,Ariyalur,3915,469,943,2503,0.3607,0.6393
2024-02-05,Ariyalur,3899,465,932,2502,0.3583,0.6417
2024-02-12,Ariyalur,3896,460,925,2511,0.3555,0.6445
2024-02-19,Ariyalur,3888,454,919,2515,0.3531,0.6469
2024-02-26,Ariyalur,3897,448,920,2529,0.351,0.649
2024-03-04,Ariyalur,3902,442,922,2538,0.3496,0.6504
2024-03-11,Ariyalur,3927,437,932,2558,0.3486,0.6514
2024-03-18,Ariyalur,3948,432,943,2573,0.3483,0.6517
2024-03-25,Ariyalur,3950,425,951,2574,0.3484,0.6516
2024-04-01,Ariyalur,3959,420,962,2577,0.3491,0.6509
2024-04-08,Ariyalur,3914,411,959,2544,0.35,0.65
2024-04-15,Ariyalur,3914,408,967,2539,0.3513,0.6487
2024-04-22,Ariyalur,3869,402,962,2505,0.3525,0.6475
2024-04-29,Ariyalur,3846,401,960,2485,0.3539,0.6461
2024-05-06,Ariyalur,3823,401,956,2466,0.355,0.645
2024-05-13,Ariyalur,3824,405,955,2464,0.3556,0.6444
2024-05-20,Ariyalur,3840,412,955,2473,0.356,0.644
2024-05-27,Ariyalur,3888,424,961,2503,0.3562,0.6438
2024-06-03,Ariyalur,3979,441,976,2562,0.3561,0.6439
2024-06-10,Ariyalur,3993,450,971,2572,0.3559,0.6441
2024-06-17,Ariyalur,4022,461,969,2592,0.3555,0.6445
2024-06-24,Ariyalur,4004,466,957,2581,0.3554,0.6446
2024-07-01,Ariyalur,4019,474,954,2591,0.3553,0.6447
2024-07-08,Ariyalur,4026,479,952,2595,0.3554,0.6446
2024-07-15,Ariyalur,4042,484,954,2604,0.3558,0.6442
2024-07-22,Ariyalur,4050,486,957,2607,0.3563,0.6437
2024-07-29,Ariyalur,4050,485,961,2604,0.357,0.643
2024-08-05,Ariyalur,4029,480,962,2587,0.3579,0.6421
2024-08-12,Ariyalur,4024,475,969,2580,0.3588,0.6412
2024-08-19,Ariyalur,4010,468,974,2568,0.3596,0.6404
2024-08-26,Ariyalur,4061,467,995,2599,0.36,0.64
2024-09-02,Ariyalur,4057,459,1002,2596,0.3601,0.6399
2024-09-09,Ariyalur,4038,449,1004,2585,0.3598,0.6402
2024-09-16,Ariyalur,4041,442,1009,2590,0.3591,0.6409
2024-09-23,Ariyalur,4083,439,1021,2623,0.3576,0.6424
2024-09-30,Ariyalur,4076,433,1018,2625,0.356,0.644
2024-10-07,Ariyalur,4074,428,1013,2633,0.3537,0.6463
2024-10-14,Ariyalur,4058,423,1003,2632,0.3514,0.6486
2024-10-21,Ariyalur,4021,418,986,2617,0.3492,0.6508
2024-10-28,Ariyalur,3952,412,961,2579,0.3474,0.6526
2024-11-04,Ariyalur,3968,416,956,2596,0.3458,0.6542
2024-11-11,Ariyalur,3946,418,943,2585,0.3449,0.6551
2024-11-18,Ariyalur,3935,422,934,2579,0.3446,0.6554
2024-11-25,Ariyalur,3935,429,930,2576,0.3454,0.6546
2024-12-02,Ariyalur,3947,437,932,2578,0.3468,0.6532
2024-12-09,Ariyalur,3988,450,942,2596,0.349,0.651
2024-12-16,Ariyalur,4030,462,956,2612,0.3519,0.6481
2024-12-23,Ariyalur,4033,469,963,2601,0.3551,0.6449
2024-12-30,Ariyalur,4031,475,970,2586,0.3585,0.6415
2025-01-06,Ariyalur,4027,479,978,2570,0.3618,0.6382
2025-01-13,Ariyalur,4011,480,983,2548,0.3647,0.6353
2025-01-20,Ariyalur,3985,478,984,2523,0.3669,0.6331
2025-01-27,Ariyalur,3951,473,982,2496,0.3683,0.6317
2025-02-03,Ariyalur,3935,469,982,2484,0.3687,0.6313
2025-02-10,Ariyalur,3895,460,974,2461,0.3682,0.6318
2025-02-17,Ariyalur,3916,457,978,2481,0.3664,0.6336
2025-02-24,Ariyalur,3935,453,979,2503,0.3639,0.6361
2025-03-03,Ariyalur,3969,449,981,2539,0.3603,0.6397
2025-03-10,Ariyalur,4001,445,981,2575,0.3564,0.6436
2025-03-17,Ariyalur,3989,436,970,2583,0.3525,0.6475
2025-03-24,Ariyalur,4026,433,970,2623,0.3485,0.6515
2025-03-31,Ariyalur,4043,429,966,2648,0.345,0.655
2025-04-07,Ariyalur,4038,424,959,2655,0.3425,0.6575
2025-04-14,Ariyalur,3997,417,945,2635,0.3408,0.6592
2025-04-21,Ariyalur,3974,413,938,2623,0.34,0.66
2025-04-28,Ariyalur,3945,411,932,2602,0.3404,0.6596
2025-05-05,Ariyalur,3953,414,938,2601,0.342,0.658
2025-05-12,Ariyalur,3942,417,941,2584,0.3445,0.6555
2025-05-19,Ariyalur,3933,422,947,2564,0.3481,0.6519
2025-05-26,Ariyalur,3946,430,958,2558,0.3517,0.6483
2025-06-02,Ariyalur,3974,440,974,2560,0.3558,0.6442
2025-06-09,Ariyalur,4035,455,997,2583,0.3599,0.6401
2025-06-16,Ariyalur,4051,464,1007,2580,0.3631,0.6369
2025-06-23,Ariyalur,4080,475,1018,2587,0.3659,0.6341
2024-01-01,Perambalur,3909,463,971,2475,0.3668,0.6332
2024-01-08,Perambalur,3931,469,970,2492,0.3661,0.6339
2024-01-15,Perambalur,3887,466,951,2470,0.3645,0.6355
2024-01-22,Perambalur,3840,461,931,2448,0.3625,0.6375
2024-01-29,Perambalur,3819,457,918,2444,0.36,0.64
2024-02-05,Perambalur,3832,455,914,2463,0.3573,0.6427
2024-02-12,Perambalur,3831,450,908,2473,0.3545,0.6455
2024-02-19,Perambalur,3878,450,916,2512,0.3522,0.6478
2024-02-26,Perambalur,3899,445,920,2534,0.3501,0.6499
2024-03-04,Perambalur,3929,441,929,2559,0.3487,0.6513
2024-03-11,Perambalur,3944,435,937,2572,0.3479,0.6521
2024-03-18,Perambalur,3954,429,946,2579,0.3477,0.6523
2024-03-25,Perambalur,3952,422,954,2576,0.3482,0.6518
2024-04-01,Perambalur,3876,409,944,2523,0.3491,0.6509
2024-04-08,Perambalur,3862,404,949,2509,0.3503,0.6497
2024-04-15,Perambalur,3859,402,955,2502,0.3516,0.6484
2024-04-22,Perambalur,3832,399,954,2479,0.3531,0.6469
2024-04-29,Perambalur,3828,400,956,2472,0.3542,0.6458
2024-05-06,Perambalur,3808,401,952,2455,0.3553,0.6447
2024-05-13,Perambalur,3809,406,950,2453,0.356,0.644
2024-05-20,Perambalur,3865,418,960,2487,0.3565,0.6435
2024-05-27,Perambalur,3857,424,951,2482,0.3565,0.6435
2024-06-03,Perambalur,3902,436,955,2511,0.3565,0.6435
2024-06-10,Perambalur,3921,446,951,2524,0.3563,0.6437
2024-06-17,Perambalur,3956,457,951,2548,0.3559,0.6441
2024-06-24,Perambalur,3954,463,943,2548,0.3556,0.6444
2024-07-01,Perambalur,3989,472,946,2571,0.3555,0.6445
2024-07-08,Perambalur,4023,480,950,2593,0.3555,0.6445
2024-07-15,Perambalur,4004,480,945,2579,0.3559,0.6441
2024-07-22,Perambalur,4017,482,950,2585,0.3565,0.6435
2024-07-29,Perambalur,3947,472,938,2537,0.3572,0.6428
2024-08-05,Perambalur,3943,468,944,2531,0.3581,0.6419
2024-08-12,Perambalur,3912,460,944,2508,0.3589,0.6411
2024-08-19,Perambalur,3918,454,954,2510,0.3594,0.6406
2024-08-26,Perambalur,3930,449,965,2516,0.3598,0.6402
2024-09-02,Perambalur,3991,448,988,2555,0.3598,0.6402
2024-09-09,Perambalur,3998,441,995,2562,0.3592,0.6408
2024-09-16,Perambalur,3997,434,998,2565,0.3583,0.6417
2024-09-23,Perambalur,3977,425,994,2558,0.3568,0.6432
2024-09-30,Perambalur,4000,422,998,2580,0.355,0.645
2024-10-07,Perambalur,3959,414,983,2562,0.3529,0.6471
2024-10-14,Perambalur,3933,409,970,2554,0.3506,0.6494
2024-10-21,Perambalur,3922,408,960,2554,0.3488,0.6512
2024-10-28,Perambalur,3906,408,947,2551,0.3469,0.6531
2024-11-04,Perambalur,3933,414,945,2574,0.3455,0.6545
2024-11-11,Perambalur,3917,417,934,2566,0.3449,0.6551
2024-11-18,Perambalur,3894,421,923,2550,0.3451,0.6549
2024-11-25,Perambalur,3903,429,922,2552,0.3461,0.6539
2024-12-02,Perambalur,3946,441,931,2574,0.3477,0.6523
2024-12-09,Perambalur,3976,452,940,2584,0.3501,0.6499
2024-12-16,Perambalur,4032,466,958,2608,0.3532,0.6468
2024-12-23,Perambalur,4067,476,973,2618,0.3563,0.6437
2024-12-30,Perambalur,4082,483,985,2614,0.3596,0.6404
2025-01-06,Perambalur,4066,485,990,2591,0.3628,0.6372
2025-01-13,Perambalur,4079,489,1002,2588,0.3655,0.6345
2025-01-20,Perambalur,4027,483,997,2547,0.3675,0.6325
2025-01-27,Perambalur,4013,480,999,2534,0.3686,0.6314
2025-02-03,Perambalur,3986,473,996,2517,0.3685,0.6315
2025-02-10,Perambalur,4000,470,1000,2530,0.3675,0.6325
2025-02-17,Perambalur,3994,463,996,2535,0.3653,0.6347
2025-02-24,Perambalur,3978,454,988,2536,0.3625,0.6375
2025-03-03,Perambalur,3984,447,983,2554,0.3589,0.6411
2025-03-10,Perambalur,3989,440,976,2573,0.355,0.645
2025-03-17,Perambalur,3982,432,966,2584,0.3511,0.6489
2025-03-24,Perambalur,3980,425,957,2598,0.3472,0.6528
2025-03-31,Perambalur,3975,420,948,2607,0.3442,0.6558
2025-04-07,Perambalur,3974,416,942,2616,0.3417,0.6583
2025-04-14,Perambalur,3918,408,925,2585,0.3402,0.6598
2025-04-21,Perambalur,3894,405,919,2570,0.34,0.66
2025-04-28,Perambalur,3914,409,926,2579,0.3411,0.6589
2025-05-05,Perambalur,3901,411,927,2563,0.343,0.657
2025-05-12,Perambalur,3930,419,940,2571,0.3458,0.6542
2025-05-19,Perambalur,3964,428,957,2579,0.3494,0.6506
2025-05-26,Perambalur,3978,437,969,2572,0.3534,0.6466
2025-06-02,Perambalur,4015,449,986,2580,0.3574,0.6426
2025-06-09,Perambalur,4051,460,1003,2588,0.3611,0.6389
2025-06-16,Perambalur,4098,473,1020,2605,0.3643,0.6357
2025-06-23,Perambalur,4096,480,1023,2593,0.3669,0.6331
2024-01-01,Theni,4228,503,1048,2677,0.3668,0.6332
2024-01-08,Theni,4236,507,1043,2686,0.3659,0.6341
2024-01-15,Theni,4203,504,1026,2673,0.364,0.636
2024-01-22,Theni,4224,506,1022,2696,0.3617,0.6383
2024-01-29,Theni,4213,502,1010,2701,0.3589,0.6411
2024-02-05,Theni,4229,500,1007,2722,0.3563,0.6437
2024-02-12,Theni,4261,498,1009,2754,0.3537,0.6463
2024-02-19,Theni,4262,491,1006,2765,0.3512,0.6488
2024-02-26,Theni,4249,481,1003,2765,0.3493,0.6507
2024-03-04,Theni,4249,473,1006,2770,0.3481,0.6519
2024-03-11,Theni,4292,470,1022,2800,0.3476,0.6524
2024-03-18,Theni,4311,464,1034,2813,0.3475,0.6525
2024-03-25,Theni,4296,456,1039,2801,0.348,0.652
2024-04-01,Theni,4270,449,1042,2779,0.3492,0.6508
2024-04-08,Theni,4225,441,1040,2744,0.3505,0.6495
2024-04-15,Theni,4198,437,1041,2720,0.3521,0.6479
2024-04-22,Theni,4165,434,1038,2693,0.3534,0.6466
2024-04-29,Theni,4117,431,1029,2657,0.3546,0.6454
2024-05-06,Theni,4129,437,1032,2660,0.3558,0.6442
2024-05-13,Theni,4171,447,1040,2684,0.3565,0.6435
2024-05-20,Theni,4210,458,1044,2708,0.3568,0.6432
2024-05-27,Theni,4263,472,1049,2742,0.3568,0.6432
2024-06-03,Theni,4297,484,1049,2764,0.3568,0.6432
2024-06-10,Theni,4333,496,1048,2789,0.3563,0.6437
2024-06-17,Theni,4387,510,1052,2825,0.3561,0.6439
2024-06-24,Theni,4393,517,1046,2830,0.3558,0.6442
2024-07-01,Theni,4329,515,1025,2789,0.3557,0.6443
2024-07-08,Theni,4348,520,1027,2801,0.3558,0.6442
2024-07-15,Theni,4294,515,1014,2765,0.3561,0.6439
2024-07-22,Theni,4280,513,1013,2754,0.3565,0.6435
2024-07-29,Theni,4234,505,1008,2721,0.3573,0.6427
2024-08-05,Theni,4220,499,1012,2709,0.3581,0.6419
2024-08-12,Theni,4249,496,1028,2725,0.3587,0.6413
2024-08-19,Theni,4280,493,1045,2742,0.3593,0.6407
2024-08-26,Theni,4326,490,1065,2771,0.3595,0.6405
2024-09-02,Theni,4328,482,1073,2773,0.3593,0.6407
2024-09-09,Theni,4334,474,1080,2780,0.3586,0.6414
2024-09-16,Theni,4340,467,1085,2788,0.3576,0.6424
2024-09-23,Theni,4301,457,1075,2769,0.3562,0.6438
2024-09-30,Theni,4312,453,1075,2784,0.3544,0.6456
2024-10-07,Theni,4312,450,1069,2793,0.3523,0.6477
2024-10-14,Theni,4250,442,1046,2762,0.3501,0.6499
2024-10-21,Theni,4207,438,1027,2742,0.3482,0.6518
2024-10-28,Theni,4217,442,1020,2755,0.3467,0.6533
2024-11-04,Theni,4249,450,1019,2780,0.3457,0.6543
2024-11-11,Theni,4284,459,1020,2805,0.3452,0.6548
2024-11-18,Theni,4318,470,1022,2826,0.3455,0.6545
2024-11-25,Theni,4337,480,1024,2833,0.3468,0.6532
2024-12-02,Theni,4320,487,1020,2813,0.3488,0.6512
2024-12-09,Theni,4349,498,1030,2821,0.3513,0.6487
2024-12-16,Theni,4332,504,1031,2797,0.3543,0.6457
2024-12-23,Theni,4336,511,1040,2785,0.3577,0.6423
2024-12-30,Theni,4299,511,1040,2748,0.3608,0.6392
2025-01-06,Theni,4294,514,1048,2732,0.3638,0.6362
2025-01-13,Theni,4319,518,1063,2738,0.3661,0.6339
2025-01-20,Theni,4288,514,1063,2711,0.3678,0.6322
2025-01-27,Theni,4273,509,1065,2699,0.3684,0.6316
2025-02-03,Theni,4266,504,1066,2696,0.368,0.632
2025-02-10,Theni,4307,503,1076,2728,0.3666,0.6334
2025-02-17,Theni,4326,498,1078,2750,0.3643,0.6357
2025-02-24,Theni,4336,491,1075,2770,0.3612,0.6388
2025-03-03,Theni,4331,482,1066,2783,0.3574,0.6426
2025-03-10,Theni,4387,480,1071,2836,0.3535,0.6465
2025-03-17,Theni,4381,472,1060,2849,0.3497,0.6503
2025-03-24,Theni,4367,464,1047,2856,0.346,0.654
2025-03-31,Theni,4363,458,1039,2866,0.3431,0.6569
2025-04-07,Theni,4294,448,1017,2829,0.3412,0.6588
2025-04-14,Theni,4244,441,1002,2801,0.34,0.66
2025-04-21,Theni,4226,440,998,2788,0.3403,0.6597
2025-04-28,Theni,4199,440,994,2765,0.3415,0.6585
2025-05-05,Theni,4188,443,997,2748,0.3438,0.6562
2025-05-12,Theni,4212,452,1010,2750,0.3471,0.6529
2025-05-19,Theni,4237,461,1025,2751,0.3507,0.6493
2025-05-26,Theni,4289,475,1047,2767,0.3549,0.6451
2025-06-02,Theni,4321,487,1064,2770,0.3589,0.6411
2025-06-09,Theni,4327,496,1073,2758,0.3626,0.6374
2025-06-16,Theni,4373,509,1090,2774,0.3657,0.6343
2025-06-23,Theni,4384,516,1096,2772,0.3677,0.6323
