week_start,district,actual,predicted,abs_error
2025-11-10,Adilabad,5101.0,3259.072265625,1841.927734375
2025-11-10,Agra,0.0,169.92578125,169.92578125
2025-11-10,Ahmadabad,0.0,244.759765625,244.759765625
2025-11-10,Ahmadnagar,0.0,174.2666015625,174.2666015625
2025-11-10,Aizawl,632.0,647.2705078125,15.2705078125
2025-11-10,Ajmer,5628.0,1252.4228515625,4375.5771484375
2025-11-10,Akola,8813.0,3181.78173828125,5631.21826171875
2025-11-10,Alappuzha,2423.0,377.1982421875,2045.8017578125
2025-11-10,Aligarh,7279.0,2278.07421875,5000.92578125
2025-11-10,Alirajpur,1077.0,549.0888671875,527.9111328125
2025-11-10,Almora,1300.0,-274.615234375,1574.615234375
2025-11-10,Alwar,7512.0,2260.8916015625,5251.1083984375
2025-11-10,Ambala,2244.0,535.583984375,1708.416015625
2025-11-10,Ambedkar Nagar,3877.0,1434.89794921875,2442.10205078125
2025-11-10,Amravati,15789.0,5711.076171875,10077.923828125
2025-11-10,Amreli,1594.0,-506.90625,2100.90625
2025-11-10,Amritsar,4090.0,1502.068359375,2587.931640625
2025-11-10,Anand,2361.0,-274.6220703125,2635.6220703125
2025-11-10,Anantnag,1754.0,329.74609375,1424.25390625
2025-11-10,Anjaw,71.0,417.62890625,346.62890625
2025-11-10,Anugul,1866.0,348.41796875,1517.58203125
2025-11-10,Anuppur,967.0,433.5380859375,533.4619140625
2025-11-10,Araria,2607.0,2432.19677734375,174.80322265625
2025-11-10,Ariyalur,2625.0,529.8076171875,2095.1923828125
2025-11-10,Arwal,680.0,661.818359375,18.181640625
2025-11-10,Ashoknagar,5384.0,1653.505859375,3730.494140625
2025-11-10,Auraiya,2461.0,741.6943359375,1719.3056640625
2025-11-10,Aurangabad,2713.0,1426.73583984375,1286.26416015625
2025-11-10,Azamgarh,8065.0,2538.69970703125,5526.30029296875
2025-11-10,Bagalkot,0.0,143.8818359375,143.8818359375
2025-11-10,Bageshwar,1001.0,-491.197265625,1492.197265625
2025-11-10,Baghpat,2499.0,819.1650390625,1679.8349609375
2025-11-10,Bahraich,6967.0,2395.01904296875,4571.98095703125
2025-11-10,Baksa,714.0,230.4052734375,483.5947265625
2025-11-10,Balaghat,2687.0,797.97412109375,1889.02587890625
2025-11-10,Balangir,2870.0,1178.15234375,1691.84765625
2025-11-10,Baleshwar,0.0,247.3095703125,247.3095703125
2025-11-10,Ballia,5416.0,2754.4921875,2661.5078125
2025-11-10,Balrampur,9616.0,3566.19482421875,6049.80517578125
2025-11-10,Banas Kantha,0.0,244.1572265625,244.1572265625
2025-11-10,Banda,3219.0,1738.5244140625,1480.4755859375
2025-11-10,Banka,2269.0,1298.98388671875,970.01611328125
2025-11-10,Bankura,4253.0,1080.5166015625,3172.4833984375
2025-11-10,Banswara,3678.0,592.9072265625,3085.0927734375
2025-11-10,Bara Banki,0.0,173.7724609375,173.7724609375
2025-11-10,Baramula,0.0,330.443359375,330.443359375
2025-11-10,Baran,2779.0,615.091796875,2163.908203125
2025-11-10,Barddhaman,0.0,260.703125,260.703125
2025-11-10,Bareilly,9490.0,2406.33837890625,7083.66162109375
2025-11-10,Bargarh,2824.0,1450.70068359375,1373.29931640625
2025-11-10,Barmer,7752.0,1998.771484375,5753.228515625
2025-11-10,Barnala,1299.0,134.39453125,1164.60546875
2025-11-10,Barpeta,2758.0,3942.59375,1184.59375
2025-11-10,Barwani,2038.0,854.88671875,1183.11328125
2025-11-10,Bastar,3207.0,1675.59423828125,1531.40576171875
2025-11-10,Basti,5720.0,2467.853515625,3252.146484375
2025-11-10,Bathinda,2646.0,924.4384765625,1721.5615234375
2025-11-10,Begusarai,4010.0,1644.4189453125,2365.5810546875
2025-11-10,Betul,4412.0,1221.2275390625,3190.7724609375
2025-11-10,Bhadrak,3076.0,890.52587890625,2185.47412109375
2025-11-10,Bhagalpur,3783.0,1874.1630859375,1908.8369140625
2025-11-10,Bhandara,4460.0,2664.849609375,1795.150390625
2025-11-10,Bharatpur,5347.0,1383.17919921875,3963.82080078125
2025-11-10,Bharuch,1776.0,-227.4716796875,2003.4716796875
2025-11-10,Bhavnagar,3364.0,51.1767578125,3312.8232421875
2025-11-10,Bhilwara,6590.0,1350.97119140625,5239.02880859375
2025-11-10,Bhind,2321.0,575.5224609375,1745.4775390625
2025-11-10,Bhiwani,2479.0,1373.0498046875,1105.9501953125
2025-11-10,Bhojpur,2820.0,1572.5302734375,1247.4697265625
2025-11-10,Bhopal,6605.0,1604.42041015625,5000.57958984375
2025-11-10,Bidar,2824.0,1610.564453125,1213.435546875
2025-11-10,Bijapur,976.0,914.68994140625,61.31005859375
2025-11-10,Bijnor,8098.0,3426.3623046875,4671.6376953125
2025-11-10,Bikaner,4909.0,1025.306640625,3883.693359375
2025-11-10,Bilaspur,8890.0,2545.42578125,6344.57421875
2025-11-10,Birbhum,4841.0,2098.64697265625,2742.35302734375
2025-11-10,Bishnupur,1506.0,1980.37646484375,474.37646484375
2025-11-10,Bokaro,3288.0,1520.88818359375,1767.11181640625
2025-11-10,Bongaigaon,1364.0,775.56982421875,588.43017578125
2025-11-10,Budaun,4837.0,1163.6787109375,3673.3212890625
2025-11-10,Bulandshahr,7281.0,1943.55810546875,5337.44189453125
2025-11-10,Buldana,0.0,150.916015625,150.916015625
2025-11-10,Bundi,2300.0,438.626953125,1861.373046875
2025-11-10,Burhanpur,1970.0,982.54296875,987.45703125
2025-11-10,Buxar,1889.0,1081.02783203125,807.97216796875
2025-11-10,Cachar,0.0,369.138671875,369.138671875
2025-11-10,Central,0.0,194.4326171875,194.4326171875
2025-11-10,Chamba,2014.0,107.6845703125,1906.3154296875
2025-11-10,Chamoli,819.0,-687.7080078125,1506.7080078125
2025-11-10,Champawat,1114.0,560.1904296875,553.8095703125
2025-11-10,Champhai,99.0,449.03515625,350.03515625
2025-11-10,Chamrajnagar,0.0,141.9150390625,141.9150390625
2025-11-10,Chandauli,3432.0,1369.45361328125,2062.54638671875
2025-11-10,Chandel,637.0,372.990234375,264.009765625
2025-11-10,Chandigarh,1247.0,54.9814453125,1192.0185546875
2025-11-10,Chandrapur,9787.0,4566.02392578125,5220.97607421875
2025-11-10,Changlang,379.0,-208.44140625,587.44140625
2025-11-10,Chatra,2011.0,1285.142578125,725.857421875
2025-11-10,Chennai,10664.0,3498.1865234375,7165.8134765625
2025-11-10,Chhatarpur,3217.0,1059.76611328125,2157.23388671875
2025-11-10,Chhindwara,3047.0,1312.8037109375,1734.1962890625
2025-11-10,Chikkaballapura,1407.0,622.548828125,784.451171875
2025-11-10,Chikmagalur,0.0,136.2978515625,136.2978515625
2025-11-10,Chirang,1004.0,1248.283203125,244.283203125
2025-11-10,Chitradurga,1984.0,593.54296875,1390.45703125
2025-11-10,Chitrakoot,2378.0,1564.2685546875,813.7314453125
2025-11-10,Chittaurgarh,0.0,185.09375,185.09375
2025-11-10,Chittoor,7240.0,2850.70361328125,4389.29638671875
2025-11-10,Churachandpur,1072.0,-96.1171875,1168.1171875
2025-11-10,Churu,4388.0,1332.50341796875,3055.49658203125
2025-11-10,Coimbatore,7862.0,2199.5068359375,5662.4931640625
2025-11-10,Cuddalore,7213.0,2426.22216796875,4786.77783203125
2025-11-10,Cuttack,4134.0,1650.8955078125,2483.1044921875
2025-11-10,Dadra & Nagar Haveli,0.0,228.2890625,228.2890625
2025-11-10,Dakshin Bastar Dantewada,0.0,128.845703125,128.845703125
2025-11-10,Dakshina Kannada,2664.0,641.203125,2022.796875
2025-11-10,Damoh,2182.0,1079.35400390625,1102.64599609375
2025-11-10,Darbhanga,7235.0,2819.10546875,4415.89453125
2025-11-10,Darrang,803.0,483.177734375,319.822265625
2025-11-10,Datia,1225.0,359.1962890625,865.8037109375
2025-11-10,Dausa,4311.0,956.3720703125,3354.6279296875
2025-11-10,Davanagere,2597.0,671.6962890625,1925.3037109375
2025-11-10,Debagarh,549.0,892.23583984375,343.23583984375
2025-11-10,Dehradun,5243.0,1227.5361328125,4015.4638671875
2025-11-10,Deoghar,2387.0,1293.49462890625,1093.50537109375
2025-11-10,Deoria,5119.0,2643.5244140625,2475.4755859375
2025-11-10,Dewas,3234.0,1196.67529296875,2037.32470703125
2025-11-10,Dhalai,797.0,312.96875,484.03125
2025-11-10,Dhamtari,3424.0,870.3642578125,2553.6357421875
2025-11-10,Dhanbad,5149.0,1356.03271484375,3792.96728515625
2025-11-10,Dhar,3056.0,770.6552734375,2285.3447265625
2025-11-10,Dharmapuri,4483.0,1691.931640625,2791.068359375
2025-11-10,Dharwad,2344.0,867.849609375,1476.150390625
2025-11-10,Dhemaji,574.0,1216.55517578125,642.55517578125
2025-11-10,Dhenkanal,2332.0,1619.1025390625,712.8974609375
2025-11-10,Dhubri,1268.0,2142.71435546875,874.71435546875
2025-11-10,Dhule,7680.0,3357.92529296875,4322.07470703125
2025-11-10,Dibang Valley,126.0,891.8056640625,765.8056640625
2025-11-10,Dibrugarh,448.0,-330.7421875,778.7421875
2025-11-10,Dima Hasao,178.0,8.9638671875,169.0361328125
2025-11-10,Dimapur,900.0,138.3779296875,761.6220703125
2025-11-10,Dindigul,6581.0,2455.0556640625,4125.9443359375
2025-11-10,Dindori,873.0,472.92578125,400.07421875
2025-11-10,Diu,290.0,-647.3134765625,937.3134765625
2025-11-10,Doda,1877.0,-548.7890625,2425.7890625
2025-11-10,Dumka,2371.0,1142.1875,1228.8125
2025-11-10,Dungarpur,4307.0,700.0361328125,3606.9638671875
2025-11-10,Durg,11814.0,914.89013671875,10899.109375
2025-11-10,East,0.0,276.2919921875,276.2919921875
2025-11-10,East Garo Hills,40.0,-85.013671875,125.013671875
2025-11-10,East Godavari,8665.0,4908.4443359375,3756.5556640625
2025-11-10,East Kameng,184.0,767.3095703125,583.3095703125
2025-11-10,East Khasi Hills,778.0,-448.755859375,1226.755859375
2025-11-10,East Siang,614.0,-82.576171875,696.576171875
2025-11-10,Ernakulam,4179.0,1121.12939453125,3057.87060546875
2025-11-10,Erode,6512.0,2658.3544921875,3853.6455078125
2025-11-10,Etah,2935.0,1024.83642578125,1910.16357421875
2025-11-10,Etawah,2482.0,1454.7490234375,1027.2509765625
2025-11-10,Faridabad,4976.0,1768.818359375,3207.181640625
2025-11-10,Faridkot,1505.0,-137.48046875,1642.48046875
2025-11-10,Farrukhabad,3137.0,648.0224609375,2488.9775390625
2025-11-10,Fatehabad,2254.0,1512.0419921875,741.9580078125
2025-11-10,Fatehgarh Sahib,1454.0,-581.6982421875,2035.6982421875
2025-11-10,Fatehpur,7002.0,2018.376953125,4983.623046875
2025-11-10,Firozabad,3988.0,1036.90673828125,2951.09326171875
2025-11-10,Gadag,1100.0,285.19921875,814.80078125
2025-11-10,Gajapati,1841.0,1540.15771484375,300.84228515625
2025-11-10,Ganderbal,575.0,492.2705078125,82.7294921875
2025-11-10,Gandhinagar,1583.0,-519.5546875,2102.5546875
2025-11-10,Ganganagar,3898.0,659.4619140625,3238.5380859375
2025-11-10,Ganjam,6950.0,3009.69677734375,3940.30322265625
2025-11-10,Garhchiroli,0.0,131.07421875,131.07421875
2025-11-10,Garhwa,2874.0,1114.9296875,1759.0703125
2025-11-10,Gautam Buddha Nagar,3387.0,919.681640625,2467.318359375
2025-11-10,Gaya,3411.0,2002.3828125,1408.6171875
2025-11-10,Ghaziabad,7872.0,1929.39697265625,5942.60302734375
2025-11-10,Ghazipur,4780.0,2418.03125,2361.96875
2025-11-10,Giridih,3742.0,1805.685546875,1936.314453125
2025-11-10,Goalpara,841.0,1137.1044921875,296.1044921875
2025-11-10,Godda,3145.0,930.5390625,2214.4609375
2025-11-10,Golaghat,686.0,190.1416015625,495.8583984375
2025-11-10,Gonda,5776.0,2454.6455078125,3321.3544921875
2025-11-10,Gondiya,0.0,145.33203125,145.33203125
2025-11-10,Gopalganj,2894.0,1619.642578125,1274.357421875
2025-11-10,Gorakhpur,7539.0,2685.28857421875,4853.71142578125
2025-11-10,Gumla,2306.0,1361.828125,944.171875
2025-11-10,Guna,1942.0,511.4267578125,1430.5732421875
2025-11-10,Guntur,8981.0,4665.15087890625,4315.84912109375
2025-11-10,Gurdaspur,2739.0,1184.43408203125,1554.56591796875
2025-11-10,Gwalior,3218.0,884.03662109375,2333.96337890625
2025-11-10,Hailakandi,732.0,531.65625,200.34375
2025-11-10,Hamirpur,2901.0,501.578125,2399.421875
2025-11-10,Hanumangarh,3204.0,764.2822265625,2439.7177734375
2025-11-10,Harda,1104.0,480.0283203125,623.9716796875
2025-11-10,Hardoi,7906.0,2552.646484375,5353.353515625
2025-11-10,Hardwar,0.0,213.3193359375,213.3193359375
2025-11-10,Hassan,2141.0,-75.8544921875,2216.8544921875
2025-11-10,Haveri,1670.0,432.7919921875,1237.2080078125
2025-11-10,Hazaribagh,2550.0,406.9619140625,2143.0380859375
2025-11-10,Hingoli,3742.0,2197.0986328125,1544.9013671875
2025-11-10,Hisar,4284.0,2012.4892578125,2271.5107421875
2025-11-10,Hoshiarpur,2524.0,506.212890625,2017.787109375
2025-11-10,Hyderabad,12194.0,6565.90966796875,5628.09033203125
2025-11-10,Idukki,1268.0,33.6806640625,1234.3193359375
2025-11-10,Imphal East,3549.0,361.1982421875,3187.8017578125
2025-11-10,Imphal West,6977.0,643.0751953125,6333.9248046875
2025-11-10,Indore,7455.0,1808.8935546875,5646.1064453125
2025-11-10,Jabalpur,4750.0,1634.8125,3115.1875
2025-11-10,Jagatsinghapur,2733.0,408.880859375,2324.119140625
2025-11-10,Jaintia Hills,0.0,358.791015625,358.791015625
2025-11-10,Jaipur,15348.0,3100.1484375,12247.8515625
2025-11-10,Jaisalmer,1766.0,129.8203125,1636.1796875
2025-11-10,Jajapur,0.0,230.4892578125,230.4892578125
2025-11-10,Jalandhar,3955.0,873.03515625,3081.96484375
2025-11-10,Jalaun,2511.0,1281.73486328125,1229.26513671875
2025-11-10,Jalgaon,14789.0,7678.107421875,7110.892578125
2025-11-10,Jalna,7118.0,3237.6123046875,3880.3876953125
2025-11-10,Jalor,0.0,236.609375,236.609375
2025-11-10,Jalpaiguri,3076.0,567.556640625,2508.443359375
2025-11-10,Jammu,4050.0,1428.818359375,2621.181640625
2025-11-10,Jamnagar,1770.0,-378.828125,2148.828125
2025-11-10,Jamtara,1231.0,1169.716796875,61.283203125
2025-11-10,Jamui,1835.0,1567.7607421875,267.2392578125
2025-11-10,Janjgir-Champa,7301.0,3020.38330078125,4280.61669921875
2025-11-10,Jashpur,2936.0,1089.63671875,1846.36328125
2025-11-10,Jaunpur,6433.0,3066.74951171875,3366.25048828125
2025-11-10,Jehanabad,982.0,138.1923828125,843.8076171875
2025-11-10,Jhabua,1952.0,488.1357421875,1463.8642578125
2025-11-10,Jhajjar,1861.0,1075.22314453125,785.77685546875
2025-11-10,Jhalawar,3642.0,910.6865234375,2731.3134765625
2025-11-10,Jhansi,4447.0,1589.248046875,2857.751953125
2025-11-10,Jharsuguda,1057.0,774.3583984375,282.6416015625
2025-11-10,Jhunjhunun,0.0,210.6279296875,210.6279296875
2025-11-10,Jind,2930.0,1927.916015625,1002.083984375
2025-11-10,Jodhpur,7847.0,1796.7177734375,6050.2822265625
2025-11-10,Jorhat,534.0,-1.240234375,535.240234375
2025-11-10,Junagadh,2436.0,26.6650390625,2409.3349609375
2025-11-10,Kachchh,2944.0,-158.8115234375,3102.8115234375
2025-11-10,Kaimur (Bhabua),0.0,177.3359375,177.3359375
2025-11-10,Kaithal,2085.0,1127.4033203125,957.5966796875
2025-11-10,Kalahandi,2495.0,1967.2041015625,527.7958984375
2025-11-10,Kamrup,935.0,677.1826171875,257.8173828125
2025-11-10,Kancheepuram,0.0,141.8154296875,141.8154296875
2025-11-10,Kandhamal,2039.0,848.41162109375,1190.58837890625
2025-11-10,Kangra,3846.0,427.228515625,3418.771484375
2025-11-10,Kannauj,2462.0,1497.4677734375,964.5322265625
2025-11-10,Kanniyakumari,0.0,204.7431640625,204.7431640625
2025-11-10,Kannur,3818.0,1030.79931640625,2787.20068359375
2025-11-10,Kanpur Dehat,2460.0,1242.654296875,1217.345703125
2025-11-10,Kanpur Nagar,6751.0,2793.61181640625,3957.38818359375
2025-11-10,Kapurthala,1474.0,256.111328125,1217.888671875
2025-11-10,Karaikal,910.0,-247.1982421875,1157.1982421875
2025-11-10,Karauli,3296.0,793.60888671875,2502.39111328125
2025-11-10,Karbi Anglong,2123.0,432.0107421875,1690.9892578125
2025-11-10,Kargil,241.0,353.15625,112.15625
2025-11-10,Karimganj,1543.0,1129.07763671875,413.92236328125
2025-11-10,Karimnagar,5163.0,3080.6923828125,2082.3076171875
2025-11-10,Karnal,2873.0,1345.82666015625,1527.17333984375
2025-11-10,Karur,2459.0,712.2802734375,1746.7197265625
2025-11-10,Kasaragod,2419.0,340.6865234375,2078.3134765625
2025-11-10,Kathua,1761.0,57.9794921875,1703.0205078125
2025-11-10,Katihar,4624.0,3730.45703125,893.54296875
2025-11-10,Katni,2022.0,1071.7890625,950.2109375
2025-11-10,Kaushambi,3192.0,1408.42724609375,1783.57275390625
2025-11-10,Kendrapara,3109.0,1505.75634765625,1603.24365234375
2025-11-10,Kendujhar,2606.0,1621.08837890625,984.91162109375
2025-11-10,Khagaria,2286.0,1239.2197265625,1046.7802734375
2025-11-10,Khammam,3953.0,2308.8017578125,1644.1982421875
2025-11-10,Kheda,2757.0,41.7646484375,2715.2353515625
2025-11-10,Kheri,0.0,177.701171875,177.701171875
2025-11-10,Khordha,4409.0,846.02587890625,3562.97412109375
2025-11-10,Khunti,1478.0,561.2060546875,916.7939453125
2025-11-10,Kinnaur,227.0,-24.08203125,251.08203125
2025-11-10,Kiphire,74.0,1162.05908203125,1088.05908203125
2025-11-10,Kishanganj,2722.0,2772.919921875,50.919921875
2025-11-10,Kishtwar,473.0,1005.66845703125,532.66845703125
2025-11-10,Kodagu,559.0,-272.43359375,831.43359375
2025-11-10,Kodarma,1034.0,585.8037109375,448.1962890625
2025-11-10,Kohima,418.0,149.443359375,268.556640625
2025-11-10,Kokrajhar,691.0,1416.884765625,725.884765625
2025-11-10,Kolar,2047.0,540.1943359375,1506.8056640625
2025-11-10,Kolasib,70.0,-902.353515625,972.353515625
2025-11-10,Kolhapur,10379.0,3215.2802734375,7163.7197265625
2025-11-10,Kolkata,3559.0,908.18017578125,2650.81982421875
2025-11-10,Kollam,3459.0,786.31591796875,2672.68408203125
2025-11-10,Koppal,1691.0,640.7314453125,1050.2685546875
2025-11-10,Koraput,2110.0,1244.6162109375,865.3837890625
2025-11-10,Korba,2887.0,1710.64794921875,1176.35205078125
2025-11-10,Koriya,1466.0,-8.7099609375,1474.7099609375
2025-11-10,Kota,3671.0,857.73779296875,2813.26220703125
2025-11-10,Kottayam,2546.0,193.4453125,2352.5546875
2025-11-10,Kozhikode,5952.0,1578.59423828125,4373.40576171875
2025-11-10,Krishna,7016.0,3371.1025390625,3644.8974609375
2025-11-10,Krishnagiri,6125.0,1799.86328125,4325.13671875
2025-11-10,Kulgam,987.0,17.5205078125,969.4794921875
2025-11-10,Kullu,872.0,-255.6142578125,1127.6142578125
2025-11-10,Kupwara,1584.0,978.18701171875,605.81298828125
2025-11-10,Kurnool,8076.0,4741.408203125,3334.591796875
2025-11-10,Kurukshetra,2283.0,1206.4072265625,1076.5927734375
2025-11-10,Kurung Kumey,206.0,966.4404296875,760.4404296875
2025-11-10,Kushinagar,6491.0,2728.7060546875,3762.2939453125
2025-11-10,Lakhimpur,929.0,1610.123046875,681.123046875
2025-11-10,Lakhisarai,1583.0,972.52294921875,610.47705078125
2025-11-10,Lakshadweep,0.0,202.56640625,202.56640625
2025-11-10,Lalitpur,2856.0,1380.6171875,1475.3828125
2025-11-10,Latehar,1120.0,670.7275390625,449.2724609375
2025-11-10,Latur,9114.0,3526.02099609375,5587.97900390625
2025-11-10,Lawangtlai,0.0,375.7021484375,375.7021484375
2025-11-10,Leh (Ladakh),0.0,316.1923828125,316.1923828125
2025-11-10,Lohardaga,558.0,277.76171875,280.23828125
2025-11-10,Lohit,104.0,-794.91015625,898.91015625
2025-11-10,Longleng,24.0,-280.4638671875,304.4638671875
2025-11-10,Lower Dibang Valley,140.0,452.0771484375,312.0771484375
2025-11-10,Lower Subansiri,87.0,-140.4189453125,227.4189453125
2025-11-10,Lucknow,7724.0,2715.41162109375,5008.58837890625
2025-11-10,Ludhiana,6088.0,1282.99853515625,4805.00146484375
2025-11-10,Lunglei,218.0,-689.701171875,907.701171875
2025-11-10,Madhepura,2678.0,1825.52197265625,852.47802734375
2025-11-10,Madhubani,5920.0,3422.16357421875,2497.83642578125
2025-11-10,Madurai,9224.0,2871.39990234375,6352.60009765625
2025-11-10,Maharajganj,4353.0,1960.0556640625,2392.9443359375
2025-11-10,Mahasamund,3098.0,1901.53955078125,1196.46044921875
2025-11-10,Mahbubnagar,0.0,122.21875,122.21875
2025-11-10,Mahendragarh,2048.0,1255.9267578125,792.0732421875
2025-11-10,Mahesana,2176.0,-205.5224609375,2381.5224609375
2025-11-10,Mahoba,1609.0,980.43603515625,628.56396484375
2025-11-10,Mainpuri,2967.0,1161.89306640625,1805.10693359375
2025-11-10,Malappuram,7887.0,2377.912109375,5509.087890625
2025-11-10,Maldah,0.0,271.7451171875,271.7451171875
2025-11-10,Malkangiri,1278.0,923.111328125,354.888671875
2025-11-10,Mamit,71.0,-550.7119140625,621.7119140625
2025-11-10,Mandi,2336.0,78.7548828125,2257.2451171875
2025-11-10,Mandla,1027.0,610.052734375,416.947265625
2025-11-10,Mandsaur,1429.0,872.69921875,556.30078125
2025-11-10,Mandya,2411.0,777.01220703125,1633.98779296875
2025-11-10,Mansa,2131.0,598.515625,1532.484375
2025-11-10,Marigaon,872.0,1813.33203125,941.33203125
2025-11-10,Mathura,4029.0,1629.6142578125,2399.3857421875
2025-11-10,Mau,3582.0,1867.17431640625,1714.82568359375
2025-11-10,Mayurbhanj,5100.0,2744.60400390625,2355.39599609375
2025-11-10,Medak,5633.0,4412.2060546875,1220.7939453125
2025-11-10,Meerut,7225.0,2366.380859375,4858.619140625
2025-11-10,Mirzapur,3995.0,1837.2587890625,2157.7412109375
2025-11-10,Moga,1473.0,727.556640625,745.443359375
2025-11-10,Mokokchung,225.0,70.1337890625,154.8662109375
2025-11-10,Mon,611.0,992.2001953125,381.2001953125
2025-11-10,Moradabad,8567.0,2013.0458984375,6553.9541015625
2025-11-10,Morena,3310.0,1213.6142578125,2096.3857421875
2025-11-10,Muktsar,0.0,257.7421875,257.7421875
2025-11-10,Mumbai,26791.0,9070.4541015625,17720.546875
2025-11-10,Munger,1392.0,924.98681640625,467.01318359375
2025-11-10,Murshidabad,8035.0,3554.90380859375,4480.09619140625
2025-11-10,Muzaffarnagar,5884.0,2222.95263671875,3661.04736328125
2025-11-10,Muzaffarpur,6422.0,2770.20068359375,3651.79931640625
2025-11-10,Nabarangapur,0.0,138.986328125,138.986328125
2025-11-10,Nadia,4559.0,1627.37744140625,2931.62255859375
2025-11-10,Nagaon,4139.0,4907.68212890625,768.68212890625
2025-11-10,Nagappattinam,0.0,162.2080078125,162.2080078125
2025-11-10,Nagaur,8441.0,1444.86279296875,6996.13720703125
2025-11-10,Nagpur,16088.0,5257.6328125,10830.3671875
2025-11-10,Nainital,3028.0,562.1181640625,2465.8818359375
2025-11-10,Nalanda,3186.0,1655.654296875,1530.345703125
2025-11-10,Nalbari,797.0,193.537109375,603.462890625
2025-11-10,Nalgonda,6527.0,4178.19384765625,2348.80615234375
2025-11-10,Namakkal,4987.0,1193.0263671875,3793.9736328125
2025-11-10,Nanded,14460.0,6019.8623046875,8440.1376953125
2025-11-10,Nandurbar,6459.0,4751.2041015625,1707.7958984375
2025-11-10,Narayanpur,448.0,1527.67236328125,1079.67236328125
2025-11-10,Narmada,574.0,-341.041015625,915.041015625
2025-11-10,Nashik,26815.0,8456.5361328125,18358.46484375
2025-11-10,Navsari,1329.0,-132.00390625,1461.00390625
2025-11-10,Nawada,1585.0,1263.552734375,321.447265625
2025-11-10,Nayagarh,1899.0,299.236328125,1599.763671875
2025-11-10,Neemuch,1505.0,-71.2099609375,1576.2099609375
2025-11-10,New Delhi,138.0,378.7568359375,240.7568359375
2025-11-10,Nicobar,0.0,-945.298828125,945.298828125
2025-11-10,Nizamabad,5674.0,2874.40625,2799.59375
2025-11-10,North,0.0,287.2255859375,287.2255859375
2025-11-10,North & Middle Andaman,0.0,-856.279296875,856.279296875
2025-11-10,North 24 Parganas,8262.0,3236.3876953125,5025.6123046875
2025-11-10,North Goa,1778.0,441.193359375,1336.806640625
2025-11-10,North Tripura,1801.0,773.208984375,1027.791015625
2025-11-10,Nuapada,770.0,1080.81005859375,310.81005859375
2025-11-10,Pakur,334.0,356.060546875,22.060546875
2025-11-10,Palakkad,4757.0,1505.00341796875,3251.99658203125
2025-11-10,Palamu,3942.0,1307.2353515625,2634.7646484375
2025-11-10,Pali,6191.0,1088.94189453125,5102.05810546875
2025-11-10,Palwal,2179.0,1558.3779296875,620.6220703125
2025-11-10,Panch Mahals,0.0,207.181640625,207.181640625
2025-11-10,Panchkula,1078.0,420.17578125,657.82421875
2025-11-10,Panipat,2573.0,1236.7919921875,1336.2080078125
2025-11-10,Panna,1836.0,893.31298828125,942.68701171875
2025-11-10,Papum Pare,206.0,128.2109375,77.7890625
2025-11-10,Parbhani,7327.0,2805.14404296875,4521.85595703125
2025-11-10,Pashchim Champaran,14157.0,8052.60205078125,6104.39794921875
2025-11-10,Pashchim Medinipur,0.0,252.6572265625,252.6572265625
2025-11-10,Pashchimi Singhbhum,7239.0,2832.716796875,4406.283203125
2025-11-10,Patan,1548.0,-37.396484375,1585.396484375
2025-11-10,Pathanamthitta,1661.0,33.6220703125,1627.3779296875
2025-11-10,Patiala,3354.0,874.99560546875,2479.00439453125
2025-11-10,Patna,5921.0,2375.484375,3545.515625
2025-11-10,Perambalur,2461.0,1081.56591796875,1379.43408203125
2025-11-10,Peren,128.0,629.1787109375,501.1787109375
2025-11-10,Phek,175.0,-60.228515625,235.228515625
2025-11-10,Pilibhit,4578.0,1787.00830078125,2790.99169921875
2025-11-10,Pithoragarh,1070.0,-65.3828125,1135.3828125
2025-11-10,Porbandar,450.0,-395.2119140625,845.2119140625
2025-11-10,Prakasam,6236.0,3134.984375,3101.015625
2025-11-10,Pratapgarh,6254.0,2492.8603515625,3761.1396484375
2025-11-10,Puducherry,2409.0,-209.9462890625,2618.9462890625
2025-11-10,Pudukkottai,4920.0,2098.40771484375,2821.59228515625
2025-11-10,Pulwama,3290.0,-556.091796875,3846.091796875
2025-11-10,Punch,2242.0,922.30322265625,1319.69677734375
2025-11-10,Pune,21536.0,6929.76416015625,14606.236328125
2025-11-10,Purba Champaran,19.0,-583.41796875,602.41796875
2025-11-10,Purba Medinipur,5995.0,2401.63671875,3593.36328125
2025-11-10,Purbi Singhbhum,705.0,291.494140625,413.505859375
2025-11-10,Puri,2952.0,798.9462890625,2153.0537109375
2025-11-10,Puruliya,0.0,228.3662109375,228.3662109375
2025-11-10,Rae Bareli,4221.0,2320.12939453125,1900.87060546875
2025-11-10,Raichur,4070.0,2108.2119140625,1961.7880859375
2025-11-10,Raigarh,6793.0,4134.19384765625,2658.80615234375
2025-11-10,Raipur,7890.0,1172.58544921875,6717.41455078125
2025-11-10,Raisen,2142.0,1226.77099609375,915.22900390625
2025-11-10,Rajgarh,3217.0,1380.45703125,1836.54296875
2025-11-10,Rajkot,4055.0,402.3671875,3652.6328125
2025-11-10,Rajnandgaon,5022.0,2328.22998046875,2693.77001953125
2025-11-10,Rajouri,2869.0,518.6357421875,2350.3642578125
2025-11-10,Rajsamand,2655.0,312.064453125,2342.935546875
2025-11-10,Ramanagara,0.0,137.1796875,137.1796875
2025-11-10,Ramanathapuram,3223.0,1259.89013671875,1963.10986328125
2025-11-10,Ramban,2197.0,-98.1171875,2295.1171875
2025-11-10,Ramgarh,1094.0,220.65234375,873.34765625
2025-11-10,Ranchi,5194.0,1686.236328125,3507.763671875
2025-11-10,Rangareddy,0.0,120.8310546875,120.8310546875
2025-11-10,Ratlam,3046.0,754.9619140625,2291.0380859375
2025-11-10,Ratnagiri,7206.0,2130.67236328125,5075.32763671875
2025-11-10,Rayagada,1719.0,822.38916015625,896.61083984375
2025-11-10,Reasi,805.0,144.73828125,660.26171875
2025-11-10,Rewa,3726.0,2346.615234375,1379.384765625
2025-11-10,Rewari,1612.0,741.75390625,870.24609375
2025-11-10,Ri Bhoi,216.0,-218.046875,434.046875
2025-11-10,Rohtak,2136.0,1040.2734375,1095.7265625
2025-11-10,Rohtas,3252.0,1710.50048828125,1541.49951171875
2025-11-10,Rudraprayag,1982.0,-325.9111328125,2307.9111328125
2025-11-10,Rupnagar,1307.0,113.8701171875,1193.1298828125
2025-11-10,Sabar Kantha,0.0,219.9384765625,219.9384765625
2025-11-10,Sagar,0.0,161.7626953125,161.7626953125
2025-11-10,Saharanpur,7867.0,2877.7265625,4989.2734375
2025-11-10,Saharsa,3756.0,2400.3955078125,1355.6044921875
2025-11-10,Sahibganj,1974.0,364.4296875,1609.5703125
2025-11-10,Sahibzada Ajit Singh Nagar,1574.0,-460.5634765625,2034.5634765625
2025-11-10,Saiha,42.0,550.9853515625,508.9853515625
2025-11-10,Salem,10514.0,2336.1103515625,8177.8896484375
2025-11-10,Samastipur,5695.0,2214.99462890625,3480.00537109375
2025-11-10,Samba,531.0,-446.0361328125,977.0361328125
2025-11-10,Sambalpur,1711.0,499.6328125,1211.3671875
2025-11-10,Sangli,10301.0,2075.115234375,8225.884765625
2025-11-10,Sangrur,2784.0,115.466796875,2668.533203125
2025-11-10,Sant Kabir Nagar,3201.0,2220.63916015625,980.36083984375
2025-11-10,Sant Ravi Das Nagar(Bhadohi),0.0,167.8037109375,167.8037109375
2025-11-10,Saraikela-Kharsawan,0.0,215.2255859375,215.2255859375
2025-11-10,Satara,6848.0,1910.8076171875,4937.1923828125
2025-11-10,Satna,4013.0,2255.03173828125,1757.96826171875
2025-11-10,Sawai Madhopur,3527.0,914.93212890625,2612.06787109375
2025-11-10,Sehore,2167.0,781.0771484375,1385.9228515625
2025-11-10,Senapati,1461.0,377.2890625,1083.7109375
2025-11-10,Seoni,1715.0,919.8037109375,795.1962890625
2025-11-10,Serchhip,58.0,143.1796875,85.1796875
2025-11-10,Shahdol,1557.0,488.142578125,1068.857421875
2025-11-10,Shahid Bhagat Singh Nagar,1246.0,-380.8203125,1626.8203125
2025-11-10,Shahjahanpur,5998.0,1861.3330078125,4136.6669921875
2025-11-10,Shajapur,2577.0,929.15283203125,1647.84716796875
2025-11-10,Sheikhpura,1297.0,686.4814453125,610.5185546875
2025-11-10,Sheohar,743.0,962.9296875,219.9296875
2025-11-10,Sheopur,1281.0,1013.44189453125,267.55810546875
2025-11-10,Shimla,1762.0,160.873046875,1601.126953125
2025-11-10,Shivpuri,3100.0,893.501953125,2206.498046875
2025-11-10,Siddharth Nagar,4650.0,1923.3486328125,2726.6513671875
2025-11-10,Sidhi,1549.0,1194.45751953125,354.54248046875
2025-11-10,Sikar,4951.0,1112.53515625,3838.46484375
2025-11-10,Simdega,1037.0,1257.60205078125,220.60205078125
2025-11-10,Sindhudurg,2319.0,100.5546875,2218.4453125
2025-11-10,Singrauli,1580.0,1498.6162109375,81.3837890625
2025-11-10,Sirmaur,982.0,192.8740234375,789.1259765625
2025-11-10,Sirohi,3088.0,589.3544921875,2498.6455078125
2025-11-10,Sirsa,3049.0,1701.76806640625,1347.23193359375
2025-11-10,Sitamarhi,4334.0,2525.68896484375,1808.31103515625
2025-11-10,Sitapur,9104.0,2681.10498046875,6422.89501953125
2025-11-10,Sivaganga,4683.0,903.92822265625,3779.07177734375
2025-11-10,Sivasagar,336.0,-654.6474609375,990.6474609375
2025-11-10,Siwan,4410.0,1963.2607421875,2446.7392578125
2025-11-10,Solan,1076.0,130.12109375,945.87890625
2025-11-10,Solapur,11615.0,2823.111328125,8791.888671875
2025-11-10,Sonbhadra,2860.0,1666.5859375,1193.4140625
2025-11-10,Sonipat,2559.0,1452.6240234375,1106.3759765625
2025-11-10,Sonitpur,890.0,660.681640625,229.318359375
2025-11-10,South,0.0,235.0341796875,235.0341796875
2025-11-10,South 24 Parganas,8916.0,4875.06396484375,4040.93603515625
2025-11-10,South Andaman,0.0,-785.8388671875,785.8388671875
2025-11-10,South Garo Hills,52.0,494.689453125,442.689453125
2025-11-10,South Goa,1173.0,91.2080078125,1081.7919921875
2025-11-10,South Tripura,1968.0,903.6640625,1064.3359375
2025-11-10,Sri Potti Sriramulu Nellore,5468.0,1725.603515625,3742.396484375
2025-11-10,Srikakulam,4096.0,2936.693359375,1159.306640625
2025-11-10,Srinagar,3762.0,1428.45166015625,2333.54833984375
2025-11-10,Subarnapur,1233.0,-376.1796875,1609.1796875
2025-11-10,Sultanpur,4134.0,1936.90576171875,2197.09423828125
2025-11-10,Sundargarh,2706.0,677.2490234375,2028.7509765625
2025-11-10,Supaul,2454.0,2217.552734375,236.447265625
2025-11-10,Surat,9147.0,1532.6416015625,7614.3583984375
2025-11-10,Surendranagar,1659.0,-132.8974609375,1791.8974609375
2025-11-10,Surguja,2539.0,1126.81005859375,1412.18994140625
2025-11-10,Tamenglong,743.0,4.1953125,738.8046875
2025-11-10,Tapi,696.0,-348.814453125,1044.814453125
2025-11-10,Tarn Taran,1756.0,237.6708984375,1518.3291015625
2025-11-10,Tawang,107.0,-905.5546875,1012.5546875
2025-11-10,Tehri Garhwal,3152.0,427.41015625,2724.58984375
2025-11-10,Thane,26320.0,9061.599609375,17258.400390625
2025-11-10,Thanjavur,6300.0,1670.76171875,4629.23828125
2025-11-10,The Dangs,0.0,211.0498046875,211.0498046875
2025-11-10,The Nilgiris,1766.0,-24.5625,1790.5625
2025-11-10,Theni,2737.0,893.849609375,1843.150390625
2025-11-10,Thiruvallur,0.0,135.0810546875,135.0810546875
2025-11-10,Thiruvananthapuram,3917.0,1329.890625,2587.109375
2025-11-10,Thiruvarur,0.0,163.1728515625,163.1728515625
2025-11-10,Thoothukkudi,0.0,194.021484375,194.021484375
2025-11-10,Thoubal,4630.0,1424.48193359375,3205.51806640625
2025-11-10,Thrissur,3900.0,1543.6943359375,2356.3056640625
2025-11-10,Tikamgarh,2451.0,1155.50830078125,1295.49169921875
2025-11-10,Tinsukia,567.0,-228.5625,795.5625
2025-11-10,Tirap,100.0,-854.603515625,954.603515625
2025-11-10,Tiruchirappalli,7304.0,3082.39013671875,4221.60986328125
2025-11-10,Tirunelveli,9254.0,3373.61962890625,5880.38037109375
2025-11-10,Tiruppur,5949.0,1930.67578125,4018.32421875
2025-11-10,Tiruvannamalai,5330.0,2044.1669921875,3285.8330078125
2025-11-10,Tonk,3681.0,934.76806640625,2746.23193359375
2025-11-10,Tuensang,236.0,-180.9853515625,416.9853515625
2025-11-10,Tumkur,0.0,134.3984375,134.3984375
2025-11-10,Udaipur,7818.0,2003.244140625,5814.755859375
2025-11-10,Udalguri,518.0,1182.37548828125,664.37548828125
2025-11-10,Udham Singh Nagar,7090.0,2410.00341796875,4679.99658203125
2025-11-10,Udhampur,1604.0,-259.076171875,1863.076171875
2025-11-10,Udupi,1465.0,317.251953125,1147.748046875
2025-11-10,Ujjain,5154.0,1478.91455078125,3675.08544921875
2025-11-10,Ukhrul,1000.0,110.587890625,889.412109375
2025-11-10,Umaria,935.0,490.953125,444.046875
2025-11-10,Una,1038.0,-113.2548828125,1151.2548828125
2025-11-10,Unnao,4309.0,1579.78369140625,2729.21630859375
2025-11-10,Upper Siang,50.0,-103.1845703125,153.1845703125
2025-11-10,Upper Subansiri,164.0,423.671875,259.671875
2025-11-10,Uttar Bastar Kanker,0.0,133.6982421875,133.6982421875
2025-11-10,Uttara Kannada,1375.0,139.888671875,1235.111328125
2025-11-10,Uttarkashi,1263.0,116.0634765625,1146.9365234375
2025-11-10,Vadodara,5796.0,564.962890625,5231.037109375
2025-11-10,Vaishali,4837.0,2409.0244140625,2427.9755859375
2025-11-10,Valsad,2126.0,126.6171875,1999.3828125
2025-11-10,Varanasi,7171.0,2277.93115234375,4893.06884765625
2025-11-10,Vellore,8541.0,2721.5029296875,5819.4970703125
2025-11-10,Vidisha,3161.0,1817.1767578125,1343.8232421875
2025-11-10,Viluppuram,9162.0,3260.18310546875,5901.81689453125
2025-11-10,Virudunagar,0.0,174.505859375,174.505859375
2025-11-10,Visakhapatnam,8135.0,3891.73388671875,4243.26611328125
2025-11-10,Vizianagaram,5591.0,2022.01171875,3568.98828125
2025-11-10,Warangal,5563.0,3095.97998046875,2467.02001953125
2025-11-10,Wardha,6006.0,2920.72802734375,3085.27197265625
2025-11-10,Washim,7904.0,2234.15576171875,5669.84423828125
2025-11-10,Wayanad,1166.0,557.7822265625,608.2177734375
2025-11-10,West,0.0,264.220703125,264.220703125
2025-11-10,West Garo Hills,466.0,367.1865234375,98.8134765625
2025-11-10,West Godavari,5536.0,2765.61572265625,2770.38427734375
2025-11-10,West Kameng,139.0,-1029.9521484375,1168.9521484375
2025-11-10,West Khasi Hills,202.0,-37.8896484375,239.8896484375
2025-11-10,West Tripura,2523.0,1039.13818359375,1483.86181640625
2025-11-10,Wokha,109.0,141.546875,32.546875
2025-11-10,Yadgir,1786.0,716.0078125,1069.9921875
2025-11-10,Yamunanagar,2835.0,920.96630859375,1914.03369140625
2025-11-10,Yanam,8.0,-686.5712890625,694.5712890625
2025-11-10,Yavatmal,16851.0,5741.06982421875,11109.9296875
2025-11-10,Zunheboto,152.0,-49.3427734375,201.3427734375
2025-11-17,Adilabad,2023.0,5208.05078125,3185.05078125
2025-11-17,Agra,0.0,147.162109375,147.162109375
2025-11-17,Ahmadabad,0.0,196.025390625,196.025390625
2025-11-17,Ahmadnagar,0.0,89.5126953125,89.5126953125
2025-11-17,Aizawl,194.0,221.962890625,27.962890625
2025-11-17,Ajmer,2012.0,1665.96923828125,346.03076171875
2025-11-17,Akola,3876.0,5592.5078125,1716.5078125
2025-11-17,Alappuzha,955.0,500.91015625,454.08984375
2025-11-17,Aligarh,3755.0,3535.22802734375,219.77197265625
2025-11-17,Alirajpur,440.0,1067.1669921875,627.1669921875
2025-11-17,Almora,795.0,-78.603515625,873.603515625
2025-11-17,Alwar,3061.0,3161.29248046875,100.29248046875
2025-11-17,Ambala,936.0,963.95703125,27.95703125
2025-11-17,Ambedkar Nagar,1830.0,2185.98046875,355.98046875
2025-11-17,Amravati,6475.0,9140.927734375,2665.927734375
2025-11-17,Amreli,1010.0,-82.171875,1092.171875
2025-11-17,Amritsar,1541.0,2212.068359375,671.068359375
2025-11-17,Anand,1707.0,-4.0986328125,1711.0986328125
2025-11-17,Anantnag,687.0,414.1591796875,272.8408203125
2025-11-17,Anjaw,58.0,-232.54296875,290.54296875
2025-11-17,Anugul,1044.0,983.70263671875,60.29736328125
2025-11-17,Anuppur,452.0,754.6728515625,302.6728515625
2025-11-17,Araria,1030.0,2508.7724609375,1478.7724609375
2025-11-17,Ariyalur,986.0,1378.79296875,392.79296875
2025-11-17,Arwal,299.0,796.8701171875,497.8701171875
2025-11-17,Ashoknagar,2296.0,3388.32177734375,1092.32177734375
2025-11-17,Auraiya,1344.0,1293.59765625,50.40234375
2025-11-17,Aurangabad,1163.0,1255.67529296875,92.67529296875
2025-11-17,Azamgarh,3407.0,3413.7529296875,6.7529296875
2025-11-17,Bagalkot,0.0,17.4091796875,17.4091796875
2025-11-17,Bageshwar,572.0,56.517578125,515.482421875
2025-11-17,Baghpat,1176.0,1344.1826171875,168.1826171875
2025-11-17,Bahraich,3615.0,3459.87109375,155.12890625
2025-11-17,Baksa,52.0,275.55078125,223.55078125
2025-11-17,Balaghat,1236.0,1726.822265625,490.822265625
2025-11-17,Balangir,1361.0,1772.4345703125,411.4345703125
2025-11-17,Baleshwar,0.0,180.796875,180.796875
2025-11-17,Ballia,2258.0,2850.80078125,592.80078125
2025-11-17,Balrampur,5050.0,5118.6455078125,68.6455078125
2025-11-17,Banas Kantha,0.0,204.7841796875,204.7841796875
2025-11-17,Banda,1543.0,2447.28857421875,904.28857421875
2025-11-17,Banka,891.0,1270.49755859375,379.49755859375
2025-11-17,Bankura,1515.0,1568.32421875,53.32421875
2025-11-17,Banswara,1569.0,1346.74365234375,222.25634765625
2025-11-17,Bara Banki,0.0,139.69140625,139.69140625
2025-11-17,Baramula,0.0,313.97265625,313.97265625
2025-11-17,Baran,1073.0,1075.4677734375,2.4677734375
2025-11-17,Barddhaman,0.0,210.4892578125,210.4892578125
2025-11-17,Bareilly,5048.0,4424.224609375,623.775390625
2025-11-17,Bargarh,1216.0,2578.771484375,1362.771484375
2025-11-17,Barmer,2411.0,3043.50634765625,632.50634765625
2025-11-17,Barnala,418.0,1107.935546875,689.935546875
2025-11-17,Barpeta,554.0,4538.69482421875,3984.69482421875
2025-11-17,Barwani,989.0,2004.08056640625,1015.08056640625
2025-11-17,Bastar,1049.0,1992.97265625,943.97265625
2025-11-17,Basti,3011.0,3336.92333984375,325.92333984375
2025-11-17,Bathinda,1209.0,1880.21484375,671.21484375
2025-11-17,Begusarai,1583.0,1660.9384765625,77.9384765625
2025-11-17,Betul,1805.0,2274.35791015625,469.35791015625
2025-11-17,Bhadrak,1144.0,1534.69775390625,390.69775390625
2025-11-17,Bhagalpur,1865.0,1892.302734375,27.302734375
2025-11-17,Bhandara,1868.0,4013.95751953125,2145.95751953125
2025-11-17,Bharatpur,1893.0,2212.2998046875,319.2998046875
2025-11-17,Bharuch,1232.0,-151.89453125,1383.89453125
2025-11-17,Bhavnagar,2111.0,584.7158203125,1526.2841796875
2025-11-17,Bhilwara,2310.0,1950.66162109375,359.33837890625
2025-11-17,Bhind,1142.0,1299.921875,157.921875
2025-11-17,Bhiwani,1084.0,2023.60498046875,939.60498046875
2025-11-17,Bhojpur,997.0,1340.91162109375,343.91162109375
2025-11-17,Bhopal,2364.0,2562.72607421875,198.72607421875
2025-11-17,Bidar,1269.0,2290.021484375,1021.021484375
2025-11-17,Bijapur,295.0,1162.48681640625,867.48681640625
2025-11-17,Bijnor,3839.0,5020.9111328125,1181.9111328125
2025-11-17,Bikaner,1773.0,1828.53759765625,55.53759765625
2025-11-17,Bilaspur,2774.0,6525.51806640625,3751.51806640625
2025-11-17,Birbhum,1580.0,2749.87158203125,1169.87158203125
2025-11-17,Bishnupur,289.0,2398.2158203125,2109.2158203125
2025-11-17,Bokaro,1389.0,979.875,409.125
2025-11-17,Bongaigaon,181.0,1446.45751953125,1265.45751953125
2025-11-17,Budaun,2408.0,2261.17822265625,146.82177734375
2025-11-17,Bulandshahr,3613.0,3146.8408203125,466.1591796875
2025-11-17,Buldana,0.0,80.4228515625,80.4228515625
2025-11-17,Bundi,949.0,698.2021484375,250.7978515625
2025-11-17,Burhanpur,615.0,1429.68408203125,814.68408203125
2025-11-17,Buxar,757.0,872.4189453125,115.4189453125
2025-11-17,Cachar,0.0,308.6005859375,308.6005859375
2025-11-17,Central,0.0,167.6767578125,167.6767578125
2025-11-17,Chamba,747.0,413.9404296875,333.0595703125
2025-11-17,Chamoli,373.0,-330.478515625,703.478515625
2025-11-17,Champawat,647.0,601.2041015625,45.7958984375
2025-11-17,Champhai,55.0,579.8212890625,524.8212890625
2025-11-17,Chamrajnagar,0.0,-9.48046875,9.48046875
2025-11-17,Chandauli,1720.0,1611.71630859375,108.28369140625
2025-11-17,Chandel,195.0,770.513671875,575.513671875
2025-11-17,Chandigarh,565.0,853.435546875,288.435546875
2025-11-17,Chandrapur,4099.0,7141.39453125,3042.39453125
2025-11-17,Changlang,255.0,-516.3212890625,771.3212890625
2025-11-17,Chatra,918.0,1101.25048828125,183.25048828125
2025-11-17,Chennai,3727.0,5199.4248046875,1472.4248046875
2025-11-17,Chhatarpur,1526.0,2372.68701171875,846.68701171875
2025-11-17,Chhindwara,1533.0,2003.94140625,470.94140625
2025-11-17,Chikkaballapura,618.0,881.0048828125,263.0048828125
2025-11-17,Chikmagalur,0.0,-6.7958984375,6.7958984375
2025-11-17,Chirang,215.0,1216.42724609375,1001.42724609375
2025-11-17,Chitradurga,879.0,949.68603515625,70.68603515625
2025-11-17,Chitrakoot,1196.0,2247.2451171875,1051.2451171875
2025-11-17,Chittaurgarh,0.0,151.5751953125,151.5751953125
2025-11-17,Chittoor,4799.0,7256.89306640625,2457.89306640625
2025-11-17,Churachandpur,248.0,-136.6845703125,384.6845703125
2025-11-17,Churu,1762.0,2201.2421875,439.2421875
2025-11-17,Coimbatore,3011.0,3478.32568359375,467.32568359375
2025-11-17,Cuddalore,2430.0,4524.58447265625,2094.58447265625
2025-11-17,Cuttack,2040.0,2191.68994140625,151.68994140625
2025-11-17,Dadra & Nagar Haveli,0.0,159.453125,159.453125
2025-11-17,Dakshin Bastar Dantewada,0.0,26.0126953125,26.0126953125
2025-11-17,Dakshina Kannada,1470.0,799.55126953125,670.44873046875
2025-11-17,Damoh,1020.0,2146.95458984375,1126.95458984375
2025-11-17,Darbhanga,2190.0,3265.66796875,1075.66796875
2025-11-17,Darrang,163.0,1109.68115234375,946.68115234375
2025-11-17,Datia,488.0,925.2587890625,437.2587890625
2025-11-17,Dausa,1494.0,1534.8701171875,40.8701171875
2025-11-17,Davanagere,1211.0,1020.048828125,190.951171875
2025-11-17,Debagarh,205.0,1219.3935546875,1014.3935546875
2025-11-17,Dehradun,2791.0,2287.12451171875,503.87548828125
2025-11-17,Deoghar,928.0,767.384765625,160.615234375
2025-11-17,Deoria,2345.0,2778.6455078125,433.6455078125
2025-11-17,Dewas,1302.0,1811.86572265625,509.86572265625
2025-11-17,Dhalai,384.0,715.5537109375,331.5537109375
2025-11-17,Dhamtari,951.0,2122.12255859375,1171.12255859375
2025-11-17,Dhanbad,2080.0,1095.244140625,984.755859375
2025-11-17,Dhar,1284.0,1644.80078125,360.80078125
2025-11-17,Dharmapuri,1601.0,2929.716796875,1328.716796875
2025-11-17,Dharwad,1120.0,1636.2958984375,516.2958984375
2025-11-17,Dhemaji,132.0,909.14208984375,777.14208984375
2025-11-17,Dhenkanal,1196.0,1827.33935546875,631.33935546875
2025-11-17,Dhubri,446.0,1749.162109375,1303.162109375
2025-11-17,Dhule,3499.0,4925.66748046875,1426.66748046875
2025-11-17,Dibang Valley,10.0,-7.1650390625,17.1650390625
2025-11-17,Dibrugarh,233.0,-200.990234375,433.990234375
2025-11-17,Dima Hasao,75.0,-302.1005859375,377.1005859375
2025-11-17,Dimapur,421.0,232.453125,188.546875
2025-11-17,Dindigul,2383.0,3832.984375,1449.984375
2025-11-17,Dindori,347.0,1291.63232421875,944.63232421875
2025-11-17,Diu,156.0,-708.9169921875,864.9169921875
2025-11-17,Doda,768.0,110.6298828125,657.3701171875
2025-11-17,Dumka,940.0,802.72265625,137.27734375
2025-11-17,Dungarpur,1460.0,1382.10888671875,77.89111328125
2025-11-17,Durg,3301.0,3037.92138671875,263.07861328125
2025-11-17,East,0.0,233.119140625,233.119140625
2025-11-17,East Garo Hills,5.0,380.4423828125,375.4423828125
2025-11-17,East Godavari,8009.0,8264.1357421875,255.1357421875
2025-11-17,East Kameng,59.0,-150.4345703125,209.4345703125
2025-11-17,East Khasi Hills,184.0,-241.576171875,425.576171875
2025-11-17,East Siang,237.0,51.4521484375,185.5478515625
2025-11-17,Ernakulam,2113.0,1452.841796875,660.158203125
2025-11-17,Erode,2316.0,5016.07470703125,2700.07470703125
2025-11-17,Etah,1365.0,1628.14453125,263.14453125
2025-11-17,Etawah,1364.0,2055.4052734375,691.4052734375
2025-11-17,Faridabad,1932.0,2647.6650390625,715.6650390625
2025-11-17,Faridkot,394.0,888.431640625,494.431640625
2025-11-17,Farrukhabad,1635.0,1676.765625,41.765625
2025-11-17,Fatehabad,753.0,2014.22509765625,1261.22509765625
2025-11-17,Fatehgarh Sahib,608.0,229.3310546875,378.6689453125
2025-11-17,Fatehpur,3535.0,3275.5712890625,259.4287109375
2025-11-17,Firozabad,2315.0,1983.94091796875,331.05908203125
2025-11-17,Gadag,626.0,586.140625,39.859375
2025-11-17,Gajapati,711.0,1544.92822265625,833.92822265625
2025-11-17,Ganderbal,295.0,440.564453125,145.564453125
2025-11-17,Gandhinagar,1044.0,-501.71875,1545.71875
2025-11-17,Ganganagar,1300.0,1203.26513671875,96.73486328125
2025-11-17,Ganjam,3083.0,3714.62890625,631.62890625
2025-11-17,Garhchiroli,0.0,46.7724609375,46.7724609375
2025-11-17,Garhwa,1400.0,1203.2744140625,196.7255859375
2025-11-17,Gautam Buddha Nagar,1457.0,1683.09375,226.09375
2025-11-17,Gaya,1305.0,2089.4345703125,784.4345703125
2025-11-17,Ghaziabad,3608.0,3163.359375,444.640625
2025-11-17,Ghazipur,2221.0,2873.91650390625,652.91650390625
2025-11-17,Giridih,1328.0,1681.8486328125,353.8486328125
2025-11-17,Goalpara,267.0,1358.775390625,1091.775390625
2025-11-17,Godda,1464.0,1382.8583984375,81.1416015625
2025-11-17,Golaghat,144.0,-144.12890625,288.12890625
2025-11-17,Gonda,2907.0,3323.419921875,416.419921875
2025-11-17,Gondiya,0.0,76.4072265625,76.4072265625
2025-11-17,Gopalganj,913.0,1694.93408203125,781.93408203125
2025-11-17,Gorakhpur,3779.0,3239.11865234375,539.88134765625
2025-11-17,Gumla,968.0,1227.79150390625,259.79150390625
2025-11-17,Guna,993.0,746.75390625,246.24609375
2025-11-17,Guntur,5774.0,8316.8017578125,2542.8017578125
2025-11-17,Gurdaspur,1152.0,1814.1669921875,662.1669921875
2025-11-17,Gwalior,1510.0,1660.9384765625,150.9384765625
2025-11-17,Hailakandi,210.0,174.5185546875,35.4814453125
2025-11-17,Hamirpur,1395.0,1182.39892578125,212.60107421875
2025-11-17,Hanumangarh,1268.0,1209.8603515625,58.1396484375
2025-11-17,Harda,349.0,922.60107421875,573.60107421875
2025-11-17,Hardoi,3838.0,3861.33740234375,23.33740234375
2025-11-17,Hardwar,0.0,184.79296875,184.79296875
2025-11-17,Hassan,1052.0,-37.130859375,1089.130859375
2025-11-17,Haveri,926.0,852.4931640625,73.5068359375
2025-11-17,Hazaribagh,1014.0,247.1376953125,766.8623046875
2025-11-17,Hingoli,1649.0,3290.3408203125,1641.3408203125
2025-11-17,Hisar,1596.0,2619.24658203125,1023.24658203125
2025-11-17,Hoshiarpur,1129.0,821.55517578125,307.44482421875
2025-11-17,Hyderabad,5585.0,10607.0947265625,5022.0947265625
2025-11-17,Idukki,478.0,111.8623046875,366.1376953125
2025-11-17,Imphal East,946.0,2185.83935546875,1239.83935546875
2025-11-17,Imphal West,1229.0,2273.84912109375,1044.84912109375
2025-11-17,Indore,3264.0,3036.56201171875,227.43798828125
2025-11-17,Jabalpur,2058.0,2685.43505859375,627.43505859375
2025-11-17,Jagatsinghapur,1610.0,496.814453125,1113.185546875
2025-11-17,Jaintia Hills,0.0,301.259765625,301.259765625
2025-11-17,Jaipur,5301.0,4895.3046875,405.6953125
2025-11-17,Jaisalmer,650.0,515.8291015625,134.1708984375
2025-11-17,Jajapur,0.0,158.83203125,158.83203125
2025-11-17,Jalandhar,1853.0,1512.0458984375,340.9541015625
2025-11-17,Jalaun,1187.0,1821.091796875,634.091796875
2025-11-17,Jalgaon,6831.0,12437.115234375,5606.115234375
2025-11-17,Jalna,2860.0,6765.791015625,3905.791015625
2025-11-17,Jalor,0.0,200.1240234375,200.1240234375
2025-11-17,Jalpaiguri,1140.0,586.8515625,553.1484375
2025-11-17,Jammu,1550.0,2317.76806640625,767.76806640625
2025-11-17,Jamnagar,1066.0,-136.1083984375,1202.1083984375
2025-11-17,Jamtara,417.0,1125.23046875,708.23046875
2025-11-17,Jamui,671.0,1626.10302734375,955.10302734375
2025-11-17,Janjgir-Champa,2522.0,4941.298828125,2419.298828125
2025-11-17,Jashpur,709.0,2394.22607421875,1685.22607421875
2025-11-17,Jaunpur,3135.0,4466.45166015625,1331.45166015625
2025-11-17,Jehanabad,374.0,493.123046875,119.123046875
2025-11-17,Jhabua,804.0,1489.296875,685.296875
2025-11-17,Jhajjar,741.0,1381.587890625,640.587890625
2025-11-17,Jhalawar,1234.0,1578.005859375,344.005859375
2025-11-17,Jhansi,2383.0,2208.64111328125,174.35888671875
2025-11-17,Jharsuguda,495.0,837.72412109375,342.72412109375
2025-11-17,Jhunjhunun,0.0,182.9677734375,182.9677734375
2025-11-17,Jind,1165.0,2566.21728515625,1401.21728515625
2025-11-17,Jodhpur,2937.0,2798.34912109375,138.65087890625
2025-11-17,Jorhat,138.0,421.0,283.0
2025-11-17,Junagadh,1326.0,229.97265625,1096.02734375
2025-11-17,Kachchh,1551.0,207.4326171875,1343.5673828125
2025-11-17,Kaimur (Bhabua),0.0,132.0849609375,132.0849609375
2025-11-17,Kaithal,1046.0,1846.18115234375,800.18115234375
2025-11-17,Kalahandi,856.0,2373.2666015625,1517.2666015625
2025-11-17,Kamrup,250.0,857.3037109375,607.3037109375
2025-11-17,Kancheepuram,0.0,-5.6630859375,5.6630859375
2025-11-17,Kandhamal,779.0,988.2470703125,209.2470703125
2025-11-17,Kangra,1723.0,1226.84765625,496.15234375
2025-11-17,Kannauj,1421.0,2167.2041015625,746.2041015625
2025-11-17,Kanniyakumari,0.0,60.9345703125,60.9345703125
2025-11-17,Kannur,1571.0,1294.26416015625,276.73583984375
2025-11-17,Kanpur Dehat,1243.0,1848.4248046875,605.4248046875
2025-11-17,Kanpur Nagar,3827.0,4031.3291015625,204.3291015625
2025-11-17,Kapurthala,705.0,505.236328125,199.763671875
2025-11-17,Karaikal,340.0,186.32421875,153.67578125
2025-11-17,Karauli,1132.0,1451.77783203125,319.77783203125
2025-11-17,Karbi Anglong,502.0,778.5,276.5
2025-11-17,Kargil,102.0,321.14453125,219.14453125
2025-11-17,Karimganj,460.0,873.3583984375,413.3583984375
2025-11-17,Karimnagar,2150.0,4482.73095703125,2332.73095703125
2025-11-17,Karnal,1264.0,2288.35888671875,1024.35888671875
2025-11-17,Karur,709.0,1341.1494140625,632.1494140625
2025-11-17,Kasaragod,1052.0,546.93359375,505.06640625
2025-11-17,Kathua,683.0,819.73046875,136.73046875
2025-11-17,Katihar,1908.0,3596.58740234375,1688.58740234375
2025-11-17,Katni,959.0,2079.62939453125,1120.62939453125
2025-11-17,Kaushambi,1499.0,1918.44580078125,419.44580078125
2025-11-17,Kendrapara,1350.0,1735.09912109375,385.09912109375
2025-11-17,Kendujhar,1162.0,2439.90966796875,1277.90966796875
2025-11-17,Khagaria,717.0,1008.083984375,291.083984375
2025-11-17,Khammam,1463.0,3067.35302734375,1604.35302734375
2025-11-17,Kheda,1558.0,251.1669921875,1306.8330078125
2025-11-17,Kheri,0.0,149.515625,149.515625
2025-11-17,Khordha,2242.0,1059.43212890625,1182.56787109375
2025-11-17,Khunti,541.0,851.62890625,310.62890625
2025-11-17,Kinnaur,115.0,-351.4873046875,466.4873046875
2025-11-17,Kiphire,43.0,1130.69287109375,1087.69287109375
2025-11-17,Kishanganj,1041.0,3126.90087890625,2085.90087890625
2025-11-17,Kishtwar,149.0,1043.44580078125,894.44580078125
2025-11-17,Kodagu,278.0,-439.775390625,717.775390625
2025-11-17,Kodarma,409.0,358.0361328125,50.9638671875
2025-11-17,Kohima,139.0,-1.4609375,140.4609375
2025-11-17,Kokrajhar,205.0,1034.25390625,829.25390625
2025-11-17,Kolar,933.0,1014.5283203125,81.5283203125
2025-11-17,Kolasib,39.0,-558.0751953125,597.0751953125
2025-11-17,Kolhapur,3971.0,6133.3017578125,2162.3017578125
2025-11-17,Kolkata,1237.0,1086.69482421875,150.30517578125
2025-11-17,Kollam,1443.0,1173.1904296875,269.8095703125
2025-11-17,Koppal,691.0,1104.66357421875,413.66357421875
2025-11-17,Koraput,1144.0,1369.7685546875,225.7685546875
2025-11-17,Korba,973.0,3156.1494140625,2183.1494140625
2025-11-17,Koriya,607.0,922.91943359375,315.91943359375
2025-11-17,Kota,1217.0,1090.14013671875,126.85986328125
2025-11-17,Kottayam,894.0,328.8955078125,565.1044921875
2025-11-17,Kozhikode,2923.0,2185.84814453125,737.15185546875
2025-11-17,Krishna,4769.0,6123.8857421875,1354.8857421875
2025-11-17,Krishnagiri,2109.0,2994.0556640625,885.0556640625
2025-11-17,Kulgam,231.0,158.8125,72.1875
2025-11-17,Kullu,462.0,62.7021484375,399.2978515625
2025-11-17,Kupwara,614.0,1359.0048828125,745.0048828125
2025-11-17,Kurnool,5171.0,11566.494140625,6395.494140625
2025-11-17,Kurukshetra,1032.0,1923.50244140625,891.50244140625
2025-11-17,Kurung Kumey,89.0,1106.2021484375,1017.2021484375
2025-11-17,Kushinagar,3276.0,2971.1337890625,304.8662109375
2025-11-17,Lakhimpur,188.0,817.04052734375,629.04052734375
2025-11-17,Lakhisarai,605.0,809.44970703125,204.44970703125
2025-11-17,Lakshadweep,0.0,68.8623046875,68.8623046875
2025-11-17,Lalitpur,1278.0,1870.75732421875,592.75732421875
2025-11-17,Latehar,547.0,771.0712890625,224.0712890625
2025-11-17,Latur,3672.0,6096.90625,2424.90625
2025-11-17,Lawangtlai,0.0,308.9365234375,308.9365234375
2025-11-17,Leh (Ladakh),0.0,301.673828125,301.673828125
2025-11-17,Lohardaga,251.0,377.841796875,126.841796875
2025-11-17,Lohit,52.0,-1468.189453125,1520.189453125
2025-11-17,Longleng,20.0,-83.009765625,103.009765625
2025-11-17,Lower Dibang Valley,65.0,170.4423828125,105.4423828125
2025-11-17,Lower Subansiri,20.0,667.1044921875,647.1044921875
2025-11-17,Lucknow,4020.0,3912.44970703125,107.55029296875
2025-11-17,Ludhiana,2188.0,2297.26171875,109.26171875
2025-11-17,Lunglei,100.0,-568.6884765625,668.6884765625
2025-11-17,Madhepura,909.0,1740.7607421875,831.7607421875
2025-11-17,Madhubani,2587.0,3622.248046875,1035.248046875
2025-11-17,Madurai,3005.0,5522.90185546875,2517.90185546875
2025-11-17,Maharajganj,2039.0,2295.45166015625,256.45166015625
2025-11-17,Mahasamund,713.0,2879.2001953125,2166.2001953125
2025-11-17,Mahbubnagar,0.0,-12.0458984375,12.0458984375
2025-11-17,Mahendragarh,889.0,1870.84130859375,981.84130859375
2025-11-17,Mahesana,1447.0,-101.3857421875,1548.3857421875
2025-11-17,Mahoba,948.0,1394.69384765625,446.69384765625
2025-11-17,Mainpuri,1456.0,1511.125,55.125
2025-11-17,Malappuram,3227.0,3478.5703125,251.5703125
2025-11-17,Maldah,0.0,223.2158203125,223.2158203125
2025-11-17,Malkangiri,448.0,1028.18505859375,580.18505859375
2025-11-17,Mamit,24.0,-680.1181640625,704.1181640625
2025-11-17,Mandi,1092.0,723.6796875,368.3203125
2025-11-17,Mandla,455.0,1254.97509765625,799.97509765625
2025-11-17,Mandsaur,849.0,1257.3974609375,408.3974609375
2025-11-17,Mandya,1154.0,1190.11083984375,36.11083984375
2025-11-17,Mansa,736.0,1293.48828125,557.48828125
2025-11-17,Marigaon,195.0,1180.99609375,985.99609375
2025-11-17,Mathura,2286.0,2414.52880859375,128.52880859375
2025-11-17,Mau,1682.0,2181.12353515625,499.12353515625
2025-11-17,Mayurbhanj,2299.0,4087.00732421875,1788.00732421875
2025-11-17,Medak,2303.0,6963.86474609375,4660.86474609375
2025-11-17,Meerut,3926.0,3643.24560546875,282.75439453125
2025-11-17,Mirzapur,1770.0,2512.60498046875,742.60498046875
2025-11-17,Moga,526.0,1231.4853515625,705.4853515625
2025-11-17,Mokokchung,136.0,-64.0068359375,200.0068359375
2025-11-17,Mon,224.0,470.517578125,246.517578125
2025-11-17,Moradabad,4046.0,3399.58740234375,646.41259765625
2025-11-17,Morena,1447.0,1981.30859375,534.30859375
2025-11-17,Muktsar,0.0,229.541015625,229.541015625
2025-11-17,Mumbai,12231.0,16042.015625,3811.015625
2025-11-17,Munger,543.0,649.65234375,106.65234375
2025-11-17,Murshidabad,2880.0,4581.65283203125,1701.65283203125
2025-11-17,Muzaffarnagar,2832.0,3182.1640625,350.1640625
2025-11-17,Muzaffarpur,2258.0,2717.455078125,459.455078125
2025-11-17,Nabarangapur,0.0,55.140625,55.140625
2025-11-17,Nadia,1550.0,1873.7080078125,323.7080078125
2025-11-17,Nagaon,1198.0,4358.4775390625,3160.4775390625
2025-11-17,Nagappattinam,0.0,11.232421875,11.232421875
2025-11-17,Nagaur,2740.0,2890.3779296875,150.3779296875
2025-11-17,Nagpur,7164.0,9606.5947265625,2442.5947265625
2025-11-17,Nainital,1786.0,885.8408203125,900.1591796875
2025-11-17,Nalanda,1142.0,1735.50537109375,593.50537109375
2025-11-17,Nalbari,137.0,-244.4521484375,381.4521484375
2025-11-17,Nalgonda,2662.0,6716.8681640625,4054.8681640625
2025-11-17,Namakkal,1806.0,3239.52734375,1433.52734375
2025-11-17,Nanded,5336.0,10726.10546875,5390.10546875
2025-11-17,Nandurbar,2291.0,6648.45703125,4357.45703125
2025-11-17,Narayanpur,128.0,1759.59521484375,1631.59521484375
2025-11-17,Narmada,377.0,138.3896484375,238.6103515625
2025-11-17,Nashik,12240.0,14292.6435546875,2052.6435546875
2025-11-17,Navsari,818.0,-179.4072265625,997.4072265625
2025-11-17,Nawada,617.0,1066.814453125,449.814453125
2025-11-17,Nayagarh,1007.0,815.24072265625,191.75927734375
2025-11-17,Neemuch,591.0,319.291015625,271.708984375
2025-11-17,New Delhi,49.0,447.7646484375,398.7646484375
2025-11-17,Nicobar,0.0,-945.298828125,945.298828125
2025-11-17,Nizamabad,2330.0,4704.55322265625,2374.55322265625
2025-11-17,North,0.0,243.771484375,243.771484375
2025-11-17,North & Middle Andaman,0.0,-856.279296875,856.279296875
2025-11-17,North 24 Parganas,2992.0,3742.50537109375,750.50537109375
2025-11-17,North Goa,645.0,622.51171875,22.48828125
2025-11-17,North Tripura,852.0,994.31298828125,142.31298828125
2025-11-17,Nuapada,540.0,1484.53515625,944.53515625
2025-11-17,Pakur,126.0,-222.1064453125,348.1064453125
2025-11-17,Palakkad,1878.0,1760.732421875,117.267578125
2025-11-17,Palamu,1689.0,909.314453125,779.685546875
2025-11-17,Pali,2243.0,2090.3154296875,152.6845703125
2025-11-17,Palwal,862.0,2263.10986328125,1401.10986328125
2025-11-17,Panch Mahals,0.0,161.5498046875,161.5498046875
2025-11-17,Panchkula,531.0,775.05419921875,244.05419921875
2025-11-17,Panipat,1134.0,1881.38427734375,747.38427734375
2025-11-17,Panna,821.0,1967.361328125,1146.361328125
2025-11-17,Papum Pare,90.0,417.6953125,327.6953125
2025-11-17,Parbhani,3210.0,4869.05322265625,1659.05322265625
2025-11-17,Pashchim Champaran,6200.0,7997.0224609375,1797.0224609375
2025-11-17,Pashchim Medinipur,0.0,198.42578125,198.42578125
2025-11-17,Pashchimi Singhbhum,3054.0,2894.63134765625,159.36865234375
2025-11-17,Patan,873.0,241.5478515625,631.4521484375
2025-11-17,Pathanamthitta,768.0,21.1796875,746.8203125
2025-11-17,Patiala,1168.0,1855.37158203125,687.37158203125
2025-11-17,Patna,2259.0,2293.5419921875,34.5419921875
2025-11-17,Perambalur,759.0,1955.9892578125,1196.9892578125
2025-11-17,Peren,54.0,652.8349609375,598.8349609375
2025-11-17,Phek,72.0,-73.921875,145.921875
2025-11-17,Pilibhit,2228.0,2770.07568359375,542.07568359375
2025-11-17,Pithoragarh,639.0,157.4248046875,481.5751953125
2025-11-17,Porbandar,225.0,-335.1455078125,560.1455078125
2025-11-17,Prakasam,3597.0,5713.50634765625,2116.50634765625
2025-11-17,Pratapgarh,2546.0,3241.2568359375,695.2568359375
2025-11-17,Puducherry,943.0,24.6416015625,918.3583984375
2025-11-17,Pudukkottai,1804.0,4041.66259765625,2237.66259765625
2025-11-17,Pulwama,912.0,98.7939453125,813.2060546875
2025-11-17,Punch,823.0,1711.10546875,888.10546875
2025-11-17,Pune,11606.0,12944.728515625,1338.728515625
2025-11-17,Purba Champaran,9.0,-512.05859375,521.05859375
2025-11-17,Purba Medinipur,1938.0,3168.4921875,1230.4921875
2025-11-17,Purbi Singhbhum,321.0,155.498046875,165.501953125
2025-11-17,Puri,1546.0,1007.3486328125,538.6513671875
2025-11-17,Puruliya,0.0,177.23828125,177.23828125
2025-11-17,Rae Bareli,1799.0,2712.5048828125,913.5048828125
2025-11-17,Raichur,1608.0,3341.0380859375,1733.0380859375
2025-11-17,Raigarh,2085.0,6184.5361328125,4099.5361328125
2025-11-17,Raipur,2539.0,2780.43896484375,241.43896484375
2025-11-17,Raisen,955.0,2170.4638671875,1215.4638671875
2025-11-17,Rajgarh,1407.0,2266.43359375,859.43359375
2025-11-17,Rajkot,2102.0,706.244140625,1395.755859375
2025-11-17,Rajnandgaon,1467.0,4157.0927734375,2690.0927734375
2025-11-17,Rajouri,1069.0,963.3310546875,105.6689453125
2025-11-17,Rajsamand,941.0,459.318359375,481.681640625
2025-11-17,Ramanagara,0.0,-14.2158203125,14.2158203125
2025-11-17,Ramanathapuram,1211.0,3046.4404296875,1835.4404296875
2025-11-17,Ramban,769.0,369.265625,399.734375
2025-11-17,Ramgarh,568.0,-54.1123046875,622.1123046875
2025-11-17,Ranchi,1910.0,1819.17626953125,90.82373046875
2025-11-17,Rangareddy,0.0,-6.3212890625,6.3212890625
2025-11-17,Ratlam,1244.0,2258.90869140625,1014.90869140625
2025-11-17,Ratnagiri,3167.0,4180.51220703125,1013.51220703125
2025-11-17,Rayagada,710.0,939.59912109375,229.59912109375
2025-11-17,Reasi,230.0,175.35546875,54.64453125
2025-11-17,Rewa,1769.0,3447.7294921875,1678.7294921875
2025-11-17,Rewari,603.0,1046.794921875,443.794921875
2025-11-17,Ri Bhoi,37.0,538.9697265625,501.9697265625
2025-11-17,Rohtak,888.0,1652.77392578125,764.77392578125
2025-11-17,Rohtas,1377.0,1804.51806640625,427.51806640625
2025-11-17,Rudraprayag,1117.0,111.197265625,1005.802734375
2025-11-17,Rupnagar,699.0,482.7353515625,216.2646484375
2025-11-17,Sabar Kantha,0.0,177.6435546875,177.6435546875
2025-11-17,Sagar,0.0,113.279296875,113.279296875
2025-11-17,Saharanpur,3625.0,4202.27197265625,577.27197265625
2025-11-17,Saharsa,1041.0,2319.15087890625,1278.15087890625
2025-11-17,Sahibganj,792.0,538.7138671875,253.2861328125
2025-11-17,Sahibzada Ajit Singh Nagar,695.0,57.744140625,637.255859375
2025-11-17,Saiha,42.0,805.99072265625,763.99072265625
2025-11-17,Salem,3916.0,4562.35791015625,646.35791015625
2025-11-17,Samastipur,2172.0,2258.8505859375,86.8505859375
2025-11-17,Samba,215.0,-272.9091796875,487.9091796875
2025-11-17,Sambalpur,799.0,1257.71484375,458.71484375
2025-11-17,Sangli,4730.0,3766.5546875,963.4453125
2025-11-17,Sangrur,1132.0,1233.3994140625,101.3994140625
2025-11-17,Sant Kabir Nagar,1632.0,2475.13818359375,843.13818359375
2025-11-17,Sant Ravi Das Nagar(Bhadohi),0.0,122.3857421875,122.3857421875
2025-11-17,Saraikela-Kharsawan,0.0,160.091796875,160.091796875
2025-11-17,Satara,3727.0,4258.2138671875,531.2138671875
2025-11-17,Satna,1901.0,3622.72705078125,1721.72705078125
2025-11-17,Sawai Madhopur,1081.0,1225.74755859375,144.74755859375
2025-11-17,Sehore,1010.0,1566.42626953125,556.42626953125
2025-11-17,Senapati,548.0,495.8759765625,52.1240234375
2025-11-17,Seoni,838.0,1580.15087890625,742.15087890625
2025-11-17,Serchhip,25.0,-83.8447265625,108.8447265625
2025-11-17,Shahdol,677.0,1148.81005859375,471.81005859375
2025-11-17,Shahid Bhagat Singh Nagar,682.0,-19.5654296875,701.5654296875
2025-11-17,Shahjahanpur,2839.0,3147.0849609375,308.0849609375
2025-11-17,Shajapur,1014.0,1332.04345703125,318.04345703125
2025-11-17,Sheikhpura,445.0,402.2890625,42.7109375
2025-11-17,Sheohar,363.0,821.23046875,458.23046875
2025-11-17,Sheopur,485.0,1274.69140625,789.69140625
2025-11-17,Shimla,806.0,608.5283203125,197.4716796875
2025-11-17,Shivpuri,1369.0,1497.91455078125,128.91455078125
2025-11-17,Siddharth Nagar,2226.0,2390.62841796875,164.62841796875
2025-11-17,Sidhi,657.0,1824.69677734375,1167.69677734375
2025-11-17,Sikar,1709.0,1800.37109375,91.37109375
2025-11-17,Simdega,539.0,1369.13134765625,830.13134765625
2025-11-17,Sindhudurg,1161.0,763.01953125,397.98046875
2025-11-17,Singrauli,767.0,1721.0341796875,954.0341796875
2025-11-17,Sirmaur,424.0,342.419921875,81.580078125
2025-11-17,Sirohi,1140.0,1170.89208984375,30.89208984375
2025-11-17,Sirsa,1177.0,2524.47216796875,1347.47216796875
2025-11-17,Sitamarhi,2228.0,2611.76171875,383.76171875
2025-11-17,Sitapur,4053.0,3718.15380859375,334.84619140625
2025-11-17,Sivaganga,1537.0,1922.28271484375,385.28271484375
2025-11-17,Sivasagar,95.0,-73.115234375,168.115234375
2025-11-17,Siwan,1715.0,2081.28955078125,366.28955078125
2025-11-17,Solan,447.0,440.84375,6.15625
2025-11-17,Solapur,5615.0,5692.28857421875,77.28857421875
2025-11-17,Sonbhadra,1280.0,1478.27001953125,198.27001953125
2025-11-17,Sonipat,1200.0,2008.98583984375,808.98583984375
2025-11-17,Sonitpur,275.0,628.1611328125,353.1611328125
2025-11-17,South,0.0,200.26171875,200.26171875
2025-11-17,South 24 Parganas,2694.0,6621.4326171875,3927.4326171875
2025-11-17,South Andaman,0.0,-785.8388671875,785.8388671875
2025-11-17,South Garo Hills,3.0,-153.5380859375,156.5380859375
2025-11-17,South Goa,491.0,286.439453125,204.560546875
2025-11-17,South Tripura,932.0,1559.04345703125,627.04345703125
2025-11-17,Sri Potti Sriramulu Nellore,2967.0,5004.083984375,2037.083984375
2025-11-17,Srikakulam,2796.0,5795.5244140625,2999.5244140625
2025-11-17,Srinagar,1172.0,1761.76513671875,589.76513671875
2025-11-17,Subarnapur,486.0,172.10546875,313.89453125
2025-11-17,Sultanpur,1855.0,2587.037109375,732.037109375
2025-11-17,Sundargarh,1141.0,1142.69482421875,1.69482421875
2025-11-17,Supaul,821.0,2071.39794921875,1250.39794921875
2025-11-17,Surat,4568.0,2803.8857421875,1764.1142578125
2025-11-17,Surendranagar,1106.0,46.0107421875,1059.9892578125
2025-11-17,Surguja,865.0,1859.15869140625,994.15869140625
2025-11-17,Tamenglong,140.0,187.89453125,47.89453125
2025-11-17,Tapi,564.0,-191.7177734375,755.7177734375
2025-11-17,Tarn Taran,719.0,933.4189453125,214.4189453125
2025-11-17,Tawang,30.0,-964.1337890625,994.1337890625
2025-11-17,Tehri Garhwal,1873.0,877.33251953125,995.66748046875
2025-11-17,Thane,11184.0,14818.2451171875,3634.2451171875
2025-11-17,Thanjavur,2551.0,3673.48681640625,1122.48681640625
2025-11-17,The Dangs,0.0,149.138671875,149.138671875
2025-11-17,The Nilgiris,634.0,171.8828125,462.1171875
2025-11-17,Theni,1125.0,2032.52978515625,907.52978515625
2025-11-17,Thiruvallur,0.0,-11.5615234375,11.5615234375
2025-11-17,Thiruvananthapuram,1555.0,1687.48193359375,132.48193359375
2025-11-17,Thiruvarur,0.0,11.79296875,11.79296875
2025-11-17,Thoothukkudi,0.0,46.580078125,46.580078125
2025-11-17,Thoubal,1021.0,2922.6552734375,1901.6552734375
2025-11-17,Thrissur,1486.0,1722.84814453125,236.84814453125
2025-11-17,Tikamgarh,1224.0,2062.88916015625,838.88916015625
2025-11-17,Tinsukia,174.0,10.908203125,163.091796875
2025-11-17,Tirap,24.0,-1277.8193359375,1301.8193359375
2025-11-17,Tiruchirappalli,2709.0,6134.56005859375,3425.56005859375
2025-11-17,Tirunelveli,3981.0,7398.7041015625,3417.7041015625
2025-11-17,Tiruppur,2167.0,4040.49951171875,1873.49951171875
2025-11-17,Tiruvannamalai,1811.0,4123.455078125,2312.455078125
2025-11-17,Tonk,1088.0,1229.95849609375,141.95849609375
2025-11-17,Tuensang,74.0,-41.8779296875,115.8779296875
2025-11-17,Tumkur,0.0,-13.6875,13.6875
2025-11-17,Udaipur,2985.0,2346.841796875,638.158203125
2025-11-17,Udalguri,128.0,485.337890625,357.337890625
2025-11-17,Udham Singh Nagar,4168.0,3599.3857421875,568.6142578125
2025-11-17,Udhampur,638.0,1.6728515625,636.3271484375
2025-11-17,Udupi,537.0,-101.7294921875,638.7294921875
2025-11-17,Ujjain,2252.0,2964.302734375,712.302734375
2025-11-17,Ukhrul,373.0,478.8876953125,105.8876953125
2025-11-17,Umaria,359.0,1327.2431640625,968.2431640625
2025-11-17,Una,367.0,58.40625,308.59375
2025-11-17,Unnao,2266.0,2396.1796875,130.1796875
2025-11-17,Upper Siang,33.0,-247.23046875,280.23046875
2025-11-17,Upper Subansiri,64.0,409.8330078125,345.8330078125
2025-11-17,Uttar Bastar Kanker,0.0,54.5068359375,54.5068359375
2025-11-17,Uttara Kannada,719.0,-33.3544921875,752.3544921875
2025-11-17,Uttarkashi,721.0,470.6826171875,250.3173828125
2025-11-17,Vadodara,3595.0,1214.86767578125,2380.13232421875
2025-11-17,Vaishali,1792.0,2245.359375,453.359375
2025-11-17,Valsad,1235.0,388.6484375,846.3515625
2025-11-17,Varanasi,3314.0,3287.84228515625,26.15771484375
2025-11-17,Vellore,3347.0,5882.34375,2535.34375
2025-11-17,Vidisha,1763.0,2572.10205078125,809.10205078125
2025-11-17,Viluppuram,3403.0,7135.892578125,3732.892578125
2025-11-17,Virudunagar,0.0,24.609375,24.609375
2025-11-17,Visakhapatnam,4948.0,6819.12890625,1871.12890625
2025-11-17,Vizianagaram,2645.0,4126.859375,1481.859375
2025-11-17,Warangal,2132.0,4574.96875,2442.96875
2025-11-17,Wardha,2950.0,4368.82861328125,1418.82861328125
2025-11-17,Washim,3229.0,3997.83935546875,768.83935546875
2025-11-17,Wayanad,449.0,564.4462890625,115.4462890625
2025-11-17,West,0.0,223.2548828125,223.2548828125
2025-11-17,West Garo Hills,175.0,304.5361328125,129.5361328125
2025-11-17,West Godavari,3916.0,6548.0830078125,2632.0830078125
2025-11-17,West Kameng,86.0,-1444.197265625,1530.197265625
2025-11-17,West Khasi Hills,23.0,804.48046875,781.48046875
2025-11-17,West Tripura,1350.0,1844.60693359375,494.60693359375
2025-11-17,Wokha,44.0,308.474609375,264.474609375
2025-11-17,Yadgir,805.0,947.13916015625,142.13916015625
2025-11-17,Yamunanagar,1586.0,1678.48095703125,92.48095703125
2025-11-17,Yanam,7.0,-1250.1396484375,1257.1396484375
2025-11-17,Yavatmal,7506.0,10314.4599609375,2808.4599609375
2025-11-17,Zunheboto,52.0,-145.74609375,197.74609375
2025-11-24,Adilabad,1260.0,4491.40380859375,3231.40380859375
2025-11-24,Agra,0.0,15.28125,15.28125
2025-11-24,Ahmadabad,0.0,114.015625,114.015625
2025-11-24,Ahmadnagar,0.0,-28.1875,28.1875
2025-11-24,Aizawl,265.0,-437.751953125,702.751953125
2025-11-24,Ajmer,1241.0,2618.99658203125,1377.99658203125
2025-11-24,Akola,1014.0,8685.576171875,7671.576171875
2025-11-24,Alappuzha,638.0,695.5771484375,57.5771484375
2025-11-24,Aligarh,1991.0,4142.81640625,2151.81640625
2025-11-24,Alirajpur,191.0,1130.404296875,939.404296875
2025-11-24,Almora,503.0,-214.9931640625,717.9931640625
2025-11-24,Alwar,1816.0,4304.47509765625,2488.47509765625
2025-11-24,Ambala,651.0,1684.24267578125,1033.24267578125
2025-11-24,Ambedkar Nagar,996.0,2386.24462890625,1390.24462890625
2025-11-24,Amravati,2038.0,15560.80078125,13522.80078125
2025-11-24,Amreli,282.0,756.421875,474.421875
2025-11-24,Amritsar,801.0,2470.36962890625,1669.36962890625
2025-11-24,Anand,488.0,670.453125,182.453125
2025-11-24,Anantnag,570.0,667.2734375,97.2734375
2025-11-24,Anjaw,17.0,174.765625,157.765625
2025-11-24,Anugul,318.0,551.1171875,233.1171875
2025-11-24,Anuppur,176.0,889.5341796875,713.5341796875
2025-11-24,Araria,984.0,3432.5224609375,2448.5224609375
2025-11-24,Ariyalur,281.0,1748.8232421875,1467.8232421875
2025-11-24,Arwal,228.0,1036.96142578125,808.96142578125
2025-11-24,Ashoknagar,1138.0,4558.33642578125,3420.33642578125
2025-11-24,Auraiya,546.0,1846.169921875,1300.169921875
2025-11-24,Aurangabad,799.0,2181.96484375,1382.96484375
2025-11-24,Azamgarh,1979.0,4159.75244140625,2180.75244140625
2025-11-24,Bagalkot,0.0,-122.2412109375,122.2412109375
2025-11-24,Bageshwar,378.0,69.1220703125,308.8779296875
2025-11-24,Baghpat,528.0,1369.53955078125,841.53955078125
2025-11-24,Bahraich,1894.0,3644.40771484375,1750.40771484375
2025-11-24,Baksa,230.0,184.0732421875,45.9267578125
2025-11-24,Balaghat,549.0,2321.73876953125,1772.73876953125
2025-11-24,Balangir,401.0,1572.28369140625,1171.28369140625
2025-11-24,Baleshwar,0.0,95.4501953125,95.4501953125
2025-11-24,Ballia,1078.0,3179.1796875,2101.1796875
2025-11-24,Balrampur,3319.0,6385.36328125,3066.36328125
2025-11-24,Banas Kantha,0.0,121.0576171875,121.0576171875
2025-11-24,Banda,870.0,2879.44091796875,2009.44091796875
2025-11-24,Banka,660.0,2002.14453125,1342.14453125
2025-11-24,Bankura,828.0,2332.4951171875,1504.4951171875
2025-11-24,Banswara,970.0,2772.80810546875,1802.80810546875
2025-11-24,Bara Banki,0.0,9.98046875,9.98046875
2025-11-24,Baramula,0.0,267.341796875,267.341796875
2025-11-24,Baran,669.0,2016.349609375,1347.349609375
2025-11-24,Barddhaman,0.0,116.7431640625,116.7431640625
2025-11-24,Bareilly,2368.0,5760.54248046875,3392.54248046875
2025-11-24,Bargarh,398.0,2202.17041015625,1804.17041015625
2025-11-24,Barmer,1850.0,4357.9599609375,2507.9599609375
2025-11-24,Barnala,146.0,753.3916015625,607.3916015625
2025-11-24,Barpeta,1594.0,3981.138671875,2387.138671875
2025-11-24,Barwani,168.0,2719.73681640625,2551.73681640625
2025-11-24,Bastar,1102.0,1921.3486328125,819.3486328125
2025-11-24,Basti,1818.0,3963.97705078125,2145.97705078125
2025-11-24,Bathinda,903.0,2045.37939453125,1142.37939453125
2025-11-24,Begusarai,1570.0,2201.80615234375,631.80615234375
2025-11-24,Betul,1263.0,3251.83544921875,1988.83544921875
2025-11-24,Bhadrak,451.0,1340.990234375,889.990234375
2025-11-24,Bhagalpur,1077.0,3341.298828125,2264.298828125
2025-11-24,Bhandara,612.0,5105.7626953125,4493.7626953125
2025-11-24,Bharatpur,1260.0,3279.70751953125,2019.70751953125
2025-11-24,Bharuch,603.0,528.9580078125,74.0419921875
2025-11-24,Bhavnagar,560.0,1666.96240234375,1106.96240234375
2025-11-24,Bhilwara,1415.0,3700.52734375,2285.52734375
2025-11-24,Bhind,460.0,2000.0009765625,1540.0009765625
2025-11-24,Bhiwani,967.0,2152.43994140625,1185.43994140625
2025-11-24,Bhojpur,664.0,1547.6845703125,883.6845703125
2025-11-24,Bhopal,1251.0,3695.02294921875,2444.02294921875
2025-11-24,Bidar,312.0,2563.59912109375,2251.59912109375
2025-11-24,Bijapur,107.0,891.8369140625,784.8369140625
2025-11-24,Bijnor,2417.0,5493.966796875,3076.966796875
2025-11-24,Bikaner,1295.0,2579.603515625,1284.603515625
2025-11-24,Bilaspur,2323.0,7612.013671875,5289.013671875
2025-11-24,Birbhum,785.0,3427.6669921875,2642.6669921875
2025-11-24,Bishnupur,174.0,2903.7197265625,2729.7197265625
2025-11-24,Bokaro,851.0,1566.0224609375,715.0224609375
2025-11-24,Bongaigaon,824.0,558.3876953125,265.6123046875
2025-11-24,Budaun,1194.0,2430.67333984375,1236.67333984375
2025-11-24,Bulandshahr,1892.0,3705.16748046875,1813.16748046875
2025-11-24,Buldana,0.0,-54.3525390625,54.3525390625
2025-11-24,Bundi,591.0,1279.955078125,688.955078125
2025-11-24,Burhanpur,497.0,1995.71533203125,1498.71533203125
2025-11-24,Buxar,368.0,941.28173828125,573.28173828125
2025-11-24,Cachar,0.0,233.91015625,233.91015625
2025-11-24,Central,0.0,55.17578125,55.17578125
2025-11-24,Chamba,634.0,725.8115234375,91.8115234375
2025-11-24,Chamoli,404.0,-156.439453125,560.439453125
2025-11-24,Champawat,400.0,642.6142578125,242.6142578125
2025-11-24,Champhai,36.0,-188.505859375,224.505859375
2025-11-24,Chamrajnagar,0.0,-126.23046875,126.23046875
2025-11-24,Chandauli,776.0,2261.40478515625,1485.40478515625
2025-11-24,Chandel,129.0,941.30712890625,812.30712890625
2025-11-24,Chandigarh,443.0,536.115234375,93.115234375
2025-11-24,Chandrapur,1720.0,10812.111328125,9092.111328125
2025-11-24,Changlang,175.0,-349.33984375,524.33984375
2025-11-24,Chatra,540.0,1753.11083984375,1213.11083984375
2025-11-24,Chennai,1220.0,6475.6484375,5255.6484375
2025-11-24,Chhatarpur,391.0,2876.302734375,2485.302734375
2025-11-24,Chhindwara,528.0,2669.64306640625,2141.64306640625
2025-11-24,Chikkaballapura,120.0,780.90478515625,660.90478515625
2025-11-24,Chikmagalur,0.0,-130.3232421875,130.3232421875
2025-11-24,Chirang,845.0,1085.10888671875,240.10888671875
2025-11-24,Chitradurga,231.0,877.97314453125,646.97314453125
2025-11-24,Chitrakoot,607.0,2566.919921875,1959.919921875
2025-11-24,Chittaurgarh,0.0,29.271484375,29.271484375
2025-11-24,Chittoor,3170.0,8284.6015625,5114.6015625
2025-11-24,Churachandpur,224.0,362.9423828125,138.9423828125
2025-11-24,Churu,1143.0,2899.04638671875,1756.04638671875
2025-11-24,Coimbatore,963.0,3830.6494140625,2867.6494140625
2025-11-24,Cuddalore,893.0,5872.36328125,4979.36328125
2025-11-24,Cuttack,527.0,2059.08544921875,1532.08544921875
2025-11-24,Dadra & Nagar Haveli,0.0,71.9189453125,71.9189453125
2025-11-24,Dakshin Bastar Dantewada,0.0,-104.7666015625,104.7666015625
2025-11-24,Dakshina Kannada,152.0,927.6650390625,775.6650390625
2025-11-24,Damoh,491.0,2424.6923828125,1933.6923828125
2025-11-24,Darbhanga,1755.0,4779.58154296875,3024.58154296875
2025-11-24,Darrang,426.0,1112.57080078125,686.57080078125
2025-11-24,Datia,142.0,1257.5439453125,1115.5439453125
2025-11-24,Dausa,921.0,2312.330078125,1391.330078125
2025-11-24,Davanagere,284.0,1359.59765625,1075.59765625
2025-11-24,Debagarh,123.0,722.5263671875,599.5263671875
2025-11-24,Dehradun,2063.0,2926.4169921875,863.4169921875
2025-11-24,Deoghar,505.0,1135.60205078125,630.60205078125
2025-11-24,Deoria,1116.0,3457.9619140625,2341.9619140625
2025-11-24,Dewas,779.0,2519.220703125,1740.220703125
2025-11-24,Dhalai,309.0,596.8134765625,287.8134765625
2025-11-24,Dhamtari,1230.0,2901.416015625,1671.416015625
2025-11-24,Dhanbad,1277.0,2235.10546875,958.10546875
2025-11-24,Dhar,702.0,2466.076171875,1764.076171875
2025-11-24,Dharmapuri,472.0,2945.42529296875,2473.42529296875
2025-11-24,Dharwad,163.0,1681.1181640625,1518.1181640625
2025-11-24,Dhemaji,346.0,745.6611328125,399.6611328125
2025-11-24,Dhenkanal,385.0,1177.095703125,792.095703125
2025-11-24,Dhubri,1015.0,1719.703125,704.703125
2025-11-24,Dhule,1718.0,7506.22412109375,5788.22412109375
2025-11-24,Dibang Valley,18.0,-719.6865234375,737.6865234375
2025-11-24,Dibrugarh,442.0,362.1767578125,79.8232421875
2025-11-24,Dima Hasao,192.0,-630.7041015625,822.7041015625
2025-11-24,Dimapur,490.0,1289.525390625,799.525390625
2025-11-24,Dindigul,724.0,4580.06640625,3856.06640625
2025-11-24,Dindori,146.0,1347.39990234375,1201.39990234375
2025-11-24,Diu,13.0,-746.359375,759.359375
2025-11-24,Doda,744.0,-220.44921875,964.44921875
2025-11-24,Dumka,557.0,1483.306640625,926.306640625
2025-11-24,Dungarpur,744.0,2583.60693359375,1839.60693359375
2025-11-24,Durg,3079.0,6656.51171875,3577.51171875
2025-11-24,East,0.0,138.33203125,138.33203125
2025-11-24,East Garo Hills,39.0,-68.1142578125,107.1142578125
2025-11-24,East Godavari,5424.0,7079.0625,1655.0625
2025-11-24,East Kameng,55.0,581.6796875,526.6796875
2025-11-24,East Khasi Hills,239.0,-41.390625,280.390625
2025-11-24,East Siang,304.0,-264.912109375,568.912109375
2025-11-24,Ernakulam,1507.0,1969.70263671875,462.70263671875
2025-11-24,Erode,733.0,5445.9345703125,4712.9345703125
2025-11-24,Etah,1084.0,1300.01220703125,216.01220703125
2025-11-24,Etawah,813.0,2249.86328125,1436.86328125
2025-11-24,Faridabad,1175.0,3267.14990234375,2092.14990234375
2025-11-24,Faridkot,157.0,1211.130859375,1054.130859375
2025-11-24,Farrukhabad,1197.0,1723.07275390625,526.07275390625
2025-11-24,Fatehabad,845.0,2119.23486328125,1274.23486328125
2025-11-24,Fatehgarh Sahib,261.0,289.666015625,28.666015625
2025-11-24,Fatehpur,2301.0,3928.9404296875,1627.9404296875
2025-11-24,Firozabad,1433.0,1804.857421875,371.857421875
2025-11-24,Gadag,100.0,523.8662109375,423.8662109375
2025-11-24,Gajapati,380.0,1231.904296875,851.904296875
2025-11-24,Ganderbal,506.0,71.0966796875,434.9033203125
2025-11-24,Gandhinagar,254.0,169.0654296875,84.9345703125
2025-11-24,Ganganagar,636.0,1605.513671875,969.513671875
2025-11-24,Ganjam,889.0,3294.67041015625,2405.67041015625
2025-11-24,Garhchiroli,0.0,-91.6396484375,91.6396484375
2025-11-24,Garhwa,778.0,2178.57470703125,1400.57470703125
2025-11-24,Gautam Buddha Nagar,1073.0,1880.3154296875,807.3154296875
2025-11-24,Gaya,1182.0,3396.783203125,2214.783203125
2025-11-24,Ghaziabad,2562.0,4224.27001953125,1662.27001953125
2025-11-24,Ghazipur,1081.0,3379.15771484375,2298.15771484375
2025-11-24,Giridih,895.0,2589.62548828125,1694.62548828125
2025-11-24,Goalpara,593.0,1368.8173828125,775.8173828125
2025-11-24,Godda,616.0,2188.22265625,1572.22265625
2025-11-24,Golaghat,630.0,-71.3818359375,701.3818359375
2025-11-24,Gonda,1730.0,3881.15966796875,2151.15966796875
2025-11-24,Gondiya,0.0,-64.9443359375,64.9443359375
2025-11-24,Gopalganj,519.0,2164.890625,1645.890625
2025-11-24,Gorakhpur,2057.0,4756.8759765625,2699.8759765625
2025-11-24,Gumla,612.0,1761.5693359375,1149.5693359375
2025-11-24,Guna,451.0,1316.1435546875,865.1435546875
2025-11-24,Guntur,3769.0,7549.8154296875,3780.8154296875
2025-11-24,Gurdaspur,377.0,2034.51220703125,1657.51220703125
2025-11-24,Gwalior,735.0,2545.97216796875,1810.97216796875
2025-11-24,Hailakandi,374.0,49.8232421875,324.1767578125
2025-11-24,Hamirpur,871.0,1527.87353515625,656.87353515625
2025-11-24,Hanumangarh,570.0,1828.9052734375,1258.9052734375
2025-11-24,Harda,132.0,1139.396484375,1007.396484375
2025-11-24,Hardoi,2518.0,4826.0634765625,2308.0634765625
2025-11-24,Hardwar,0.0,88.75390625,88.75390625
2025-11-24,Hassan,188.0,33.99609375,154.00390625
2025-11-24,Haveri,140.0,696.8095703125,556.8095703125
2025-11-24,Hazaribagh,716.0,723.3544921875,7.3544921875
2025-11-24,Hingoli,955.0,4372.90478515625,3417.90478515625
2025-11-24,Hisar,1225.0,3090.54296875,1865.54296875
2025-11-24,Hoshiarpur,410.0,1054.0810546875,644.0810546875
2025-11-24,Hyderabad,3074.0,10735.955078125,7661.955078125
2025-11-24,Idukki,420.0,157.0576171875,262.9423828125
2025-11-24,Imphal East,728.0,2973.736328125,2245.736328125
2025-11-24,Imphal West,750.0,4316.32470703125,3566.32470703125
2025-11-24,Indore,1569.0,4859.4267578125,3290.4267578125
2025-11-24,Jabalpur,1032.0,3866.57958984375,2834.57958984375
2025-11-24,Jagatsinghapur,389.0,403.1826171875,14.1826171875
2025-11-24,Jaintia Hills,0.0,223.1630859375,223.1630859375
2025-11-24,Jaipur,2634.0,7778.08251953125,5144.08251953125
2025-11-24,Jaisalmer,332.0,524.953125,192.953125
2025-11-24,Jajapur,0.0,72.689453125,72.689453125
2025-11-24,Jalandhar,1565.0,1825.35693359375,260.35693359375
2025-11-24,Jalaun,801.0,1882.6796875,1081.6796875
2025-11-24,Jalgaon,2666.0,18767.634765625,16101.634765625
2025-11-24,Jalna,1304.0,8708.15234375,7404.15234375
2025-11-24,Jalor,0.0,108.1337890625,108.1337890625
2025-11-24,Jalpaiguri,623.0,900.51513671875,277.51513671875
2025-11-24,Jammu,1735.0,2457.544921875,722.544921875
2025-11-24,Jamnagar,307.0,365.908203125,58.908203125
2025-11-24,Jamtara,289.0,1631.765625,1342.765625
2025-11-24,Jamui,360.0,2349.181640625,1989.181640625
2025-11-24,Janjgir-Champa,3019.0,5471.9052734375,2452.9052734375
2025-11-24,Jashpur,827.0,3281.47705078125,2454.47705078125
2025-11-24,Jaunpur,1871.0,5134.0126953125,3263.0126953125
2025-11-24,Jehanabad,314.0,790.06640625,476.06640625
2025-11-24,Jhabua,256.0,2086.26318359375,1830.26318359375
2025-11-24,Jhajjar,620.0,1367.4140625,747.4140625
2025-11-24,Jhalawar,647.0,2343.8330078125,1696.8330078125
2025-11-24,Jhansi,1412.0,2778.2939453125,1366.2939453125
2025-11-24,Jharsuguda,184.0,99.5400390625,84.4599609375
2025-11-24,Jhunjhunun,0.0,72.3212890625,72.3212890625
2025-11-24,Jind,1073.0,2844.29541015625,1771.29541015625
2025-11-24,Jodhpur,1420.0,3975.943359375,2555.943359375
2025-11-24,Jorhat,301.0,232.1181640625,68.8818359375
2025-11-24,Junagadh,375.0,1065.70068359375,690.70068359375
2025-11-24,Kachchh,848.0,714.8193359375,133.1806640625
2025-11-24,Kaimur (Bhabua),0.0,13.2841796875,13.2841796875
2025-11-24,Kaithal,709.0,2203.8740234375,1494.8740234375
2025-11-24,Kalahandi,341.0,2058.31396484375,1717.31396484375
2025-11-24,Kamrup,583.0,499.5185546875,83.4814453125
2025-11-24,Kancheepuram,0.0,-119.2509765625,119.2509765625
2025-11-24,Kandhamal,288.0,393.837890625,105.837890625
2025-11-24,Kangra,1521.0,1818.4404296875,297.4404296875
2025-11-24,Kannauj,836.0,2201.7177734375,1365.7177734375
2025-11-24,Kanniyakumari,0.0,-27.5302734375,27.5302734375
2025-11-24,Kannur,875.0,1913.18115234375,1038.18115234375
2025-11-24,Kanpur Dehat,719.0,2023.875,1304.875
2025-11-24,Kanpur Nagar,2236.0,4807.7509765625,2571.7509765625
2025-11-24,Kapurthala,307.0,479.22265625,172.22265625
2025-11-24,Karaikal,138.0,444.462890625,306.462890625
2025-11-24,Karauli,585.0,1903.919921875,1318.919921875
2025-11-24,Karbi Anglong,1635.0,799.58544921875,835.41455078125
2025-11-24,Kargil,43.0,-457.3359375,500.3359375
2025-11-24,Karimganj,712.0,678.771484375,33.228515625
2025-11-24,Karimnagar,1489.0,3946.03125,2457.03125
2025-11-24,Karnal,962.0,3041.52001953125,2079.52001953125
2025-11-24,Karur,372.0,1340.04638671875,968.04638671875
2025-11-24,Kasaragod,594.0,757.078125,163.078125
2025-11-24,Kathua,553.0,595.6259765625,42.6259765625
2025-11-24,Katihar,1938.0,5088.39501953125,3150.39501953125
2025-11-24,Katni,406.0,2389.6591796875,1983.6591796875
2025-11-24,Kaushambi,810.0,2339.49169921875,1529.49169921875
2025-11-24,Kendrapara,404.0,1318.34033203125,914.34033203125
2025-11-24,Kendujhar,435.0,1993.31689453125,1558.31689453125
2025-11-24,Khagaria,402.0,1437.31689453125,1035.31689453125
2025-11-24,Khammam,900.0,2508.29638671875,1608.29638671875
2025-11-24,Kheda,382.0,898.64013671875,516.64013671875
2025-11-24,Kheri,0.0,30.04296875,30.04296875
2025-11-24,Khordha,689.0,1136.1533203125,447.1533203125
2025-11-24,Khunti,375.0,1411.45068359375,1036.45068359375
2025-11-24,Kinnaur,69.0,51.5693359375,17.4306640625
2025-11-24,Kiphire,37.0,1232.45458984375,1195.45458984375
2025-11-24,Kishanganj,1117.0,5123.7578125,4006.7578125
2025-11-24,Kishtwar,228.0,1018.01025390625,790.01025390625
2025-11-24,Kodagu,51.0,-463.560546875,514.560546875
2025-11-24,Kodarma,299.0,759.5166015625,460.5166015625
2025-11-24,Kohima,133.0,-326.791015625,459.791015625
2025-11-24,Kokrajhar,377.0,789.53125,412.53125
2025-11-24,Kolar,160.0,1049.10205078125,889.10205078125
2025-11-24,Kolasib,34.0,-595.1650390625,629.1650390625
2025-11-24,Kolhapur,1355.0,8425.7626953125,7070.7626953125
2025-11-24,Kolkata,842.0,1440.7578125,598.7578125
2025-11-24,Kollam,891.0,1539.6044921875,648.6044921875
2025-11-24,Koppal,141.0,1180.318359375,1039.318359375
2025-11-24,Koraput,349.0,802.65087890625,453.65087890625
2025-11-24,Korba,798.0,3462.38427734375,2664.38427734375
2025-11-24,Koriya,382.0,1454.07177734375,1072.07177734375
2025-11-24,Kota,799.0,1876.447265625,1077.447265625
2025-11-24,Kottayam,551.0,388.5029296875,162.4970703125
2025-11-24,Kozhikode,1663.0,3153.6259765625,1490.6259765625
2025-11-24,Krishna,3433.0,6126.9052734375,2693.9052734375
2025-11-24,Krishnagiri,775.0,3360.279296875,2585.279296875
2025-11-24,Kulgam,279.0,23.2158203125,255.7841796875
2025-11-24,Kullu,354.0,75.94140625,278.05859375
2025-11-24,Kupwara,705.0,1125.7236328125,420.7236328125
2025-11-24,Kurnool,4132.0,9524.2412109375,5392.2412109375
2025-11-24,Kurukshetra,704.0,2390.46240234375,1686.46240234375
2025-11-24,Kurung Kumey,23.0,-706.8427734375,729.8427734375
2025-11-24,Kushinagar,1684.0,4092.83056640625,2408.83056640625
2025-11-24,Lakhimpur,482.0,409.3193359375,72.6806640625
2025-11-24,Lakhisarai,688.0,1043.3466796875,355.3466796875
2025-11-24,Lakshadweep,0.0,-18.8896484375,18.8896484375
2025-11-24,Lalitpur,891.0,2059.85205078125,1168.85205078125
2025-11-24,Latehar,332.0,911.5419921875,579.5419921875
2025-11-24,Latur,1428.0,8803.6669921875,7375.6669921875
2025-11-24,Lawangtlai,0.0,244.5458984375,244.5458984375
2025-11-24,Leh (Ladakh),0.0,253.201171875,253.201171875
2025-11-24,Lohardaga,233.0,609.4619140625,376.4619140625
2025-11-24,Lohit,112.0,-1673.8408203125,1785.8408203125
2025-11-24,Longleng,11.0,-255.712890625,266.712890625
2025-11-24,Lower Dibang Valley,51.0,-213.5068359375,264.5068359375
2025-11-24,Lower Subansiri,13.0,-172.4580078125,185.4580078125
2025-11-24,Lucknow,2137.0,4830.86181640625,2693.86181640625
2025-11-24,Ludhiana,1499.0,3009.49169921875,1510.49169921875
2025-11-24,Lunglei,43.0,-754.9990234375,797.9990234375
2025-11-24,Madhepura,992.0,2301.4208984375,1309.4208984375
2025-11-24,Madhubani,1730.0,5491.146484375,3761.146484375
2025-11-24,Madurai,1278.0,6632.5869140625,5354.5869140625
2025-11-24,Maharajganj,1253.0,2968.56787109375,1715.56787109375
2025-11-24,Mahasamund,1691.0,3379.64599609375,1688.64599609375
2025-11-24,Mahbubnagar,0.0,-158.02734375,158.02734375
2025-11-24,Mahendragarh,613.0,2118.43408203125,1505.43408203125
2025-11-24,Mahesana,441.0,687.0322265625,246.0322265625
2025-11-24,Mahoba,527.0,1304.8759765625,777.8759765625
2025-11-24,Mainpuri,1088.0,1785.39453125,697.39453125
2025-11-24,Malappuram,1600.0,5397.455078125,3797.455078125
2025-11-24,Maldah,0.0,124.4052734375,124.4052734375
2025-11-24,Malkangiri,391.0,470.615234375,79.615234375
2025-11-24,Mamit,62.0,-665.0537109375,727.0537109375
2025-11-24,Mandi,961.0,656.65625,304.34375
2025-11-24,Mandla,263.0,1198.513671875,935.513671875
2025-11-24,Mandsaur,261.0,1677.375,1416.375
2025-11-24,Mandya,223.0,1113.181640625,890.181640625
2025-11-24,Mansa,180.0,1198.59423828125,1018.59423828125
2025-11-24,Marigaon,425.0,901.74755859375,476.74755859375
2025-11-24,Mathura,1427.0,2503.525390625,1076.525390625
2025-11-24,Mau,732.0,2531.34423828125,1799.34423828125
2025-11-24,Mayurbhanj,943.0,3957.341796875,3014.341796875
2025-11-24,Medak,1537.0,5659.498046875,4122.498046875
2025-11-24,Meerut,2171.0,4780.5830078125,2609.5830078125
2025-11-24,Mirzapur,835.0,2847.20556640625,2012.20556640625
2025-11-24,Moga,207.0,1000.8740234375,793.8740234375
2025-11-24,Mokokchung,77.0,-267.1220703125,344.1220703125
2025-11-24,Mon,122.0,614.931640625,492.931640625
2025-11-24,Moradabad,1867.0,4551.0078125,2684.0078125
2025-11-24,Morena,196.0,2973.07421875,2777.07421875
2025-11-24,Muktsar,0.0,154.953125,154.953125
2025-11-24,Mumbai,6601.0,24504.5234375,17903.5234375
2025-11-24,Munger,419.0,1076.7158203125,657.7158203125
2025-11-24,Murshidabad,1505.0,5616.0263671875,4111.0263671875
2025-11-24,Muzaffarnagar,1410.0,3623.7060546875,2213.7060546875
2025-11-24,Muzaffarpur,1407.0,3239.4287109375,1832.4287109375
2025-11-24,Nabarangapur,0.0,-57.869140625,57.869140625
2025-11-24,Nadia,834.0,2422.04833984375,1588.04833984375
2025-11-24,Nagaon,1373.0,3550.64111328125,2177.64111328125
2025-11-24,Nagappattinam,0.0,-88.75,88.75
2025-11-24,Nagaur,1198.0,4182.21923828125,2984.21923828125
2025-11-24,Nagpur,2767.0,14594.759765625,11827.759765625
2025-11-24,Nainital,1262.0,903.49755859375,358.50244140625
2025-11-24,Nalanda,733.0,1849.24560546875,1116.24560546875
2025-11-24,Nalbari,380.0,-117.7626953125,497.7626953125
2025-11-24,Nalgonda,1508.0,5409.990234375,3901.990234375
2025-11-24,Namakkal,801.0,3899.5654296875,3098.5654296875
2025-11-24,Nanded,3119.0,15577.9697265625,12458.9697265625
2025-11-24,Nandurbar,1178.0,9020.90625,7842.90625
2025-11-24,Narayanpur,112.0,1620.9306640625,1508.9306640625
2025-11-24,Narmada,146.0,310.677734375,164.677734375
2025-11-24,Nashik,4795.0,27043.009765625,22248.009765625
2025-11-24,Navsari,389.0,137.4091796875,251.5908203125
2025-11-24,Nawada,432.0,1497.6845703125,1065.6845703125
2025-11-24,Nayagarh,314.0,282.2119140625,31.7880859375
2025-11-24,Neemuch,337.0,634.984375,297.984375
2025-11-24,New Delhi,30.0,283.853515625,253.853515625
2025-11-24,Nicobar,0.0,-945.298828125,945.298828125
2025-11-24,Nizamabad,1059.0,3904.8896484375,2845.8896484375
2025-11-24,North,0.0,154.3837890625,154.3837890625
2025-11-24,North & Middle Andaman,0.0,-856.279296875,856.279296875
2025-11-24,North 24 Parganas,1829.0,4714.02294921875,2885.02294921875
2025-11-24,North Goa,502.0,370.2431640625,131.7568359375
2025-11-24,North Tripura,949.0,872.63720703125,76.36279296875
2025-11-24,Nuapada,214.0,1286.1328125,1072.1328125
2025-11-24,Pakur,107.0,-438.1376953125,545.1376953125
2025-11-24,Palakkad,909.0,2283.6982421875,1374.6982421875
2025-11-24,Palamu,1085.0,1792.27392578125,707.27392578125
2025-11-24,Pali,1089.0,3199.81591796875,2110.81591796875
2025-11-24,Palwal,849.0,2641.7587890625,1792.7587890625
2025-11-24,Panch Mahals,0.0,53.0224609375,53.0224609375
2025-11-24,Panchkula,416.0,894.84033203125,478.84033203125
2025-11-24,Panipat,792.0,1939.05810546875,1147.05810546875
2025-11-24,Panna,159.0,2324.73486328125,2165.73486328125
2025-11-24,Papum Pare,65.0,502.423828125,437.423828125
2025-11-24,Parbhani,1435.0,6986.33544921875,5551.33544921875
2025-11-24,Pashchim Champaran,3797.0,11688.0029296875,7891.0029296875
2025-11-24,Pashchim Medinipur,0.0,109.0107421875,109.0107421875
2025-11-24,Pashchimi Singhbhum,2014.0,4651.58984375,2637.58984375
2025-11-24,Patan,364.0,767.5546875,403.5546875
2025-11-24,Pathanamthitta,370.0,43.130859375,326.869140625
2025-11-24,Patiala,1179.0,2194.0078125,1015.0078125
2025-11-24,Patna,1620.0,3086.94287109375,1466.94287109375
2025-11-24,Perambalur,262.0,1954.5224609375,1692.5224609375
2025-11-24,Peren,30.0,767.0087890625,737.0087890625
2025-11-24,Phek,52.0,-168.9541015625,220.9541015625
2025-11-24,Pilibhit,1089.0,3376.10986328125,2287.10986328125
2025-11-24,Pithoragarh,279.0,121.427734375,157.572265625
2025-11-24,Porbandar,95.0,51.4296875,43.5703125
2025-11-24,Prakasam,2755.0,5507.62255859375,2752.62255859375
2025-11-24,Pratapgarh,1406.0,4213.62109375,2807.62109375
2025-11-24,Puducherry,448.0,647.7978515625,199.7978515625
2025-11-24,Pudukkottai,807.0,4048.86572265625,3241.86572265625
2025-11-24,Pulwama,1370.0,-453.90234375,1823.90234375
2025-11-24,Punch,1321.0,1978.24853515625,657.24853515625
2025-11-24,Pune,4943.0,20980.08984375,16037.08984375
2025-11-24,Purba Champaran,7.0,-519.8408203125,526.8408203125
2025-11-24,Purba Medinipur,1452.0,3992.50390625,2540.50390625
2025-11-24,Purbi Singhbhum,192.0,321.8701171875,129.8701171875
2025-11-24,Puri,445.0,734.744140625,289.744140625
2025-11-24,Puruliya,0.0,78.10546875,78.10546875
2025-11-24,Rae Bareli,1079.0,2983.71826171875,1904.71826171875
2025-11-24,Raichur,257.0,3714.759765625,3457.759765625
2025-11-24,Raigarh,1526.0,6469.9990234375,4943.9990234375
2025-11-24,Raipur,1842.0,4433.767578125,2591.767578125
2025-11-24,Raisen,305.0,2637.2314453125,2332.2314453125
2025-11-24,Rajgarh,532.0,3071.66552734375,2539.66552734375
2025-11-24,Rajkot,768.0,1683.00146484375,915.00146484375
2025-11-24,Rajnandgaon,1730.0,5647.06396484375,3917.06396484375
2025-11-24,Rajouri,1537.0,1390.49853515625,146.50146484375
2025-11-24,Rajsamand,448.0,860.5703125,412.5703125
2025-11-24,Ramanagara,0.0,-136.7900390625,136.7900390625
2025-11-24,Ramanathapuram,488.0,2842.65673828125,2354.65673828125
2025-11-24,Ramban,1534.0,150.5439453125,1383.4560546875
2025-11-24,Ramgarh,374.0,176.115234375,197.884765625
2025-11-24,Ranchi,1350.0,2832.54052734375,1482.54052734375
2025-11-24,Rangareddy,0.0,-154.1875,154.1875
2025-11-24,Ratlam,888.0,3136.46826171875,2248.46826171875
2025-11-24,Ratnagiri,1664.0,6228.61376953125,4564.61376953125
2025-11-24,Rayagada,250.0,259.2744140625,9.2744140625
2025-11-24,Reasi,325.0,58.88671875,266.11328125
2025-11-24,Rewa,538.0,3894.64013671875,3356.64013671875
2025-11-24,Rewari,514.0,1162.646484375,648.646484375
2025-11-24,Ri Bhoi,38.0,-195.5361328125,233.5361328125
2025-11-24,Rohtak,665.0,1836.9619140625,1171.9619140625
2025-11-24,Rohtas,1136.0,2833.59423828125,1697.59423828125
2025-11-24,Rudraprayag,444.0,427.943359375,16.056640625
2025-11-24,Rupnagar,171.0,422.1337890625,251.1337890625
2025-11-24,Sabar Kantha,0.0,73.5546875,73.5546875
2025-11-24,Sagar,0.0,-39.716796875,39.716796875
2025-11-24,Saharanpur,2471.0,4897.802734375,2426.802734375
2025-11-24,Saharsa,747.0,2907.05517578125,2160.05517578125
2025-11-24,Sahibganj,529.0,1266.24755859375,737.24755859375
2025-11-24,Sahibzada Ajit Singh Nagar,279.0,51.103515625,227.896484375
2025-11-24,Saiha,24.0,-157.73046875,181.73046875
2025-11-24,Salem,1413.0,5911.60791015625,4498.60791015625
2025-11-24,Samastipur,1627.0,3133.38525390625,1506.38525390625
2025-11-24,Samba,285.0,-11.7119140625,296.7119140625
2025-11-24,Sambalpur,424.0,884.0712890625,460.0712890625
2025-11-24,Sangli,1933.0,7772.6103515625,5839.6103515625
2025-11-24,Sangrur,583.0,1634.97412109375,1051.97412109375
2025-11-24,Sant Kabir Nagar,1147.0,2874.1396484375,1727.1396484375
2025-11-24,Sant Ravi Das Nagar(Bhadohi),0.0,-6.5576171875,6.5576171875
2025-11-24,Saraikela-Kharsawan,0.0,60.6123046875,60.6123046875
2025-11-24,Satara,1691.0,6508.4033203125,4817.4033203125
2025-11-24,Satna,822.0,4502.33544921875,3680.33544921875
2025-11-24,Sawai Madhopur,616.0,1863.6015625,1247.6015625
2025-11-24,Sehore,399.0,2095.060546875,1696.060546875
2025-11-24,Senapati,470.0,875.68408203125,405.68408203125
2025-11-24,Seoni,508.0,1828.71875,1320.71875
2025-11-24,Serchhip,13.0,-830.0478515625,843.0478515625
2025-11-24,Shahdol,371.0,1619.2392578125,1248.2392578125
2025-11-24,Shahid Bhagat Singh Nagar,210.0,-60.2548828125,270.2548828125
2025-11-24,Shahjahanpur,1353.0,3823.8408203125,2470.8408203125
2025-11-24,Shajapur,370.0,1998.65380859375,1628.65380859375
2025-11-24,Sheikhpura,146.0,1078.17138671875,932.17138671875
2025-11-24,Sheohar,215.0,1134.1376953125,919.1376953125
2025-11-24,Sheopur,142.0,1638.83349609375,1496.83349609375
2025-11-24,Shimla,671.0,768.94140625,97.94140625
2025-11-24,Shivpuri,401.0,2281.6533203125,1880.6533203125
2025-11-24,Siddharth Nagar,1462.0,3072.7080078125,1610.7080078125
2025-11-24,Sidhi,308.0,1972.21240234375,1664.21240234375
2025-11-24,Sikar,654.0,2526.748046875,1872.748046875
2025-11-24,Simdega,410.0,1844.171875,1434.171875
2025-11-24,Sindhudurg,373.0,1122.04736328125,749.04736328125
2025-11-24,Singrauli,384.0,1771.689453125,1387.689453125
2025-11-24,Sirmaur,313.0,602.5830078125,289.5830078125
2025-11-24,Sirohi,597.0,1851.7255859375,1254.7255859375
2025-11-24,Sirsa,981.0,2929.03662109375,1948.03662109375
2025-11-24,Sitamarhi,1663.0,3944.40283203125,2281.40283203125
2025-11-24,Sitapur,2186.0,4930.111328125,2744.111328125
2025-11-24,Sivaganga,586.0,2585.53515625,1999.53515625
2025-11-24,Sivasagar,193.0,-136.62109375,329.62109375
2025-11-24,Siwan,723.0,2721.75537109375,1998.75537109375
2025-11-24,Solan,601.0,430.6025390625,170.3974609375
2025-11-24,Solapur,2481.0,9554.3935546875,7073.3935546875
2025-11-24,Sonbhadra,915.0,2005.47802734375,1090.47802734375
2025-11-24,Sonipat,682.0,2087.255859375,1405.255859375
2025-11-24,Sonitpur,384.0,417.73046875,33.73046875
2025-11-24,South,0.0,97.6318359375,97.6318359375
2025-11-24,South 24 Parganas,1602.0,7767.4609375,6165.4609375
2025-11-24,South Andaman,0.0,-785.8388671875,785.8388671875
2025-11-24,South Garo Hills,20.0,338.6806640625,318.6806640625
2025-11-24,South Goa,469.0,-90.6767578125,559.6767578125
2025-11-24,South Tripura,778.0,1750.60986328125,972.60986328125
2025-11-24,Sri Potti Sriramulu Nellore,2390.0,4569.7919921875,2179.7919921875
2025-11-24,Srikakulam,2450.0,4808.35693359375,2358.35693359375
2025-11-24,Srinagar,1980.0,1824.9228515625,155.0771484375
2025-11-24,Subarnapur,133.0,-53.2080078125,186.2080078125
2025-11-24,Sultanpur,1346.0,3187.6904296875,1841.6904296875
2025-11-24,Sundargarh,718.0,1003.2451171875,285.2451171875
2025-11-24,Supaul,718.0,2718.44384765625,2000.44384765625
2025-11-24,Surat,2755.0,6171.392578125,3416.392578125
2025-11-24,Surendranagar,408.0,496.6435546875,88.6435546875
2025-11-24,Surguja,785.0,2315.9609375,1530.9609375
2025-11-24,Tamenglong,60.0,610.4931640625,550.4931640625
2025-11-24,Tapi,289.0,136.35546875,152.64453125
2025-11-24,Tarn Taran,237.0,1014.0439453125,777.0439453125
2025-11-24,Tawang,67.0,-848.6796875,915.6796875
2025-11-24,Tehri Garhwal,945.0,1283.47412109375,338.47412109375
2025-11-24,Thane,6380.0,26187.42578125,19807.42578125
2025-11-24,Thanjavur,812.0,4345.857421875,3533.857421875
2025-11-24,The Dangs,0.0,51.634765625,51.634765625
2025-11-24,The Nilgiris,240.0,314.2841796875,74.2841796875
2025-11-24,Theni,395.0,2228.82373046875,1833.82373046875
2025-11-24,Thiruvallur,0.0,-127.4970703125,127.4970703125
2025-11-24,Thiruvananthapuram,838.0,1903.05712890625,1065.05712890625
2025-11-24,Thiruvarur,0.0,-88.05859375,88.05859375
2025-11-24,Thoothukkudi,0.0,-44.8310546875,44.8310546875
2025-11-24,Thoubal,540.0,3988.814453125,3448.814453125
2025-11-24,Thrissur,804.0,1894.072265625,1090.072265625
2025-11-24,Tikamgarh,508.0,2502.6015625,1994.6015625
2025-11-24,Tinsukia,208.0,144.0703125,63.9296875
2025-11-24,Tirap,23.0,-1211.63671875,1234.63671875
2025-11-24,Tiruchirappalli,1122.0,6851.10693359375,5729.10693359375
2025-11-24,Tirunelveli,1229.0,7879.75537109375,6650.75537109375
2025-11-24,Tiruppur,911.0,4591.55810546875,3680.55810546875
2025-11-24,Tiruvannamalai,756.0,4604.84375,3848.84375
2025-11-24,Tonk,550.0,2049.66162109375,1499.66162109375
2025-11-24,Tuensang,55.0,150.4658203125,95.4658203125
2025-11-24,Tumkur,0.0,-141.0107421875,141.0107421875
2025-11-24,Udaipur,1209.0,3950.9345703125,2741.9345703125
2025-11-24,Udalguri,206.0,187.2177734375,18.7822265625
2025-11-24,Udham Singh Nagar,2357.0,3976.60791015625,1619.60791015625
2025-11-24,Udhampur,544.0,296.2080078125,247.7919921875
2025-11-24,Udupi,75.0,-250.88671875,325.88671875
2025-11-24,Ujjain,975.0,4535.53759765625,3560.53759765625
2025-11-24,Ukhrul,182.0,1073.70947265625,891.70947265625
2025-11-24,Umaria,171.0,1397.05419921875,1226.05419921875
2025-11-24,Una,560.0,-495.373046875,1055.373046875
2025-11-24,Unnao,1315.0,3001.16552734375,1686.16552734375
2025-11-24,Upper Siang,129.0,546.158203125,417.158203125
2025-11-24,Upper Subansiri,30.0,94.2265625,64.2265625
2025-11-24,Uttar Bastar Kanker,0.0,-78.8388671875,78.8388671875
2025-11-24,Uttara Kannada,126.0,41.9345703125,84.0654296875
2025-11-24,Uttarkashi,397.0,286.326171875,110.673828125
2025-11-24,Vadodara,1247.0,2617.20849609375,1370.20849609375
2025-11-24,Vaishali,1263.0,2509.5419921875,1246.5419921875
2025-11-24,Valsad,539.0,916.755859375,377.755859375
2025-11-24,Varanasi,2004.0,4153.572265625,2149.572265625
2025-11-24,Vellore,1467.0,7893.7314453125,6426.7314453125
2025-11-24,Vidisha,848.0,3128.4755859375,2280.4755859375
2025-11-24,Viluppuram,1491.0,9162.3505859375,7671.3505859375
2025-11-24,Virudunagar,0.0,-70.2890625,70.2890625
2025-11-24,Visakhapatnam,4874.0,7358.244140625,2484.244140625
2025-11-24,Vizianagaram,2706.0,3552.00390625,846.00390625
2025-11-24,Warangal,1280.0,3896.990234375,2616.990234375
2025-11-24,Wardha,1236.0,6258.294921875,5022.294921875
2025-11-24,Washim,1713.0,6522.6318359375,4809.6318359375
2025-11-24,Wayanad,229.0,771.517578125,542.517578125
2025-11-24,West,0.0,125.677734375,125.677734375
2025-11-24,West Garo Hills,271.0,-20.0556640625,291.0556640625
2025-11-24,West Godavari,3559.0,5840.2041015625,2281.2041015625
2025-11-24,West Kameng,104.0,-528.8076171875,632.8076171875
2025-11-24,West Khasi Hills,63.0,1327.283203125,1264.283203125
2025-11-24,West Tripura,1073.0,1892.23974609375,819.23974609375
2025-11-24,Wokha,44.0,-244.8076171875,288.8076171875
2025-11-24,Yadgir,164.0,1043.71337890625,879.71337890625
2025-11-24,Yamunanagar,1032.0,2235.74951171875,1203.74951171875
2025-11-24,Yanam,11.0,-1136.2099609375,1147.2099609375
2025-11-24,Yavatmal,3132.0,18123.515625,14991.515625
2025-11-24,Zunheboto,135.0,-160.041015625,295.041015625
2025-12-01,Adilabad,5506.0,2441.80810546875,3064.19189453125
2025-12-01,Agra,0.0,-2.2880859375,2.2880859375
2025-12-01,Ahmadabad,0.0,116.09375,116.09375
2025-12-01,Ahmadnagar,0.0,-3.0234375,3.0234375
2025-12-01,Aizawl,1391.0,7.4052734375,1383.5947265625
2025-12-01,Ajmer,5713.0,3405.10791015625,2307.89208984375
2025-12-01,Akola,5711.0,7708.3701171875,1997.3701171875
2025-12-01,Alappuzha,2812.0,659.6083984375,2152.3916015625
2025-12-01,Aligarh,7970.0,4141.767578125,3828.232421875
2025-12-01,Alirajpur,1792.0,1186.3310546875,605.6689453125
2025-12-01,Almora,2357.0,-51.7236328125,2408.7236328125
2025-12-01,Alwar,9134.0,5226.61279296875,3907.38720703125
2025-12-01,Ambala,2371.0,1694.85400390625,676.14599609375
2025-12-01,Ambedkar Nagar,3798.0,2508.60595703125,1289.39404296875
2025-12-01,Amravati,12384.0,14304.990234375,1920.990234375
2025-12-01,Amreli,2276.0,515.990234375,1760.009765625
2025-12-01,Amritsar,5001.0,2346.66259765625,2654.33740234375
2025-12-01,Anand,3893.0,797.23583984375,3095.76416015625
2025-12-01,Anantnag,1758.0,1136.1728515625,621.8271484375
2025-12-01,Anjaw,70.0,-756.041015625,826.041015625
2025-12-01,Anugul,2345.0,274.865234375,2070.134765625
2025-12-01,Anuppur,2243.0,653.689453125,1589.310546875
2025-12-01,Araria,4963.0,3000.298828125,1962.701171875
2025-12-01,Ariyalur,2163.0,1429.50048828125,733.49951171875
2025-12-01,Arwal,1335.0,921.49658203125,413.50341796875
2025-12-01,Ashoknagar,8720.0,4076.82275390625,4643.17724609375
2025-12-01,Auraiya,2306.0,1994.85546875,311.14453125
2025-12-01,Aurangabad,3385.0,2226.52197265625,1158.47802734375
2025-12-01,Azamgarh,7644.0,5320.37060546875,2323.62939453125
2025-12-01,Bagalkot,0.0,-80.220703125,80.220703125
2025-12-01,Bageshwar,1278.0,602.203125,675.796875
2025-12-01,Baghpat,2243.0,1541.26416015625,701.73583984375
2025-12-01,Bahraich,8340.0,3941.03662109375,4398.96337890625
2025-12-01,Baksa,521.0,232.8076171875,288.1923828125
2025-12-01,Balaghat,8200.0,2362.32177734375,5837.67822265625
2025-12-01,Balangir,3167.0,816.5634765625,2350.4365234375
2025-12-01,Baleshwar,0.0,132.03125,132.03125
2025-12-01,Ballia,4169.0,3884.77099609375,284.22900390625
2025-12-01,Balrampur,11551.0,6805.50244140625,4745.49755859375
2025-12-01,Banas Kantha,0.0,119.02734375,119.02734375
2025-12-01,Banda,3831.0,2734.11767578125,1096.88232421875
2025-12-01,Banka,3471.0,1907.29052734375,1563.70947265625
2025-12-01,Bankura,3799.0,2358.806640625,1440.193359375
2025-12-01,Banswara,4036.0,3175.0966796875,860.9033203125
2025-12-01,Bara Banki,0.0,-2.0791015625,2.0791015625
2025-12-01,Baramula,0.0,253.724609375,253.724609375
2025-12-01,Baran,4044.0,2460.36083984375,1583.63916015625
2025-12-01,Barddhaman,0.0,133.58203125,133.58203125
2025-12-01,Bareilly,9591.0,6654.7333984375,2936.2666015625
2025-12-01,Bargarh,2755.0,1569.77783203125,1185.22216796875
2025-12-01,Barmer,7749.0,5535.80078125,2213.19921875
2025-12-01,Barnala,1538.0,944.0126953125,593.9873046875
2025-12-01,Barpeta,3198.0,2804.8681640625,393.1318359375
2025-12-01,Barwani,3567.0,2292.91162109375,1274.08837890625
2025-12-01,Bastar,5675.0,2120.06201171875,3554.93798828125
2025-12-01,Basti,7496.0,4078.015625,3417.984375
2025-12-01,Bathinda,4471.0,1613.02392578125,2857.97607421875
2025-12-01,Begusarai,5907.0,2741.2470703125,3165.7529296875
2025-12-01,Betul,6802.0,3414.67236328125,3387.32763671875
2025-12-01,Bhadrak,3094.0,1242.83251953125,1851.16748046875
2025-12-01,Bhagalpur,4686.0,3348.37158203125,1337.62841796875
2025-12-01,Bhandara,3953.0,4043.78369140625,90.78369140625
2025-12-01,Bharatpur,5129.0,3924.55712890625,1204.44287109375
2025-12-01,Bharuch,3111.0,799.08349609375,2311.91650390625
2025-12-01,Bhavnagar,4301.0,1905.64013671875,2395.35986328125
2025-12-01,Bhilwara,6704.0,4871.28173828125,1832.71826171875
2025-12-01,Bhind,3195.0,2193.16650390625,1001.83349609375
2025-12-01,Bhiwani,3191.0,1874.5966796875,1316.4033203125
2025-12-01,Bhojpur,3268.0,1850.7998046875,1417.2001953125
2025-12-01,Bhopal,7338.0,4241.52392578125,3096.47607421875
2025-12-01,Bidar,3770.0,2281.57763671875,1488.42236328125
2025-12-01,Bijapur,1415.0,975.24853515625,439.75146484375
2025-12-01,Bijnor,9045.0,5829.125,3215.875
2025-12-01,Bikaner,5874.0,3166.25146484375,2707.74853515625
2025-12-01,Bilaspur,9521.0,6459.984375,3061.015625
2025-12-01,Birbhum,3985.0,3368.89990234375,616.10009765625
2025-12-01,Bishnupur,443.0,2670.15673828125,2227.15673828125
2025-12-01,Bokaro,3641.0,2114.37255859375,1526.62744140625
2025-12-01,Bongaigaon,1318.0,464.4638671875,853.5361328125
2025-12-01,Budaun,5162.0,2934.37255859375,2227.62744140625
2025-12-01,Bulandshahr,7088.0,3887.611328125,3200.388671875
2025-12-01,Buldana,0.0,-30.58984375,30.58984375
2025-12-01,Bundi,3278.0,1894.03173828125,1383.96826171875
2025-12-01,Burhanpur,2881.0,2086.55078125,794.44921875
2025-12-01,Buxar,2208.0,1369.14697265625,838.85302734375
2025-12-01,Cachar,0.0,252.0595703125,252.0595703125
2025-12-01,Central,0.0,45.568359375,45.568359375
2025-12-01,Chamba,1648.0,335.337890625,1312.662109375
2025-12-01,Chamoli,1795.0,-5.4677734375,1800.4677734375
2025-12-01,Champawat,1392.0,1256.19970703125,135.80029296875
2025-12-01,Champhai,156.0,-431.2265625,587.2265625
2025-12-01,Chamrajnagar,0.0,-71.0791015625,71.0791015625
2025-12-01,Chandauli,2866.0,2802.521484375,63.478515625
2025-12-01,Chandel,222.0,1305.0703125,1083.0703125
2025-12-01,Chandigarh,1621.0,523.2021484375,1097.7978515625
2025-12-01,Chandrapur,10013.0,8954.6689453125,1058.3310546875
2025-12-01,Changlang,607.0,-1277.5771484375,1884.5771484375
2025-12-01,Chatra,2538.0,2079.77587890625,458.22412109375
2025-12-01,Chennai,10900.0,6917.65283203125,3982.34716796875
2025-12-01,Chhatarpur,5023.0,2761.107421875,2261.892578125
2025-12-01,Chhindwara,7774.0,2401.0361328125,5372.9638671875
2025-12-01,Chikkaballapura,1740.0,913.1474609375,826.8525390625
2025-12-01,Chikmagalur,0.0,-80.6318359375,80.6318359375
2025-12-01,Chirang,1322.0,611.54296875,710.45703125
2025-12-01,Chitradurga,2628.0,986.1982421875,1641.8017578125
2025-12-01,Chitrakoot,2656.0,2364.55224609375,291.44775390625
2025-12-01,Chittaurgarh,0.0,25.3583984375,25.3583984375
2025-12-01,Chittoor,7169.0,4750.06982421875,2418.93017578125
2025-12-01,Churachandpur,678.0,37.638671875,640.361328125
2025-12-01,Churu,5883.0,3164.56103515625,2718.43896484375
2025-12-01,Coimbatore,8498.0,4378.64111328125,4119.35888671875
2025-12-01,Cuddalore,10221.0,4931.4423828125,5289.5576171875
2025-12-01,Cuttack,4496.0,1783.02197265625,2712.97802734375
2025-12-01,Dadra & Nagar Haveli,0.0,85.697265625,85.697265625
2025-12-01,Dakshin Bastar Dantewada,0.0,-63.087890625,63.087890625
2025-12-01,Dakshina Kannada,2786.0,930.04833984375,1855.95166015625
2025-12-01,Damoh,3093.0,2238.353515625,854.646484375
2025-12-01,Darbhanga,8120.0,5584.85498046875,2535.14501953125
2025-12-01,Darrang,1275.0,695.517578125,579.482421875
2025-12-01,Datia,1499.0,1361.1845703125,137.8154296875
2025-12-01,Dausa,4492.0,3096.5712890625,1395.4287109375
2025-12-01,Davanagere,3043.0,1160.4990234375,1882.5009765625
2025-12-01,Debagarh,602.0,607.5029296875,5.5029296875
2025-12-01,Dehradun,7977.0,3293.71630859375,4683.28369140625
2025-12-01,Deoghar,2345.0,1835.67919921875,509.32080078125
2025-12-01,Deoria,5282.0,4033.6533203125,1248.3466796875
2025-12-01,Dewas,5332.0,2492.35302734375,2839.64697265625
2025-12-01,Dhalai,1023.0,736.3037109375,286.6962890625
2025-12-01,Dhamtari,4675.0,2403.91455078125,2271.08544921875
2025-12-01,Dhanbad,3448.0,3281.826171875,166.173828125
2025-12-01,Dhar,3938.0,2235.9951171875,1702.0048828125
2025-12-01,Dharmapuri,5793.0,2576.91259765625,3216.08740234375
2025-12-01,Dharwad,2858.0,1422.4697265625,1435.5302734375
2025-12-01,Dhemaji,1079.0,551.693359375,527.306640625
2025-12-01,Dhenkanal,2506.0,1168.00537109375,1337.99462890625
2025-12-01,Dhubri,3155.0,1404.30908203125,1750.69091796875
2025-12-01,Dhule,7340.0,6681.0791015625,658.9208984375
2025-12-01,Dibang Valley,14.0,-503.080078125,517.080078125
2025-12-01,Dibrugarh,597.0,283.1005859375,313.8994140625
2025-12-01,Dima Hasao,210.0,-924.9365234375,1134.9365234375
2025-12-01,Dimapur,1576.0,840.7802734375,735.2197265625
2025-12-01,Dindigul,6714.0,4509.2958984375,2204.7041015625
2025-12-01,Dindori,1964.0,1246.15625,717.84375
2025-12-01,Diu,141.0,-970.8564453125,1111.8564453125
2025-12-01,Doda,1788.0,18.302734375,1769.697265625
2025-12-01,Dumka,2355.0,2031.056640625,323.943359375
2025-12-01,Dungarpur,3542.0,3278.95263671875,263.04736328125
2025-12-01,Durg,9016.0,6994.9794921875,2021.0205078125
2025-12-01,East,0.0,142.1220703125,142.1220703125
2025-12-01,East Garo Hills,44.0,-410.4970703125,454.4970703125
2025-12-01,East Godavari,9330.0,5236.318359375,4093.681640625
2025-12-01,East Kameng,103.0,-874.046875,977.046875
2025-12-01,East Khasi Hills,451.0,-710.40625,1161.40625
2025-12-01,East Siang,445.0,-675.9638671875,1120.9638671875
2025-12-01,Ernakulam,6642.0,2010.91796875,4631.08203125
2025-12-01,Erode,6347.0,4477.2529296875,1869.7470703125
2025-12-01,Etah,3155.0,1930.21337890625,1224.78662109375
2025-12-01,Etawah,3298.0,2171.025390625,1126.974609375
2025-12-01,Faridabad,4801.0,3399.53076171875,1401.46923828125
2025-12-01,Faridkot,1718.0,1182.3515625,535.6484375
2025-12-01,Farrukhabad,4515.0,1954.18701171875,2560.81298828125
2025-12-01,Fatehabad,2328.0,1746.96435546875,581.03564453125
2025-12-01,Fatehgarh Sahib,1903.0,275.98828125,1627.01171875
2025-12-01,Fatehpur,7283.0,4480.48876953125,2802.51123046875
2025-12-01,Firozabad,5288.0,2201.65771484375,3086.34228515625
2025-12-01,Gadag,1498.0,330.2392578125,1167.7607421875
2025-12-01,Gajapati,1535.0,940.2197265625,594.7802734375
2025-12-01,Ganderbal,649.0,267.2216796875,381.7783203125
2025-12-01,Gandhinagar,2262.0,322.8466796875,1939.1533203125
2025-12-01,Ganganagar,4367.0,2219.9765625,2147.0234375
2025-12-01,Ganjam,8347.0,3852.78271484375,4494.21728515625
2025-12-01,Garhchiroli,0.0,-64.2275390625,64.2275390625
2025-12-01,Garhwa,4017.0,2402.8212890625,1614.1787109375
2025-12-01,Gautam Buddha Nagar,2623.0,2141.88330078125,481.11669921875
2025-12-01,Gaya,6584.0,3259.44921875,3324.55078125
2025-12-01,Ghaziabad,5435.0,5333.97607421875,101.02392578125
2025-12-01,Ghazipur,5302.0,3615.50927734375,1686.49072265625
2025-12-01,Giridih,3328.0,3361.078125,33.078125
2025-12-01,Goalpara,1552.0,1109.2783203125,442.7216796875
2025-12-01,Godda,2751.0,2563.27099609375,187.72900390625
2025-12-01,Golaghat,1053.0,-312.7060546875,1365.7060546875
2025-12-01,Gonda,6085.0,4196.22509765625,1888.77490234375
2025-12-01,Gondiya,0.0,-51.921875,51.921875
2025-12-01,Gopalganj,4172.0,2477.83203125,1694.16796875
2025-12-01,Gorakhpur,7033.0,5772.5703125,1260.4296875
2025-12-01,Gumla,3198.0,1859.55810546875,1338.44189453125
2025-12-01,Guna,3099.0,1175.61376953125,1923.38623046875
2025-12-01,Guntur,9631.0,6044.119140625,3586.880859375
2025-12-01,Gurdaspur,3577.0,1888.806640625,1688.193359375
2025-12-01,Gwalior,5061.0,2702.18798828125,2358.81201171875
2025-12-01,Hailakandi,1027.0,339.27734375,687.72265625
2025-12-01,Hamirpur,2691.0,1296.0185546875,1394.9814453125
2025-12-01,Hanumangarh,4450.0,2274.26513671875,2175.73486328125
2025-12-01,Harda,1391.0,936.25146484375,454.74853515625
2025-12-01,Hardoi,9354.0,5220.69921875,4133.30078125
2025-12-01,Hardwar,0.0,82.3740234375,82.3740234375
2025-12-01,Hassan,2625.0,174.626953125,2450.373046875
2025-12-01,Haveri,2304.0,570.3427734375,1733.6572265625
2025-12-01,Hazaribagh,3531.0,1204.9619140625,2326.0380859375
2025-12-01,Hingoli,6295.0,3592.4775390625,2702.5224609375
2025-12-01,Hisar,3737.0,3102.6181640625,634.3818359375
2025-12-01,Hoshiarpur,3632.0,878.5048828125,2753.4951171875
2025-12-01,Hyderabad,15881.0,9307.0322265625,6573.9677734375
2025-12-01,Idukki,2688.0,116.755859375,2571.244140625
2025-12-01,Imphal East,1705.0,3014.02734375,1309.02734375
2025-12-01,Imphal West,1853.0,5484.3701171875,3631.3701171875
2025-12-01,Indore,12218.0,5605.92431640625,6612.07568359375
2025-12-01,Jabalpur,8441.0,3771.9853515625,4669.0146484375
2025-12-01,Jagatsinghapur,2799.0,243.7607421875,2555.2392578125
2025-12-01,Jaintia Hills,0.0,237.830078125,237.830078125
2025-12-01,Jaipur,13820.0,11027.490234375,2792.509765625
2025-12-01,Jaisalmer,1502.0,883.451171875,618.548828125
2025-12-01,Jajapur,0.0,109.330078125,109.330078125
2025-12-01,Jalandhar,6355.0,1776.66015625,4578.33984375
2025-12-01,Jalaun,2905.0,2135.267578125,769.732421875
2025-12-01,Jalgaon,17098.0,14090.4814453125,3007.5185546875
2025-12-01,Jalna,8098.0,5990.5185546875,2107.4814453125
2025-12-01,Jalor,0.0,103.169921875,103.169921875
2025-12-01,Jalpaiguri,2516.0,1315.79248046875,1200.20751953125
2025-12-01,Jammu,3611.0,2456.73193359375,1154.26806640625
2025-12-01,Jamnagar,2910.0,379.0126953125,2530.9873046875
2025-12-01,Jamtara,1128.0,1997.51904296875,869.51904296875
2025-12-01,Jamui,3148.0,2249.13671875,898.86328125
2025-12-01,Janjgir-Champa,7577.0,5192.814453125,2384.185546875
2025-12-01,Jashpur,4095.0,2509.60205078125,1585.39794921875
2025-12-01,Jaunpur,7967.0,4836.0078125,3130.9921875
2025-12-01,Jehanabad,1479.0,709.4755859375,769.5244140625
2025-12-01,Jhabua,2241.0,1873.3525390625,367.6474609375
2025-12-01,Jhajjar,1896.0,1226.73974609375,669.26025390625
2025-12-01,Jhalawar,4329.0,2861.5546875,1467.4453125
2025-12-01,Jhansi,5260.0,3291.61572265625,1968.38427734375
2025-12-01,Jharsuguda,1108.0,76.6396484375,1031.3603515625
2025-12-01,Jhunjhunun,0.0,63.9130859375,63.9130859375
2025-12-01,Jind,3451.0,2761.02294921875,689.97705078125
2025-12-01,Jodhpur,7553.0,5078.638671875,2474.361328125
2025-12-01,Jorhat,573.0,381.08984375,191.91015625
2025-12-01,Junagadh,3441.0,1178.18359375,2262.81640625
2025-12-01,Kachchh,4348.0,1080.7958984375,3267.2041015625
2025-12-01,Kaimur (Bhabua),0.0,17.359375,17.359375
2025-12-01,Kaithal,2364.0,2011.68505859375,352.31494140625
2025-12-01,Kalahandi,2638.0,1745.2177734375,892.7822265625
2025-12-01,Kamrup,1470.0,275.3466796875,1194.6533203125
2025-12-01,Kancheepuram,0.0,-62.5859375,62.5859375
2025-12-01,Kandhamal,1988.0,304.7216796875,1683.2783203125
2025-12-01,Kangra,4722.0,1749.85400390625,2972.14599609375
2025-12-01,Kannauj,3318.0,2225.28759765625,1092.71240234375
2025-12-01,Kanniyakumari,0.0,19.931640625,19.931640625
2025-12-01,Kannur,4448.0,2068.02001953125,2379.97998046875
2025-12-01,Kanpur Dehat,3131.0,2257.4482421875,873.5517578125
2025-12-01,Kanpur Nagar,6765.0,4938.76171875,1826.23828125
2025-12-01,Kapurthala,2483.0,467.3603515625,2015.6396484375
2025-12-01,Karaikal,638.0,596.4921875,41.5078125
2025-12-01,Karauli,3449.0,2244.6337890625,1204.3662109375
2025-12-01,Karbi Anglong,2734.0,124.4365234375,2609.5634765625
2025-12-01,Kargil,214.0,-227.7939453125,441.7939453125
2025-12-01,Karimganj,3037.0,445.0341796875,2591.9658203125
2025-12-01,Karimnagar,6451.0,2423.27294921875,4027.72705078125
2025-12-01,Karnal,3128.0,2871.4091796875,256.5908203125
2025-12-01,Karur,2212.0,1319.912109375,892.087890625
2025-12-01,Kasaragod,3084.0,1059.81103515625,2024.18896484375
2025-12-01,Kathua,1613.0,916.2041015625,696.7958984375
2025-12-01,Katihar,7873.0,4971.185546875,2901.814453125
2025-12-01,Katni,6105.0,1989.45458984375,4115.54541015625
2025-12-01,Kaushambi,3779.0,2491.42626953125,1287.57373046875
2025-12-01,Kendrapara,2747.0,1544.81982421875,1202.18017578125
2025-12-01,Kendujhar,3401.0,1717.4365234375,1683.5634765625
2025-12-01,Khagaria,3046.0,1971.55419921875,1074.44580078125
2025-12-01,Khammam,4261.0,1255.0537109375,3005.9462890625
2025-12-01,Kheda,3596.0,1194.09423828125,2401.90576171875
2025-12-01,Kheri,0.0,19.1298828125,19.1298828125
2025-12-01,Khordha,4370.0,1090.978515625,3279.021484375
2025-12-01,Khunti,1561.0,1534.3740234375,26.6259765625
2025-12-01,Kinnaur,169.0,-665.013671875,834.013671875
2025-12-01,Kiphire,94.0,1092.923828125,998.923828125
2025-12-01,Kishanganj,4990.0,4299.66796875,690.33203125
2025-12-01,Kishtwar,706.0,1182.2060546875,476.2060546875
2025-12-01,Kodagu,521.0,-344.44140625,865.44140625
2025-12-01,Kodarma,1590.0,1044.43896484375,545.56103515625
2025-12-01,Kohima,335.0,-164.75390625,499.75390625
2025-12-01,Kokrajhar,1154.0,517.982421875,636.017578125
2025-12-01,Kolar,2956.0,1176.833984375,1779.166015625
2025-12-01,Kolasib,266.0,-41.416015625,307.416015625
2025-12-01,Kolhapur,10586.0,7910.92578125,2675.07421875
2025-12-01,Kolkata,3464.0,1702.56298828125,1761.43701171875
2025-12-01,Kollam,5224.0,1516.91845703125,3707.08154296875
2025-12-01,Koppal,2055.0,1083.82470703125,971.17529296875
2025-12-01,Koraput,2775.0,344.7666015625,2430.2333984375
2025-12-01,Korba,3015.0,2746.07861328125,268.92138671875
2025-12-01,Koriya,2518.0,1238.1015625,1279.8984375
2025-12-01,Kota,3384.0,2509.04150390625,874.95849609375
2025-12-01,Kottayam,3574.0,454.544921875,3119.455078125
2025-12-01,Kozhikode,8298.0,3640.78173828125,4657.21826171875
2025-12-01,Krishna,7249.0,4282.69287109375,2966.30712890625
2025-12-01,Krishnagiri,6432.0,3653.04248046875,2778.95751953125
2025-12-01,Kulgam,854.0,379.5830078125,474.4169921875
2025-12-01,Kullu,1037.0,-9.92578125,1046.92578125
2025-12-01,Kupwara,1755.0,1201.5810546875,553.4189453125
2025-12-01,Kurnool,10972.0,5777.5908203125,5194.4091796875
2025-12-01,Kurukshetra,2420.0,2206.9755859375,213.0244140625
2025-12-01,Kurung Kumey,45.0,7.8291015625,37.1708984375
2025-12-01,Kushinagar,8137.0,5181.9990234375,2955.0009765625
2025-12-01,Lakhimpur,1581.0,407.0126953125,1173.9873046875
2025-12-01,Lakhisarai,2039.0,1365.8203125,673.1796875
2025-12-01,Lakshadweep,0.0,23.640625,23.640625
2025-12-01,Lalitpur,2903.0,2493.29248046875,409.70751953125
2025-12-01,Latehar,1642.0,1328.40869140625,313.59130859375
2025-12-01,Latur,7754.0,7778.71728515625,24.71728515625
2025-12-01,Lawangtlai,0.0,268.630859375,268.630859375
2025-12-01,Leh (Ladakh),0.0,239.4189453125,239.4189453125
2025-12-01,Lohardaga,1157.0,384.0380859375,772.9619140625
2025-12-01,Lohit,305.0,-650.7568359375,955.7568359375
2025-12-01,Longleng,80.0,-420.0361328125,500.0361328125
2025-12-01,Lower Dibang Valley,114.0,399.654296875,285.654296875
2025-12-01,Lower Subansiri,41.0,467.6025390625,426.6025390625
2025-12-01,Lucknow,8091.0,5278.95751953125,2812.04248046875
2025-12-01,Ludhiana,7251.0,3162.79248046875,4088.20751953125
2025-12-01,Lunglei,111.0,-376.39453125,487.39453125
2025-12-01,Madhepura,4948.0,2344.9296875,2603.0703125
2025-12-01,Madhubani,9301.0,5446.55859375,3854.44140625
2025-12-01,Madurai,9483.0,6506.69677734375,2976.30322265625
2025-12-01,Maharajganj,5355.0,3627.01708984375,1727.98291015625
2025-12-01,Mahasamund,3753.0,3237.439453125,515.560546875
2025-12-01,Mahbubnagar,0.0,-111.7412109375,111.7412109375
2025-12-01,Mahendragarh,1921.0,2245.763671875,324.763671875
2025-12-01,Mahesana,3581.0,900.98681640625,2680.01318359375
2025-12-01,Mahoba,2593.0,1536.40380859375,1056.59619140625
2025-12-01,Mainpuri,3550.0,2125.83154296875,1424.16845703125
2025-12-01,Malappuram,9124.0,5897.93115234375,3226.06884765625
2025-12-01,Maldah,0.0,130.0791015625,130.0791015625
2025-12-01,Malkangiri,1656.0,279.568359375,1376.431640625
2025-12-01,Mamit,283.0,-431.583984375,714.583984375
2025-12-01,Mandi,2569.0,483.61328125,2085.38671875
2025-12-01,Mandla,2134.0,882.044921875,1251.955078125
2025-12-01,Mandsaur,2738.0,1533.345703125,1204.654296875
2025-12-01,Mandya,2727.0,1232.36767578125,1494.63232421875
2025-12-01,Mansa,2159.0,1316.498046875,842.501953125
2025-12-01,Marigaon,1368.0,754.23828125,613.76171875
2025-12-01,Mathura,5095.0,2666.8515625,2428.1484375
2025-12-01,Mau,4027.0,2814.59423828125,1212.40576171875
2025-12-01,Mayurbhanj,5847.0,3183.20361328125,2663.79638671875
2025-12-01,Medak,6105.0,3095.16650390625,3009.83349609375
2025-12-01,Meerut,6760.0,5166.3388671875,1593.6611328125
2025-12-01,Mirzapur,4398.0,3032.84765625,1365.15234375
2025-12-01,Moga,2352.0,722.470703125,1629.529296875
2025-12-01,Mokokchung,224.0,-382.7568359375,606.7568359375
2025-12-01,Mon,373.0,34.35546875,338.64453125
2025-12-01,Moradabad,7333.0,4796.62158203125,2536.37841796875
2025-12-01,Morena,4498.0,3184.40234375,1313.59765625
2025-12-01,Muktsar,0.0,143.140625,143.140625
2025-12-01,Mumbai,32532.0,23640.52734375,8891.47265625
2025-12-01,Munger,1995.0,1213.9541015625,781.0458984375
2025-12-01,Murshidabad,7489.0,5513.7734375,1975.2265625
2025-12-01,Muzaffarnagar,5939.0,4188.60009765625,1750.39990234375
2025-12-01,Muzaffarpur,8165.0,4125.48388671875,4039.51611328125
2025-12-01,Nabarangapur,0.0,-21.6044921875,21.6044921875
2025-12-01,Nadia,3985.0,2548.56494140625,1436.43505859375
2025-12-01,Nagaon,5488.0,3114.62939453125,2373.37060546875
2025-12-01,Nagappattinam,0.0,-32.70703125,32.70703125
2025-12-01,Nagaur,8322.0,5497.6533203125,2824.3466796875
2025-12-01,Nagpur,12575.0,13896.2275390625,1321.2275390625
2025-12-01,Nainital,7623.0,1322.9638671875,6300.0361328125
2025-12-01,Nalanda,3990.0,2055.30029296875,1934.69970703125
2025-12-01,Nalbari,1078.0,-286.5625,1364.5625
2025-12-01,Nalgonda,6699.0,3237.75927734375,3461.24072265625
2025-12-01,Namakkal,5981.0,2996.34423828125,2984.65576171875
2025-12-01,Nanded,13692.0,12775.13671875,916.86328125
2025-12-01,Nandurbar,4669.0,6710.6162109375,2041.6162109375
2025-12-01,Narayanpur,1490.0,1762.88671875,272.88671875
2025-12-01,Narmada,1330.0,113.3095703125,1216.6904296875
2025-12-01,Nashik,24972.0,25520.625,548.625
2025-12-01,Navsari,1886.0,138.0654296875,1747.9345703125
2025-12-01,Nawada,3177.0,1422.32666015625,1754.67333984375
2025-12-01,Nayagarh,1782.0,282.6640625,1499.3359375
2025-12-01,Neemuch,1966.0,971.544921875,994.455078125
2025-12-01,New Delhi,150.0,488.3203125,338.3203125
2025-12-01,Nicobar,0.0,-945.298828125,945.298828125
2025-12-01,Nizamabad,5540.0,2531.474609375,3008.525390625
2025-12-01,North,0.0,162.1142578125,162.1142578125
2025-12-01,North & Middle Andaman,0.0,-856.279296875,856.279296875
2025-12-01,North 24 Parganas,7938.0,4873.314453125,3064.685546875
2025-12-01,North Goa,1398.0,193.396484375,1204.603515625
2025-12-01,North Tripura,1769.0,515.513671875,1253.486328125
2025-12-01,Nuapada,1488.0,371.5517578125,1116.4482421875
2025-12-01,Pakur,815.0,-151.5791015625,966.5791015625
2025-12-01,Palakkad,5669.0,2540.451171875,3128.548828125
2025-12-01,Palamu,4082.0,2543.8642578125,1538.1357421875
2025-12-01,Pali,6090.0,4109.3681640625,1980.6318359375
2025-12-01,Palwal,2983.0,2709.76611328125,273.23388671875
2025-12-01,Panch Mahals,0.0,58.0654296875,58.0654296875
2025-12-01,Panchkula,1226.0,567.6025390625,658.3974609375
2025-12-01,Panipat,2871.0,1755.169921875,1115.830078125
2025-12-01,Panna,2278.0,2133.31982421875,144.68017578125
2025-12-01,Papum Pare,326.0,-13.69921875,339.69921875
2025-12-01,Parbhani,6925.0,6181.583984375,743.416015625
2025-12-01,Pashchim Champaran,24323.0,12437.5107421875,11885.4892578125
2025-12-01,Pashchim Medinipur,0.0,134.6123046875,134.6123046875
2025-12-01,Pashchimi Singhbhum,8451.0,5260.9599609375,3190.0400390625
2025-12-01,Patan,2966.0,722.0869140625,2243.9130859375
2025-12-01,Pathanamthitta,2074.0,-1.9873046875,2075.9873046875
2025-12-01,Patiala,3918.0,1885.7939453125,2032.2060546875
2025-12-01,Patna,7796.0,3796.79638671875,3999.20361328125
2025-12-01,Perambalur,2204.0,1492.6142578125,711.3857421875
2025-12-01,Peren,148.0,294.51171875,146.51171875
2025-12-01,Phek,196.0,-37.5068359375,233.5068359375
2025-12-01,Pilibhit,5667.0,3648.69970703125,2018.30029296875
2025-12-01,Pithoragarh,1943.0,300.767578125,1642.232421875
2025-12-01,Porbandar,658.0,-158.2021484375,816.2021484375
2025-12-01,Prakasam,7149.0,4007.39404296875,3141.60595703125
2025-12-01,Pratapgarh,6682.0,4420.96533203125,2261.03466796875
2025-12-01,Puducherry,2069.0,901.42431640625,1167.57568359375
2025-12-01,Pudukkottai,6931.0,2998.18798828125,3932.81201171875
2025-12-01,Pulwama,2462.0,323.208984375,2138.791015625
2025-12-01,Punch,2192.0,1917.3349609375,274.6650390625
2025-12-01,Pune,30474.0,18866.76953125,11607.23046875
2025-12-01,Purba Champaran,33.0,-441.1669921875,474.1669921875
2025-12-01,Purba Medinipur,5118.0,3554.3486328125,1563.6513671875
2025-12-01,Purbi Singhbhum,426.0,614.4833984375,188.4833984375
2025-12-01,Puri,3544.0,834.88720703125,2709.11279296875
2025-12-01,Puruliya,0.0,94.94921875,94.94921875
2025-12-01,Rae Bareli,5535.0,2927.24951171875,2607.75048828125
2025-12-01,Raichur,4941.0,3069.0,1872.0
2025-12-01,Raigarh,6265.0,5714.845703125,550.154296875
2025-12-01,Raipur,7316.0,5254.294921875,2061.705078125
2025-12-01,Raisen,3483.0,2256.5556640625,1226.4443359375
2025-12-01,Rajgarh,4862.0,3071.1875,1790.8125
2025-12-01,Rajkot,5221.0,1949.3583984375,3271.6416015625
2025-12-01,Rajnandgaon,7721.0,4519.5029296875,3201.4970703125
2025-12-01,Rajouri,3568.0,1648.548828125,1919.451171875
2025-12-01,Rajsamand,2392.0,1401.9892578125,990.0107421875
2025-12-01,Ramanagara,0.0,-81.7451171875,81.7451171875
2025-12-01,Ramanathapuram,4177.0,1719.93310546875,2457.06689453125
2025-12-01,Ramban,3380.0,-110.4697265625,3490.4697265625
2025-12-01,Ramgarh,1326.0,434.55078125,891.44921875
2025-12-01,Ranchi,4350.0,3532.0869140625,817.9130859375
2025-12-01,Rangareddy,0.0,-110.427734375,110.427734375
2025-12-01,Ratlam,10073.0,2584.99462890625,7488.00537109375
2025-12-01,Ratnagiri,6235.0,5720.6796875,514.3203125
2025-12-01,Rayagada,1993.0,236.326171875,1756.673828125
2025-12-01,Reasi,755.0,243.095703125,511.904296875
2025-12-01,Rewa,4908.0,3187.87646484375,1720.12353515625
2025-12-01,Rewari,1889.0,999.5888671875,889.4111328125
2025-12-01,Ri Bhoi,92.0,-457.7958984375,549.7958984375
2025-12-01,Rohtak,2286.0,1512.74560546875,773.25439453125
2025-12-01,Rohtas,4413.0,3001.18408203125,1411.81591796875
2025-12-01,Rudraprayag,1362.0,1147.4658203125,214.5341796875
2025-12-01,Rupnagar,2077.0,503.1298828125,1573.8701171875
2025-12-01,Sabar Kantha,0.0,75.189453125,75.189453125
2025-12-01,Sagar,0.0,-52.583984375,52.583984375
2025-12-01,Saharanpur,8441.0,5488.4619140625,2952.5380859375
2025-12-01,Saharsa,4365.0,3188.6982421875,1176.3017578125
2025-12-01,Sahibganj,2630.0,1484.4716796875,1145.5283203125
2025-12-01,Sahibzada Ajit Singh Nagar,1663.0,246.3642578125,1416.6357421875
2025-12-01,Saiha,96.0,369.060546875,273.060546875
2025-12-01,Salem,10855.0,6934.8359375,3920.1640625
2025-12-01,Samastipur,8198.0,3957.07421875,4240.92578125
2025-12-01,Samba,503.0,-38.9033203125,541.9033203125
2025-12-01,Sambalpur,1894.0,832.32177734375,1061.67822265625
2025-12-01,Sangli,10384.0,8479.6630859375,1904.3369140625
2025-12-01,Sangrur,3860.0,1654.7802734375,2205.2197265625
2025-12-01,Sant Kabir Nagar,5230.0,3098.50439453125,2131.49560546875
2025-12-01,Sant Ravi Das Nagar(Bhadohi),0.0,-9.10546875,9.10546875
2025-12-01,Saraikela-Kharsawan,0.0,83.27734375,83.27734375
2025-12-01,Satara,8923.0,5377.6396484375,3545.3603515625
2025-12-01,Satna,7021.0,3680.31005859375,3340.68994140625
2025-12-01,Sawai Madhopur,3606.0,2369.283203125,1236.716796875
2025-12-01,Sehore,4170.0,1952.71875,2217.28125
2025-12-01,Senapati,888.0,1050.0654296875,162.0654296875
2025-12-01,Seoni,2805.0,1698.77783203125,1106.22216796875
2025-12-01,Serchhip,78.0,-1140.6201171875,1218.6201171875
2025-12-01,Shahdol,4146.0,1223.95556640625,2922.04443359375
2025-12-01,Shahid Bhagat Singh Nagar,1877.0,-105.63671875,1982.63671875
2025-12-01,Shahjahanpur,6711.0,4019.96484375,2691.03515625
2025-12-01,Shajapur,3324.0,2148.01904296875,1175.98095703125
2025-12-01,Sheikhpura,1650.0,1288.37255859375,361.62744140625
2025-12-01,Sheohar,1668.0,869.87109375,798.12890625
2025-12-01,Sheopur,1476.0,1931.18798828125,455.18798828125
2025-12-01,Shimla,1750.0,633.134765625,1116.865234375
2025-12-01,Shivpuri,4282.0,2545.29541015625,1736.70458984375
2025-12-01,Siddharth Nagar,5999.0,3513.77880859375,2485.22119140625
2025-12-01,Sidhi,2439.0,1475.41015625,963.58984375
2025-12-01,Sikar,5450.0,2937.33349609375,2512.66650390625
2025-12-01,Simdega,2042.0,1735.37158203125,306.62841796875
2025-12-01,Sindhudurg,2405.0,886.12255859375,1518.87744140625
2025-12-01,Singrauli,2475.0,1582.017578125,892.982421875
2025-12-01,Sirmaur,888.0,472.7021484375,415.2978515625
2025-12-01,Sirohi,3565.0,2290.53564453125,1274.46435546875
2025-12-01,Sirsa,3795.0,2614.95556640625,1180.04443359375
2025-12-01,Sitamarhi,8455.0,4087.349609375,4367.650390625
2025-12-01,Sitapur,10205.0,5437.638671875,4767.361328125
2025-12-01,Sivaganga,4085.0,2411.68798828125,1673.31201171875
2025-12-01,Sivasagar,555.0,-65.3671875,620.3671875
2025-12-01,Siwan,5400.0,3051.283203125,2348.716796875
2025-12-01,Solan,1645.0,196.6982421875,1448.3017578125
2025-12-01,Solapur,16112.0,9460.3154296875,6651.6845703125
2025-12-01,Sonbhadra,3609.0,2360.8896484375,1248.1103515625
2025-12-01,Sonipat,2689.0,2030.88232421875,658.11767578125
2025-12-01,Sonitpur,1236.0,52.056640625,1183.943359375
2025-12-01,South,0.0,99.357421875,99.357421875
2025-12-01,South 24 Parganas,7924.0,6537.193359375,1386.806640625
2025-12-01,South Andaman,0.0,-785.8388671875,785.8388671875
2025-12-01,South Garo Hills,44.0,-790.197265625,834.197265625
2025-12-01,South Goa,988.0,339.330078125,648.669921875
2025-12-01,South Tripura,2011.0,1340.82421875,670.17578125
2025-12-01,Sri Potti Sriramulu Nellore,4044.0,3080.87744140625,963.12255859375
2025-12-01,Srikakulam,5748.0,2767.9970703125,2980.0029296875
2025-12-01,Srinagar,4608.0,2475.36474609375,2132.63525390625
2025-12-01,Subarnapur,883.0,104.96484375,778.03515625
2025-12-01,Sultanpur,4417.0,3020.16455078125,1396.83544921875
2025-12-01,Sundargarh,3329.0,625.2587890625,2703.7412109375
2025-12-01,Supaul,4040.0,2579.4873046875,1460.5126953125
2025-12-01,Surat,10780.0,6714.4365234375,4065.5634765625
2025-12-01,Surendranagar,2616.0,479.6318359375,2136.3681640625
2025-12-01,Surguja,3803.0,2117.41943359375,1685.58056640625
2025-12-01,Tamenglong,177.0,-37.876953125,214.876953125
2025-12-01,Tapi,1887.0,32.8046875,1854.1953125
2025-12-01,Tarn Taran,2960.0,1062.5029296875,1897.4970703125
2025-12-01,Tawang,33.0,-446.93359375,479.93359375
2025-12-01,Tehri Garhwal,4750.0,1989.68701171875,2760.31298828125
2025-12-01,Thane,27162.0,24944.185546875,2217.814453125
2025-12-01,Thanjavur,7394.0,3741.92919921875,3652.07080078125
2025-12-01,The Dangs,0.0,64.3251953125,64.3251953125
2025-12-01,The Nilgiris,3104.0,289.576171875,2814.423828125
2025-12-01,Theni,3409.0,1763.115234375,1645.884765625
2025-12-01,Thiruvallur,0.0,-70.642578125,70.642578125
2025-12-01,Thiruvananthapuram,4900.0,1838.61279296875,3061.38720703125
2025-12-01,Thiruvarur,0.0,-32.146484375,32.146484375
2025-12-01,Thoothukkudi,0.0,5.171875,5.171875
2025-12-01,Thoubal,1151.0,4214.26318359375,3063.26318359375
2025-12-01,Thrissur,4553.0,1686.03466796875,2866.96533203125
2025-12-01,Tikamgarh,4401.0,2348.35107421875,2052.64892578125
2025-12-01,Tinsukia,1473.0,215.056640625,1257.943359375
2025-12-01,Tirap,45.0,-268.564453125,313.564453125
2025-12-01,Tiruchirappalli,6685.0,5225.7001953125,1459.2998046875
2025-12-01,Tirunelveli,9823.0,6204.029296875,3618.970703125
2025-12-01,Tiruppur,5531.0,3818.60546875,1712.39453125
2025-12-01,Tiruvannamalai,3762.0,3406.57080078125,355.42919921875
2025-12-01,Tonk,3407.0,2855.61376953125,551.38623046875
2025-12-01,Tuensang,244.0,202.75390625,41.24609375
2025-12-01,Tumkur,0.0,-86.9951171875,86.9951171875
2025-12-01,Udaipur,7566.0,5356.13623046875,2209.86376953125
2025-12-01,Udalguri,1117.0,106.2587890625,1010.7412109375
2025-12-01,Udham Singh Nagar,17644.0,4645.9208984375,12998.0791015625
2025-12-01,Udhampur,1722.0,494.2158203125,1227.7841796875
2025-12-01,Udupi,1321.0,33.4755859375,1287.5244140625
2025-12-01,Ujjain,8072.0,4397.46826171875,3674.53173828125
2025-12-01,Ukhrul,385.0,1245.7333984375,860.7333984375
2025-12-01,Umaria,1664.0,1309.71630859375,354.28369140625
2025-12-01,Una,1536.0,-513.3544921875,2049.3544921875
2025-12-01,Unnao,6600.0,3011.98193359375,3588.01806640625
2025-12-01,Upper Siang,275.0,284.8076171875,9.8076171875
2025-12-01,Upper Subansiri,131.0,15.32421875,115.67578125
2025-12-01,Uttar Bastar Kanker,0.0,-52.330078125,52.330078125
2025-12-01,Uttara Kannada,1808.0,59.2548828125,1748.7451171875
2025-12-01,Uttarkashi,2074.0,872.8193359375,1201.1806640625
2025-12-01,Vadodara,7313.0,3260.77294921875,4052.22705078125
2025-12-01,Vaishali,6554.0,3286.43896484375,3267.56103515625
2025-12-01,Valsad,3017.0,883.5751953125,2133.4248046875
2025-12-01,Varanasi,9001.0,4771.9443359375,4229.0556640625
2025-12-01,Vellore,9126.0,6111.2080078125,3014.7919921875
2025-12-01,Vidisha,4133.0,2913.35009765625,1219.64990234375
2025-12-01,Viluppuram,7918.0,5807.494140625,2110.505859375
2025-12-01,Virudunagar,0.0,-17.2412109375,17.2412109375
2025-12-01,Visakhapatnam,10057.0,5939.0380859375,4117.9619140625
2025-12-01,Vizianagaram,5489.0,3175.5234375,2313.4765625
2025-12-01,Warangal,5215.0,2581.484375,2633.515625
2025-12-01,Wardha,5108.0,5066.14892578125,41.85107421875
2025-12-01,Washim,6302.0,6471.88427734375,169.88427734375
2025-12-01,Wayanad,1302.0,864.658203125,437.341796875
2025-12-01,West,0.0,128.3173828125,128.3173828125
2025-12-01,West Garo Hills,539.0,-266.51953125,805.51953125
2025-12-01,West Godavari,6655.0,3298.421875,3356.578125
2025-12-01,West Kameng,301.0,-158.2578125,459.2578125
2025-12-01,West Khasi Hills,170.0,150.314453125,19.685546875
2025-12-01,West Tripura,3341.0,1597.44921875,1743.55078125
2025-12-01,Wokha,159.0,333.197265625,174.197265625
2025-12-01,Yadgir,2660.0,782.73583984375,1877.26416015625
2025-12-01,Yamunanagar,3786.0,2078.26318359375,1707.73681640625
2025-12-01,Yanam,15.0,-849.0126953125,864.0126953125
2025-12-01,Yavatmal,13247.0,15883.384765625,2636.384765625
2025-12-01,Zunheboto,278.0,-30.705078125,308.705078125
2025-12-08,Adilabad,4464.0,1162.9951171875,3301.0048828125
2025-12-08,Agra,0.0,62.05859375,62.05859375
2025-12-08,Ahmadabad,0.0,182.666015625,182.666015625
2025-12-08,Ahmadnagar,0.0,99.181640625,99.181640625
2025-12-08,Aizawl,448.0,-644.8076171875,1092.8076171875
2025-12-08,Ajmer,5836.0,2609.2353515625,3226.7646484375
2025-12-08,Akola,4693.0,5304.30810546875,611.30810546875
2025-12-08,Alappuzha,2113.0,244.017578125,1868.982421875
2025-12-08,Aligarh,6244.0,3111.56787109375,3132.43212890625
2025-12-08,Alirajpur,1541.0,910.58642578125,630.41357421875
2025-12-08,Almora,2406.0,231.734375,2174.265625
2025-12-08,Alwar,8863.0,4084.75830078125,4778.24169921875
2025-12-08,Ambala,2440.0,1096.771484375,1343.228515625
2025-12-08,Ambedkar Nagar,2846.0,2070.76513671875,775.23486328125
2025-12-08,Amravati,10554.0,8775.4296875,1778.5703125
2025-12-08,Amreli,2266.0,435.23046875,1830.76953125
2025-12-08,Amritsar,4639.0,1839.9580078125,2799.0419921875
2025-12-08,Anand,3457.0,802.9462890625,2654.0537109375
2025-12-08,Anantnag,1935.0,1046.673828125,888.326171875
2025-12-08,Anjaw,26.0,420.517578125,394.517578125
2025-12-08,Anugul,1986.0,155.58984375,1830.41015625
2025-12-08,Anuppur,2092.0,831.77978515625,1260.22021484375
2025-12-08,Araria,5780.0,2007.38623046875,3772.61376953125
2025-12-08,Ariyalur,2537.0,1125.654296875,1411.345703125
2025-12-08,Arwal,1153.0,664.208984375,488.791015625
2025-12-08,Ashoknagar,8091.0,2795.50439453125,5295.49560546875
2025-12-08,Auraiya,1978.0,1788.82568359375,189.17431640625
2025-12-08,Aurangabad,3061.0,1500.71337890625,1560.28662109375
2025-12-08,Azamgarh,6342.0,4174.09619140625,2167.90380859375
2025-12-08,Bagalkot,0.0,42.9296875,42.9296875
2025-12-08,Bageshwar,887.0,899.5244140625,12.5244140625
2025-12-08,Baghpat,1722.0,1601.67041015625,120.32958984375
2025-12-08,Bahraich,7611.0,3299.55322265625,4311.44677734375
2025-12-08,Baksa,693.0,-415.82421875,1108.82421875
2025-12-08,Balaghat,7341.0,2047.30126953125,5293.69873046875
2025-12-08,Balangir,2670.0,428.986328125,2241.013671875
2025-12-08,Baleshwar,0.0,204.2509765625,204.2509765625
2025-12-08,Ballia,4190.0,3311.76611328125,878.23388671875
2025-12-08,Balrampur,9015.0,5449.6552734375,3565.3447265625
2025-12-08,Banas Kantha,0.0,179.5576171875,179.5576171875
2025-12-08,Banda,3066.0,2337.32470703125,728.67529296875
2025-12-08,Banka,3462.0,1193.01123046875,2268.98876953125
2025-12-08,Bankura,3869.0,1588.6865234375,2280.3134765625
2025-12-08,Banswara,3380.0,2633.81396484375,746.18603515625
2025-12-08,Bara Banki,0.0,75.34375,75.34375
2025-12-08,Baramula,0.0,271.7353515625,271.7353515625
2025-12-08,Baran,5751.0,2258.279296875,3492.720703125
2025-12-08,Barddhaman,0.0,208.7275390625,208.7275390625
2025-12-08,Bareilly,8313.0,5376.7412109375,2936.2587890625
2025-12-08,Bargarh,2390.0,1425.220703125,964.779296875
2025-12-08,Barmer,6608.0,4346.6484375,2261.3515625
2025-12-08,Barnala,1410.0,809.3447265625,600.6552734375
2025-12-08,Barpeta,3113.0,1778.392578125,1334.607421875
2025-12-08,Barwani,2731.0,1824.28759765625,906.71240234375
2025-12-08,Bastar,7388.0,1978.98388671875,5409.01611328125
2025-12-08,Basti,6076.0,3456.087890625,2619.912109375
2025-12-08,Bathinda,3820.0,1317.67529296875,2502.32470703125
2025-12-08,Begusarai,6458.0,2255.0341796875,4202.9658203125
2025-12-08,Betul,4116.0,2615.30517578125,1500.69482421875
2025-12-08,Bhadrak,2387.0,675.630859375,1711.369140625
2025-12-08,Bhagalpur,6243.0,2348.95458984375,3894.04541015625
2025-12-08,Bhandara,3571.0,2828.29150390625,742.70849609375
2025-12-08,Bharatpur,5043.0,3249.66015625,1793.33984375
2025-12-08,Bharuch,2649.0,679.33984375,1969.66015625
2025-12-08,Bhavnagar,3807.0,1487.26611328125,2319.73388671875
2025-12-08,Bhilwara,5752.0,3692.30126953125,2059.69873046875
2025-12-08,Bhind,2948.0,1971.00732421875,976.99267578125
2025-12-08,Bhiwani,3662.0,1457.3056640625,2204.6943359375
2025-12-08,Bhojpur,3551.0,1493.4501953125,2057.5498046875
2025-12-08,Bhopal,6274.0,3300.73583984375,2973.26416015625
2025-12-08,Bidar,3268.0,2045.857421875,1222.142578125
2025-12-08,Bijapur,1042.0,848.55224609375,193.44775390625
2025-12-08,Bijnor,7359.0,4569.34423828125,2789.65576171875
2025-12-08,Bikaner,5472.0,2780.294921875,2691.705078125
2025-12-08,Bilaspur,13489.0,3801.95556640625,9687.044921875
2025-12-08,Birbhum,3516.0,2435.603515625,1080.396484375
2025-12-08,Bishnupur,245.0,1949.63427734375,1704.63427734375
2025-12-08,Bokaro,3036.0,1641.9482421875,1394.0517578125
2025-12-08,Bongaigaon,1277.0,-239.771484375,1516.771484375
2025-12-08,Budaun,4753.0,2552.05615234375,2200.94384765625
2025-12-08,Bulandshahr,5117.0,2983.7109375,2133.2890625
2025-12-08,Buldana,0.0,67.26171875,67.26171875
2025-12-08,Bundi,2688.0,1892.60693359375,795.39306640625
2025-12-08,Burhanpur,1953.0,1479.58935546875,473.41064453125
2025-12-08,Buxar,2124.0,1320.298828125,803.701171875
2025-12-08,Cachar,0.0,291.9453125,291.9453125
2025-12-08,Central,0.0,96.328125,96.328125
2025-12-08,Chamba,1128.0,-83.296875,1211.296875
2025-12-08,Chamoli,2010.0,132.046875,1877.953125
2025-12-08,Champawat,1568.0,1636.4267578125,68.4267578125
2025-12-08,Champhai,91.0,257.283203125,166.283203125
2025-12-08,Chamrajnagar,0.0,61.236328125,61.236328125
2025-12-08,Chandauli,2275.0,2350.0146484375,75.0146484375
2025-12-08,Chandel,198.0,258.734375,60.734375
2025-12-08,Chandigarh,1285.0,593.087890625,691.912109375
2025-12-08,Chandrapur,8517.0,5474.41845703125,3042.58154296875
2025-12-08,Changlang,331.0,-472.7041015625,803.7041015625
2025-12-08,Chatra,2216.0,1681.888671875,534.111328125
2025-12-08,Chennai,11263.0,4307.69140625,6955.30859375
2025-12-08,Chhatarpur,4450.0,2494.51318359375,1955.48681640625
2025-12-08,Chhindwara,5998.0,1871.11669921875,4126.88330078125
2025-12-08,Chikkaballapura,1567.0,938.69970703125,628.30029296875
2025-12-08,Chikmagalur,0.0,48.2314453125,48.2314453125
2025-12-08,Chirang,1367.0,-417.560546875,1784.560546875
2025-12-08,Chitradurga,2354.0,888.9521484375,1465.0478515625
2025-12-08,Chitrakoot,2769.0,2447.29443359375,321.70556640625
2025-12-08,Chittaurgarh,0.0,93.8759765625,93.8759765625
2025-12-08,Chittoor,6018.0,3836.330078125,2181.669921875
2025-12-08,Churachandpur,302.0,-261.435546875,563.435546875
2025-12-08,Churu,5967.0,2701.4775390625,3265.5224609375
2025-12-08,Coimbatore,7884.0,3566.5234375,4317.4765625
2025-12-08,Cuddalore,8889.0,2903.0029296875,5985.9970703125
2025-12-08,Cuttack,4049.0,1295.2314453125,2753.7685546875
2025-12-08,Dadra & Nagar Haveli,0.0,168.03125,168.03125
2025-12-08,Dakshin Bastar Dantewada,0.0,49.3115234375,49.3115234375
2025-12-08,Dakshina Kannada,2530.0,772.833984375,1757.166015625
2025-12-08,Damoh,3072.0,1971.41748046875,1100.58251953125
2025-12-08,Darbhanga,8372.0,3909.01123046875,4462.98876953125
2025-12-08,Darrang,1244.0,581.701171875,662.298828125
2025-12-08,Datia,1371.0,1337.603515625,33.396484375
2025-12-08,Dausa,4291.0,2671.58203125,1619.41796875
2025-12-08,Davanagere,2363.0,705.38671875,1657.61328125
2025-12-08,Debagarh,476.0,308.75390625,167.24609375
2025-12-08,Dehradun,6472.0,2841.52099609375,3630.47900390625
2025-12-08,Deoghar,2088.0,1785.65283203125,302.34716796875
2025-12-08,Deoria,5129.0,3451.26171875,1677.73828125
2025-12-08,Dewas,4711.0,1906.123046875,2804.876953125
2025-12-08,Dhalai,776.0,508.720703125,267.279296875
2025-12-08,Dhamtari,5432.0,1584.17919921875,3847.82080078125
2025-12-08,Dhanbad,3337.0,2623.44482421875,713.55517578125
2025-12-08,Dhar,3221.0,1742.73779296875,1478.26220703125
2025-12-08,Dharmapuri,5952.0,1973.630859375,3978.369140625
2025-12-08,Dharwad,2578.0,1042.49951171875,1535.50048828125
2025-12-08,Dhemaji,753.0,-305.7802734375,1058.7802734375
2025-12-08,Dhenkanal,2160.0,1046.265625,1113.734375
2025-12-08,Dhubri,2513.0,1210.94677734375,1302.05322265625
2025-12-08,Dhule,5777.0,4469.4658203125,1307.5341796875
2025-12-08,Dibang Valley,4.0,-641.853515625,645.853515625
2025-12-08,Dibrugarh,702.0,485.453125,216.546875
2025-12-08,Dima Hasao,229.0,-213.4736328125,442.4736328125
2025-12-08,Dimapur,1425.0,671.5234375,753.4765625
2025-12-08,Dindigul,6636.0,3355.4462890625,3280.5537109375
2025-12-08,Dindori,2339.0,1347.83203125,991.16796875
2025-12-08,Diu,106.0,-561.388671875,667.388671875
2025-12-08,Doda,1556.0,123.833984375,1432.166015625
2025-12-08,Dumka,2074.0,1856.77099609375,217.22900390625
2025-12-08,Dungarpur,3997.0,2502.63525390625,1494.36474609375
2025-12-08,Durg,11156.0,3959.93359375,7196.06640625
2025-12-08,East,0.0,201.2646484375,201.2646484375
2025-12-08,East Garo Hills,33.0,-867.5146484375,900.5146484375
2025-12-08,East Godavari,6876.0,5144.4267578125,1731.5732421875
2025-12-08,East Kameng,66.0,417.7841796875,351.7841796875
2025-12-08,East Khasi Hills,591.0,-778.5751953125,1369.5751953125
2025-12-08,East Siang,337.0,-451.0419921875,788.0419921875
2025-12-08,Ernakulam,4379.0,1348.65869140625,3030.34130859375
2025-12-08,Erode,5466.0,2931.45166015625,2534.54833984375
2025-12-08,Etah,2167.0,1991.63330078125,175.36669921875
2025-12-08,Etawah,2520.0,2244.30810546875,275.69189453125
2025-12-08,Faridabad,4816.0,2831.0283203125,1984.9716796875
2025-12-08,Faridkot,1380.0,1185.7099609375,194.2900390625
2025-12-08,Farrukhabad,3504.0,1547.33544921875,1956.66455078125
2025-12-08,Fatehabad,2675.0,1451.85400390625,1223.14599609375
2025-12-08,Fatehgarh Sahib,1594.0,14.0927734375,1579.9072265625
2025-12-08,Fatehpur,5518.0,3961.91455078125,1556.08544921875
2025-12-08,Firozabad,3843.0,1959.359375,1883.640625
2025-12-08,Gadag,1272.0,328.64453125,943.35546875
2025-12-08,Gajapati,1374.0,583.4267578125,790.5732421875
2025-12-08,Ganderbal,581.0,-663.951171875,1244.951171875
2025-12-08,Gandhinagar,2141.0,400.9345703125,1740.0654296875
2025-12-08,Ganganagar,4366.0,1987.6513671875,2378.3486328125
2025-12-08,Ganjam,7174.0,3065.0791015625,4108.9208984375
2025-12-08,Garhchiroli,0.0,43.900390625,43.900390625
2025-12-08,Garhwa,3212.0,1793.47021484375,1418.52978515625
2025-12-08,Gautam Buddha Nagar,2023.0,1672.47265625,350.52734375
2025-12-08,Gaya,6762.0,2064.478515625,4697.521484375
2025-12-08,Ghaziabad,4793.0,4322.22412109375,470.77587890625
2025-12-08,Ghazipur,4479.0,2975.1240234375,1503.8759765625
2025-12-08,Giridih,3155.0,2661.9755859375,493.0244140625
2025-12-08,Goalpara,1482.0,712.2568359375,769.7431640625
2025-12-08,Godda,2469.0,2261.751953125,207.248046875
2025-12-08,Golaghat,1307.0,-785.6435546875,2092.6435546875
2025-12-08,Gonda,4859.0,3456.89453125,1402.10546875
2025-12-08,Gondiya,0.0,51.3251953125,51.3251953125
2025-12-08,Gopalganj,4507.0,1934.6201171875,2572.3798828125
2025-12-08,Gorakhpur,5832.0,4482.17236328125,1349.82763671875
2025-12-08,Gumla,3296.0,1483.5986328125,1812.4013671875
2025-12-08,Guna,2794.0,1203.83251953125,1590.16748046875
2025-12-08,Guntur,8125.0,4933.60498046875,3191.39501953125
2025-12-08,Gurdaspur,3257.0,1304.1279296875,1952.8720703125
2025-12-08,Gwalior,4443.0,2321.08056640625,2121.91943359375
2025-12-08,Hailakandi,1301.0,266.095703125,1034.904296875
2025-12-08,Hamirpur,2746.0,769.962890625,1976.037109375
2025-12-08,Hanumangarh,4240.0,2019.7490234375,2220.2509765625
2025-12-08,Harda,1209.0,496.435546875,712.564453125
2025-12-08,Hardoi,6247.0,4185.583984375,2061.416015625
2025-12-08,Hardwar,0.0,122.7314453125,122.7314453125
2025-12-08,Hassan,1897.0,-42.203125,1939.203125
2025-12-08,Haveri,2144.0,443.287109375,1700.712890625
2025-12-08,Hazaribagh,2671.0,1060.63623046875,1610.36376953125
2025-12-08,Hingoli,5511.0,2717.88232421875,2793.11767578125
2025-12-08,Hisar,4427.0,2236.234375,2190.765625
2025-12-08,Hoshiarpur,2905.0,513.798828125,2391.201171875
2025-12-08,Hyderabad,14557.0,5794.3486328125,8762.6513671875
2025-12-08,Idukki,1798.0,-96.6474609375,1894.6474609375
2025-12-08,Imphal East,1178.0,2125.43310546875,947.43310546875
2025-12-08,Imphal West,808.0,2958.4345703125,2150.4345703125
2025-12-08,Indore,10737.0,4281.5166015625,6455.4833984375
2025-12-08,Jabalpur,7530.0,2784.18505859375,4745.81494140625
2025-12-08,Jagatsinghapur,2226.0,7.9267578125,2218.0732421875
2025-12-08,Jaintia Hills,0.0,281.509765625,281.509765625
2025-12-08,Jaipur,12797.0,7648.20068359375,5148.79931640625
2025-12-08,Jaisalmer,1553.0,1066.4658203125,486.5341796875
2025-12-08,Jajapur,0.0,184.91796875,184.91796875
2025-12-08,Jalandhar,5207.0,1333.0185546875,3873.9814453125
2025-12-08,Jalaun,2231.0,2036.87451171875,194.12548828125
2025-12-08,Jalgaon,13521.0,7945.1630859375,5575.8369140625
2025-12-08,Jalna,5887.0,3852.39990234375,2034.60009765625
2025-12-08,Jalor,0.0,159.5390625,159.5390625
2025-12-08,Jalpaiguri,2859.0,1105.75439453125,1753.24560546875
2025-12-08,Jammu,3992.0,1033.42822265625,2958.57177734375
2025-12-08,Jamnagar,2580.0,161.119140625,2418.880859375
2025-12-08,Jamtara,1002.0,1758.16748046875,756.16748046875
2025-12-08,Jamui,5910.0,1704.28125,4205.71875
2025-12-08,Janjgir-Champa,9520.0,3759.6201171875,5760.3798828125
2025-12-08,Jashpur,5156.0,1990.50048828125,3165.49951171875
2025-12-08,Jaunpur,6681.0,3753.73193359375,2927.26806640625
2025-12-08,Jehanabad,1695.0,498.6650390625,1196.3349609375
2025-12-08,Jhabua,1710.0,1407.833984375,302.166015625
2025-12-08,Jhajjar,2117.0,1050.23779296875,1066.76220703125
2025-12-08,Jhalawar,3687.0,2568.794921875,1118.205078125
2025-12-08,Jhansi,4283.0,2896.41015625,1386.58984375
2025-12-08,Jharsuguda,1060.0,137.82421875,922.17578125
2025-12-08,Jhunjhunun,0.0,112.0712890625,112.0712890625
2025-12-08,Jind,3853.0,2362.45703125,1490.54296875
2025-12-08,Jodhpur,6999.0,4204.80517578125,2794.19482421875
2025-12-08,Jorhat,597.0,125.142578125,471.857421875
2025-12-08,Junagadh,3966.0,901.849609375,3064.150390625
2025-12-08,Kachchh,4272.0,956.576171875,3315.423828125
2025-12-08,Kaimur (Bhabua),0.0,100.9443359375,100.9443359375
2025-12-08,Kaithal,2857.0,1825.58154296875,1031.41845703125
2025-12-08,Kalahandi,2510.0,1492.51025390625,1017.48974609375
2025-12-08,Kamrup,1740.0,435.919921875,1304.080078125
2025-12-08,Kancheepuram,0.0,68.3623046875,68.3623046875
2025-12-08,Kandhamal,1875.0,515.3984375,1359.6015625
2025-12-08,Kangra,3552.0,793.37548828125,2758.62451171875
2025-12-08,Kannauj,2434.0,2217.2734375,216.7265625
2025-12-08,Kanniyakumari,0.0,142.1953125,142.1953125
2025-12-08,Kannur,2933.0,1362.52978515625,1570.47021484375
2025-12-08,Kanpur Dehat,2440.0,1998.90673828125,441.09326171875
2025-12-08,Kanpur Nagar,5182.0,4048.2734375,1133.7265625
2025-12-08,Kapurthala,2164.0,326.56640625,1837.43359375
2025-12-08,Karaikal,554.0,376.4453125,177.5546875
2025-12-08,Karauli,3254.0,1969.060546875,1284.939453125
2025-12-08,Karbi Anglong,1972.0,-394.5615234375,2366.5615234375
2025-12-08,Kargil,272.0,-341.2939453125,613.2939453125
2025-12-08,Karimganj,3187.0,-138.9873046875,3325.9873046875
2025-12-08,Karimnagar,4919.0,1198.2138671875,3720.7861328125
2025-12-08,Karnal,3472.0,2183.205078125,1288.794921875
2025-12-08,Karur,2080.0,713.294921875,1366.705078125
2025-12-08,Kasaragod,1919.0,699.1171875,1219.8828125
2025-12-08,Kathua,1588.0,583.7763671875,1004.2236328125
2025-12-08,Katihar,8353.0,3257.1328125,5095.8671875
2025-12-08,Katni,6959.0,1760.22998046875,5198.77001953125
2025-12-08,Kaushambi,3031.0,2301.4462890625,729.5537109375
2025-12-08,Kendrapara,2703.0,1175.978515625,1527.021484375
2025-12-08,Kendujhar,2860.0,1192.43798828125,1667.56201171875
2025-12-08,Khagaria,3533.0,1846.60009765625,1686.39990234375
2025-12-08,Khammam,3600.0,156.77734375,3443.22265625
2025-12-08,Kheda,3670.0,1183.53466796875,2486.46533203125
2025-12-08,Kheri,0.0,78.994140625,78.994140625
2025-12-08,Khordha,3652.0,554.271484375,3097.728515625
2025-12-08,Khunti,1153.0,1517.0498046875,364.0498046875
2025-12-08,Kinnaur,131.0,-370.123046875,501.123046875
2025-12-08,Kiphire,73.0,1116.52734375,1043.52734375
2025-12-08,Kishanganj,5618.0,2618.44677734375,2999.55322265625
2025-12-08,Kishtwar,836.0,1127.17822265625,291.17822265625
2025-12-08,Kodagu,456.0,-369.9052734375,825.9052734375
2025-12-08,Kodarma,1346.0,793.7880859375,552.2119140625
2025-12-08,Kohima,358.0,149.1962890625,208.8037109375
2025-12-08,Kokrajhar,908.0,451.6298828125,456.3701171875
2025-12-08,Kolar,2453.0,914.802734375,1538.197265625
2025-12-08,Kolasib,109.0,-298.99609375,407.99609375
2025-12-08,Kolhapur,8189.0,5150.92626953125,3038.07373046875
2025-12-08,Kolkata,3094.0,1360.533203125,1733.466796875
2025-12-08,Kollam,3480.0,952.32080078125,2527.67919921875
2025-12-08,Koppal,1967.0,817.82080078125,1149.17919921875
2025-12-08,Koraput,2294.0,168.9697265625,2125.0302734375
2025-12-08,Korba,3947.0,2021.322265625,1925.677734375
2025-12-08,Koriya,4722.0,780.7548828125,3941.2451171875
2025-12-08,Kota,3191.0,2149.1572265625,1041.8427734375
2025-12-08,Kottayam,2351.0,44.54296875,2306.45703125
2025-12-08,Kozhikode,4707.0,2541.05029296875,2165.94970703125
2025-12-08,Krishna,5537.0,3703.927734375,1833.072265625
2025-12-08,Krishnagiri,4582.0,2901.91650390625,1680.08349609375
2025-12-08,Kulgam,1043.0,-93.8291015625,1136.8291015625
2025-12-08,Kullu,880.0,-144.23046875,1024.23046875
2025-12-08,Kupwara,1906.0,1318.4560546875,587.5439453125
2025-12-08,Kurnool,8343.0,4603.84326171875,3739.15673828125
2025-12-08,Kurukshetra,2835.0,1875.43896484375,959.56103515625
2025-12-08,Kurung Kumey,84.0,-2.17578125,86.17578125
2025-12-08,Kushinagar,5250.0,4353.77490234375,896.22509765625
2025-12-08,Lakhimpur,2287.0,328.8671875,1958.1328125
2025-12-08,Lakhisarai,2145.0,1363.91748046875,781.08251953125
2025-12-08,Lakshadweep,0.0,141.685546875,141.685546875
2025-12-08,Lalitpur,2490.0,2166.11328125,323.88671875
2025-12-08,Latehar,1399.0,1337.81591796875,61.18408203125
2025-12-08,Latur,6028.0,5293.5517578125,734.4482421875
2025-12-08,Lawangtlai,0.0,310.21875,310.21875
2025-12-08,Leh (Ladakh),0.0,257.2451171875,257.2451171875
2025-12-08,Lohardaga,1135.0,129.861328125,1005.138671875
2025-12-08,Lohit,198.0,-716.78125,914.78125
2025-12-08,Longleng,60.0,-284.7626953125,344.7626953125
2025-12-08,Lower Dibang Valley,62.0,441.7158203125,379.7158203125
2025-12-08,Lower Subansiri,68.0,92.4951171875,24.4951171875
2025-12-08,Lucknow,8670.0,4286.0654296875,4383.9345703125
2025-12-08,Ludhiana,5875.0,2175.1796875,3699.8203125
2025-12-08,Lunglei,103.0,-415.193359375,518.193359375
2025-12-08,Madhepura,5150.0,1654.2548828125,3495.7451171875
2025-12-08,Madhubani,10110.0,3655.15234375,6454.84765625
2025-12-08,Madurai,8633.0,4254.68798828125,4378.31201171875
2025-12-08,Maharajganj,4720.0,3100.943359375,1619.056640625
2025-12-08,Mahasamund,5423.0,2485.865234375,2937.134765625
2025-12-08,Mahbubnagar,0.0,17.365234375,17.365234375
2025-12-08,Mahendragarh,2284.0,2138.2646484375,145.7353515625
2025-12-08,Mahesana,3090.0,838.095703125,2251.904296875
2025-12-08,Mahoba,1638.0,1844.42333984375,206.42333984375
2025-12-08,Mainpuri,2767.0,1746.20751953125,1020.79248046875
2025-12-08,Malappuram,6177.0,3946.56884765625,2230.43115234375
2025-12-08,Maldah,0.0,199.7734375,199.7734375
2025-12-08,Malkangiri,318.0,-72.8720703125,390.8720703125
2025-12-08,Mamit,125.0,-990.900390625,1115.900390625
2025-12-08,Mandi,1864.0,-49.806640625,1913.806640625
2025-12-08,Mandla,1330.0,784.84619140625,545.15380859375
2025-12-08,Mandsaur,2289.0,1255.009765625,1033.990234375
2025-12-08,Mandya,2146.0,1024.94873046875,1121.05126953125
2025-12-08,Mansa,1976.0,745.0361328125,1230.9638671875
2025-12-08,Marigaon,1323.0,556.95703125,766.04296875
2025-12-08,Mathura,3868.0,2611.6630859375,1256.3369140625
2025-12-08,Mau,3269.0,2370.51123046875,898.48876953125
2025-12-08,Mayurbhanj,4106.0,2344.31396484375,1761.68603515625
2025-12-08,Medak,5084.0,1644.05615234375,3439.94384765625
2025-12-08,Meerut,5579.0,4027.583984375,1551.416015625
2025-12-08,Mirzapur,3764.0,2733.0029296875,1030.9970703125
2025-12-08,Moga,2002.0,526.7509765625,1475.2490234375
2025-12-08,Mokokchung,211.0,41.4384765625,169.5615234375
2025-12-08,Mon,320.0,562.541015625,242.541015625
2025-12-08,Moradabad,5947.0,4144.78515625,1802.21484375
2025-12-08,Morena,3939.0,2448.55859375,1490.44140625
2025-12-08,Muktsar,0.0,171.7236328125,171.7236328125
2025-12-08,Mumbai,27080.0,12877.4208984375,14202.5791015625
2025-12-08,Munger,2500.0,1055.7138671875,1444.2861328125
2025-12-08,Murshidabad,6554.0,3583.84814453125,2970.15185546875
2025-12-08,Muzaffarnagar,4802.0,3574.8720703125,1227.1279296875
2025-12-08,Muzaffarpur,8654.0,3275.58984375,5378.41015625
2025-12-08,Nabarangapur,0.0,74.6953125,74.6953125
2025-12-08,Nadia,3512.0,1889.5751953125,1622.4248046875
2025-12-08,Nagaon,6591.0,1887.30810546875,4703.69189453125
2025-12-08,Nagappattinam,0.0,95.1025390625,95.1025390625
2025-12-08,Nagaur,8381.0,4408.59130859375,3972.40869140625
2025-12-08,Nagpur,10022.0,8626.8251953125,1395.1748046875
2025-12-08,Nainital,5569.0,1708.16162109375,3860.83837890625
2025-12-08,Nalanda,4387.0,1728.677734375,2658.322265625
2025-12-08,Nalbari,849.0,-509.5,1358.5
2025-12-08,Nalgonda,5466.0,1553.30224609375,3912.69775390625
2025-12-08,Namakkal,4613.0,2015.1474609375,2597.8525390625
2025-12-08,Nanded,10156.0,7300.08203125,2855.91796875
2025-12-08,Nandurbar,3907.0,3802.10205078125,104.89794921875
2025-12-08,Narayanpur,1745.0,2002.4111328125,257.4111328125
2025-12-08,Narmada,904.0,209.0771484375,694.9228515625
2025-12-08,Nashik,18572.0,13899.35546875,4672.64453125
2025-12-08,Navsari,1493.0,155.501953125,1337.498046875
2025-12-08,Nawada,3455.0,989.66650390625,2465.33349609375
2025-12-08,Nayagarh,1328.0,198.3466796875,1129.6533203125
2025-12-08,Neemuch,1292.0,843.236328125,448.763671875
2025-12-08,New Delhi,146.0,1141.4189453125,995.4189453125
2025-12-08,Nicobar,0.0,-945.298828125,945.298828125
2025-12-08,Nizamabad,4828.0,1014.94384765625,3813.05615234375
2025-12-08,North,0.0,217.5458984375,217.5458984375
2025-12-08,North & Middle Andaman,0.0,-856.279296875,856.279296875
2025-12-08,North 24 Parganas,7168.0,3210.01416015625,3957.98583984375
2025-12-08,North Goa,1441.0,159.2998046875,1281.7001953125
2025-12-08,North Tripura,1497.0,138.53125,1358.46875
2025-12-08,Nuapada,1413.0,1038.1748046875,374.8251953125
2025-12-08,Pakur,1110.0,-181.9189453125,1291.9189453125
2025-12-08,Palakkad,3608.0,1598.34423828125,2009.65576171875
2025-12-08,Palamu,3908.0,2051.58935546875,1856.41064453125
2025-12-08,Pali,5945.0,3343.56689453125,2601.43310546875
2025-12-08,Palwal,2093.0,2381.23583984375,288.23583984375
2025-12-08,Panch Mahals,0.0,133.0771484375,133.0771484375
2025-12-08,Panchkula,1249.0,456.8515625,792.1484375
2025-12-08,Panipat,3491.0,1523.80859375,1967.19140625
2025-12-08,Panna,2034.0,1745.7158203125,288.2841796875
2025-12-08,Papum Pare,197.0,143.208984375,53.791015625
2025-12-08,Parbhani,5194.0,4221.259765625,972.740234375
2025-12-08,Pashchim Champaran,24461.0,7528.1640625,16932.8359375
2025-12-08,Pashchim Medinipur,0.0,208.7294921875,208.7294921875
2025-12-08,Pashchimi Singhbhum,7219.0,3541.16552734375,3677.83447265625
2025-12-08,Patan,2492.0,668.8681640625,1823.1318359375
2025-12-08,Pathanamthitta,1497.0,-117.6669921875,1614.6669921875
2025-12-08,Patiala,3936.0,1310.10986328125,2625.89013671875
2025-12-08,Patna,7631.0,2842.6171875,4788.3828125
2025-12-08,Perambalur,1939.0,1056.28125,882.71875
2025-12-08,Peren,89.0,-69.9716796875,158.9716796875
2025-12-08,Phek,269.0,68.498046875,200.501953125
2025-12-08,Pilibhit,4293.0,3180.2275390625,1112.7724609375
2025-12-08,Pithoragarh,2002.0,596.9423828125,1405.0576171875
2025-12-08,Porbandar,757.0,-361.3359375,1118.3359375
2025-12-08,Prakasam,5834.0,3068.53955078125,2765.46044921875
2025-12-08,Pratapgarh,5812.0,3248.439453125,2563.560546875
2025-12-08,Puducherry,1784.0,529.8916015625,1254.1083984375
2025-12-08,Pudukkottai,7372.0,2144.0380859375,5227.9619140625
2025-12-08,Pulwama,1642.0,-791.3623046875,2433.3623046875
2025-12-08,Punch,1949.0,919.619140625,1029.380859375
2025-12-08,Pune,24252.0,11906.716796875,12345.283203125
2025-12-08,Purba Champaran,26.0,-641.841796875,667.841796875
2025-12-08,Purba Medinipur,4900.0,1996.7724609375,2903.2275390625
2025-12-08,Purbi Singhbhum,422.0,793.48193359375,371.48193359375
2025-12-08,Puri,2746.0,616.044921875,2129.955078125
2025-12-08,Puruliya,0.0,174.1787109375,174.1787109375
2025-12-08,Rae Bareli,4413.0,2230.34716796875,2182.65283203125
2025-12-08,Raichur,4362.0,2327.83740234375,2034.16259765625
2025-12-08,Raigarh,9107.0,4208.1630859375,4898.8369140625
2025-12-08,Raipur,14417.0,4004.45751953125,10412.54296875
2025-12-08,Raisen,3126.0,1868.26513671875,1257.73486328125
2025-12-08,Rajgarh,3219.0,2626.0009765625,592.9990234375
2025-12-08,Rajkot,5052.0,1474.4619140625,3577.5380859375
2025-12-08,Rajnandgaon,8353.0,3260.67822265625,5092.32177734375
2025-12-08,Rajouri,2886.0,789.126953125,2096.873046875
2025-12-08,Rajsamand,2034.0,1248.01611328125,785.98388671875
2025-12-08,Ramanagara,0.0,51.5087890625,51.5087890625
2025-12-08,Ramanathapuram,4073.0,1271.96337890625,2801.03662109375
2025-12-08,Ramban,1686.0,-174.873046875,1860.873046875
2025-12-08,Ramgarh,1189.0,392.9404296875,796.0595703125
2025-12-08,Ranchi,4225.0,2908.005859375,1316.994140625
2025-12-08,Rangareddy,0.0,16.345703125,16.345703125
2025-12-08,Ratlam,7593.0,1991.9521484375,5601.0478515625
2025-12-08,Ratnagiri,4558.0,3516.89990234375,1041.10009765625
2025-12-08,Rayagada,1524.0,514.7197265625,1009.2802734375
2025-12-08,Reasi,671.0,289.2138671875,381.7861328125
2025-12-08,Rewa,4131.0,2535.66943359375,1595.33056640625
2025-12-08,Rewari,2057.0,1013.517578125,1043.482421875
2025-12-08,Ri Bhoi,132.0,-619.4658203125,751.4658203125
2025-12-08,Rohtak,2861.0,1137.29248046875,1723.70751953125
2025-12-08,Rohtas,4420.0,2317.037109375,2102.962890625
2025-12-08,Rudraprayag,1505.0,1272.04931640625,232.95068359375
2025-12-08,Rupnagar,1596.0,346.732421875,1249.267578125
2025-12-08,Sabar Kantha,0.0,145.1005859375,145.1005859375
2025-12-08,Sagar,0.0,45.3203125,45.3203125
2025-12-08,Saharanpur,7752.0,4455.9560546875,3296.0439453125
2025-12-08,Saharsa,4707.0,2448.68896484375,2258.31103515625
2025-12-08,Sahibganj,2294.0,962.82861328125,1331.17138671875
2025-12-08,Sahibzada Ajit Singh Nagar,1589.0,11.47265625,1577.52734375
2025-12-08,Saiha,115.0,672.70703125,557.70703125
2025-12-08,Salem,10209.0,4707.212890625,5501.787109375
2025-12-08,Samastipur,8301.0,3195.97509765625,5105.02490234375
2025-12-08,Samba,441.0,-341.5126953125,782.5126953125
2025-12-08,Sambalpur,1685.0,985.23779296875,699.76220703125
2025-12-08,Sangli,8052.0,5304.890625,2747.109375
2025-12-08,Sangrur,3373.0,1168.8681640625,2204.1318359375
2025-12-08,Sant Kabir Nagar,3704.0,2676.32275390625,1027.67724609375
2025-12-08,Sant Ravi Das Nagar(Bhadohi),0.0,77.3349609375,77.3349609375
2025-12-08,Saraikela-Kharsawan,0.0,164.1064453125,164.1064453125
2025-12-08,Satara,6684.0,3466.3896484375,3217.6103515625
2025-12-08,Satna,5670.0,2683.60546875,2986.39453125
2025-12-08,Sawai Madhopur,3049.0,1943.92578125,1105.07421875
2025-12-08,Sehore,3526.0,1624.94921875,1901.05078125
2025-12-08,Senapati,518.0,295.7080078125,222.2919921875
2025-12-08,Seoni,2283.0,1580.28857421875,702.71142578125
2025-12-08,Serchhip,82.0,-275.3505859375,357.3505859375
2025-12-08,Shahdol,3251.0,938.91162109375,2312.08837890625
2025-12-08,Shahid Bhagat Singh Nagar,1802.0,-303.8369140625,2105.8369140625
2025-12-08,Shahjahanpur,5209.0,3370.81884765625,1838.18115234375
2025-12-08,Shajapur,2731.0,1638.02978515625,1092.97021484375
2025-12-08,Sheikhpura,1640.0,838.66064453125,801.33935546875
2025-12-08,Sheohar,1428.0,948.22265625,479.77734375
2025-12-08,Sheopur,1484.0,1939.46533203125,455.46533203125
2025-12-08,Shimla,1241.0,78.0029296875,1162.9970703125
2025-12-08,Shivpuri,4319.0,2284.5,2034.5
2025-12-08,Siddharth Nagar,4849.0,3147.291015625,1701.708984375
2025-12-08,Sidhi,2242.0,850.51123046875,1391.48876953125
2025-12-08,Sikar,5427.0,2348.1591796875,3078.8408203125
2025-12-08,Simdega,1922.0,1587.7685546875,334.2314453125
2025-12-08,Sindhudurg,1864.0,562.892578125,1301.107421875
2025-12-08,Singrauli,1832.0,1187.6240234375,644.3759765625
2025-12-08,Sirmaur,897.0,6.6064453125,890.3935546875
2025-12-08,Sirohi,3065.0,2034.67822265625,1030.32177734375
2025-12-08,Sirsa,4346.0,2265.60546875,2080.39453125
2025-12-08,Sitamarhi,7972.0,3192.04638671875,4779.95361328125
2025-12-08,Sitapur,7633.0,4083.9599609375,3549.0400390625
2025-12-08,Sivaganga,4238.0,1252.58984375,2985.41015625
2025-12-08,Sivasagar,630.0,493.6044921875,136.3955078125
2025-12-08,Siwan,5687.0,2397.74267578125,3289.25732421875
2025-12-08,Solan,1078.0,-379.0703125,1457.0703125
2025-12-08,Solapur,14039.0,6040.49658203125,7998.50341796875
2025-12-08,Sonbhadra,2513.0,2014.828125,498.171875
2025-12-08,Sonipat,2779.0,1643.4150390625,1135.5849609375
2025-12-08,Sonitpur,1506.0,73.8662109375,1432.1337890625
2025-12-08,South,0.0,166.1630859375,166.1630859375
2025-12-08,South 24 Parganas,6550.0,3683.6328125,2866.3671875
2025-12-08,South Andaman,0.0,-785.8388671875,785.8388671875
2025-12-08,South Garo Hills,18.0,-495.302734375,513.302734375
2025-12-08,South Goa,991.0,572.806640625,418.193359375
2025-12-08,South Tripura,1504.0,1060.96630859375,443.03369140625
2025-12-08,Sri Potti Sriramulu Nellore,4311.0,2497.478515625,1813.521484375
2025-12-08,Srikakulam,4669.0,2288.0791015625,2380.9208984375
2025-12-08,Srinagar,4647.0,1288.01123046875,3358.98876953125
2025-12-08,Subarnapur,720.0,103.4169921875,616.5830078125
2025-12-08,Sultanpur,3590.0,2277.6484375,1312.3515625
2025-12-08,Sundargarh,3274.0,219.1865234375,3054.8134765625
2025-12-08,Supaul,4429.0,1731.2705078125,2697.7294921875
2025-12-08,Surat,8374.0,4313.0771484375,4060.9228515625
2025-12-08,Surendranagar,2452.0,433.6416015625,2018.3583984375
2025-12-08,Surguja,7706.0,1747.94189453125,5958.05810546875
2025-12-08,Tamenglong,142.0,79.4970703125,62.5029296875
2025-12-08,Tapi,1551.0,220.4208984375,1330.5791015625
2025-12-08,Tarn Taran,2301.0,705.330078125,1595.669921875
2025-12-08,Tawang,173.0,-1466.5048828125,1639.5048828125
2025-12-08,Tehri Garhwal,4382.0,2097.48486328125,2284.51513671875
2025-12-08,Thane,22522.0,12924.31640625,9597.68359375
2025-12-08,Thanjavur,8812.0,2681.22705078125,6130.77294921875
2025-12-08,The Dangs,0.0,146.0595703125,146.0595703125
2025-12-08,The Nilgiris,2807.0,-43.43359375,2850.43359375
2025-12-08,Theni,3632.0,1442.31884765625,2189.68115234375
2025-12-08,Thiruvallur,0.0,60.65625,60.65625
2025-12-08,Thiruvananthapuram,3904.0,1043.53515625,2860.46484375
2025-12-08,Thiruvarur,0.0,96.04296875,96.04296875
2025-12-08,Thoothukkudi,0.0,130.3330078125,130.3330078125
2025-12-08,Thoubal,958.0,2868.1630859375,1910.1630859375
2025-12-08,Thrissur,3441.0,832.5185546875,2608.4814453125
2025-12-08,Tikamgarh,3745.0,1989.26318359375,1755.73681640625
2025-12-08,Tinsukia,926.0,-7.408203125,933.408203125
2025-12-08,Tirap,41.0,-872.8134765625,913.8134765625
2025-12-08,Tiruchirappalli,7489.0,3265.89892578125,4223.10107421875
2025-12-08,Tirunelveli,9862.0,4186.53271484375,5675.46728515625
2025-12-08,Tiruppur,6691.0,2219.177734375,4471.822265625
2025-12-08,Tiruvannamalai,5941.0,2164.9921875,3776.0078125
2025-12-08,Tonk,2998.0,2466.00537109375,531.99462890625
2025-12-08,Tuensang,352.0,276.8369140625,75.1630859375
2025-12-08,Tumkur,0.0,46.234375,46.234375
2025-12-08,Udaipur,6813.0,4166.64306640625,2646.35693359375
2025-12-08,Udalguri,1087.0,309.568359375,777.431640625
2025-12-08,Udham Singh Nagar,16552.0,4176.76123046875,12375.23828125
2025-12-08,Udhampur,1510.0,29.919921875,1480.080078125
2025-12-08,Udupi,1001.0,-195.28125,1196.28125
2025-12-08,Ujjain,5199.0,2978.15185546875,2220.84814453125
2025-12-08,Ukhrul,262.0,1190.06103515625,928.06103515625
2025-12-08,Umaria,1553.0,946.3125,606.6875
2025-12-08,Una,1290.0,-889.6767578125,2179.6767578125
2025-12-08,Unnao,4766.0,2717.3251953125,2048.6748046875
2025-12-08,Upper Siang,103.0,-159.341796875,262.341796875
2025-12-08,Upper Subansiri,85.0,-96.9140625,181.9140625
2025-12-08,Uttar Bastar Kanker,0.0,51.6953125,51.6953125
2025-12-08,Uttara Kannada,1771.0,-119.3701171875,1890.3701171875
2025-12-08,Uttarkashi,1888.0,994.94677734375,893.05322265625
2025-12-08,Vadodara,6604.0,2908.4482421875,3695.5517578125
2025-12-08,Vaishali,6891.0,2882.984375,4008.015625
2025-12-08,Valsad,2357.0,757.1005859375,1599.8994140625
2025-12-08,Varanasi,7015.0,3904.33203125,3110.66796875
2025-12-08,Vellore,8974.0,3678.154296875,5295.845703125
2025-12-08,Vidisha,3928.0,2537.59375,1390.40625
2025-12-08,Viluppuram,8004.0,2631.75390625,5372.24609375
2025-12-08,Virudunagar,0.0,110.3291015625,110.3291015625
2025-12-08,Visakhapatnam,7982.0,4463.646484375,3518.353515625
2025-12-08,Vizianagaram,4897.0,2611.6142578125,2285.3857421875
2025-12-08,Warangal,3896.0,1188.02783203125,2707.97216796875
2025-12-08,Wardha,4886.0,3647.1083984375,1238.8916015625
2025-12-08,Washim,4790.0,4191.08642578125,598.91357421875
2025-12-08,Wayanad,861.0,541.7177734375,319.2822265625
2025-12-08,West,0.0,188.890625,188.890625
2025-12-08,West Garo Hills,402.0,-289.7978515625,691.7978515625
2025-12-08,West Godavari,6547.0,2731.28857421875,3815.71142578125
2025-12-08,West Kameng,362.0,-608.1708984375,970.1708984375
2025-12-08,West Khasi Hills,104.0,-310.703125,414.703125
2025-12-08,West Tripura,2550.0,1429.1376953125,1120.8623046875
2025-12-08,Wokha,185.0,722.2158203125,537.2158203125
2025-12-08,Yadgir,2061.0,528.8017578125,1532.1982421875
2025-12-08,Yamunanagar,3879.0,1873.3017578125,2005.6982421875
2025-12-08,Yanam,11.0,-441.490234375,452.490234375
2025-12-08,Yavatmal,12217.0,9531.5078125,2685.4921875
2025-12-08,Zunheboto,193.0,115.44921875,77.55078125
2025-12-15,Adilabad,2650.0,421.0341796875,2228.9658203125
2025-12-15,Agra,0.0,85.185546875,85.185546875
2025-12-15,Ahmadabad,0.0,210.064453125,210.064453125
2025-12-15,Ahmadnagar,0.0,129.02734375,129.02734375
2025-12-15,Aizawl,214.0,267.7919921875,53.7919921875
2025-12-15,Ajmer,3183.0,1755.83251953125,1427.16748046875
2025-12-15,Akola,2690.0,2820.6708984375,130.6708984375
2025-12-15,Alappuzha,1926.0,292.7626953125,1633.2373046875
2025-12-15,Aligarh,4157.0,2019.392578125,2137.607421875
2025-12-15,Alirajpur,1107.0,774.2421875,332.7578125
2025-12-15,Almora,1578.0,620.7216796875,957.2783203125
2025-12-15,Alwar,5054.0,2860.26025390625,2193.73974609375
2025-12-15,Ambala,1557.0,947.37841796875,609.62158203125
2025-12-15,Ambedkar Nagar,2175.0,1495.52099609375,679.47900390625
2025-12-15,Amravati,5125.0,3989.029296875,1135.970703125
2025-12-15,Amreli,1626.0,191.0283203125,1434.9716796875
2025-12-15,Amritsar,2747.0,1033.40771484375,1713.59228515625
2025-12-15,Anand,2952.0,240.65234375,2711.34765625
2025-12-15,Anantnag,3035.0,1271.36376953125,1763.63623046875
2025-12-15,Anjaw,6.0,1061.7294921875,1055.7294921875
2025-12-15,Anugul,1283.0,-317.84765625,1600.84765625
2025-12-15,Anuppur,1383.0,926.6103515625,456.3896484375
2025-12-15,Araria,2987.0,1800.3046875,1186.6953125
2025-12-15,Ariyalur,1129.0,694.1640625,434.8359375
2025-12-15,Arwal,509.0,600.2392578125,91.2392578125
2025-12-15,Ashoknagar,4442.0,2286.11669921875,2155.88330078125
2025-12-15,Auraiya,1344.0,1637.09228515625,293.09228515625
2025-12-15,Aurangabad,1560.0,1240.3466796875,319.6533203125
2025-12-15,Azamgarh,4457.0,2859.04345703125,1597.95654296875
2025-12-15,Bagalkot,0.0,91.791015625,91.791015625
2025-12-15,Bageshwar,688.0,1180.1416015625,492.1416015625
2025-12-15,Baghpat,1418.0,775.46044921875,642.53955078125
2025-12-15,Bahraich,5419.0,2661.1689453125,2757.8310546875
2025-12-15,Baksa,421.0,343.333984375,77.666015625
2025-12-15,Balaghat,3559.0,1673.4580078125,1885.5419921875
2025-12-15,Balangir,1728.0,-41.884765625,1769.884765625
2025-12-15,Baleshwar,0.0,215.56640625,215.56640625
2025-12-15,Ballia,2836.0,2482.33837890625,353.66162109375
2025-12-15,Balrampur,5540.0,3998.46923828125,1541.53076171875
2025-12-15,Banas Kantha,0.0,209.4375,209.4375
2025-12-15,Banda,1931.0,1840.904296875,90.095703125
2025-12-15,Banka,1701.0,1067.083984375,633.916015625
2025-12-15,Bankura,2301.0,779.6513671875,1521.3486328125
2025-12-15,Banswara,1634.0,2303.33203125,669.33203125
2025-12-15,Bara Banki,0.0,112.369140625,112.369140625
2025-12-15,Baramula,0.0,310.18359375,310.18359375
2025-12-15,Baran,2804.0,1936.279296875,867.720703125
2025-12-15,Barddhaman,0.0,233.3310546875,233.3310546875
2025-12-15,Bareilly,5265.0,3515.7880859375,1749.2119140625
2025-12-15,Bargarh,1555.0,1115.900390625,439.099609375
2025-12-15,Barmer,4069.0,2854.07421875,1214.92578125
2025-12-15,Barnala,799.0,856.28857421875,57.28857421875
2025-12-15,Barpeta,1483.0,1640.25732421875,157.25732421875
2025-12-15,Barwani,1533.0,1186.98681640625,346.01318359375
2025-12-15,Bastar,3438.0,1676.32080078125,1761.67919921875
2025-12-15,Basti,4029.0,2558.1201171875,1470.8798828125
2025-12-15,Bathinda,2229.0,1389.51708984375,839.48291015625
2025-12-15,Begusarai,2620.0,2026.7841796875,593.2158203125
2025-12-15,Betul,2877.0,2218.12744140625,658.87255859375
2025-12-15,Bhadrak,1573.0,272.3720703125,1300.6279296875
2025-12-15,Bhagalpur,2585.0,1865.20068359375,719.79931640625
2025-12-15,Bhandara,1817.0,1803.4736328125,13.5263671875
2025-12-15,Bharatpur,2825.0,2533.39453125,291.60546875
2025-12-15,Bharuch,2309.0,921.5625,1387.4375
2025-12-15,Bhavnagar,3350.0,1006.63037109375,2343.36962890625
2025-12-15,Bhilwara,3225.0,2350.61181640625,874.38818359375
2025-12-15,Bhind,1903.0,1974.5888671875,71.5888671875
2025-12-15,Bhiwani,2369.0,1457.39013671875,911.60986328125
2025-12-15,Bhojpur,1599.0,1276.8671875,322.1328125
2025-12-15,Bhopal,3917.0,1855.60595703125,2061.39404296875
2025-12-15,Bidar,1643.0,1610.90673828125,32.09326171875
2025-12-15,Bijapur,862.0,964.3828125,102.3828125
2025-12-15,Bijnor,4736.0,3395.892578125,1340.107421875
2025-12-15,Bikaner,3248.0,2145.2158203125,1102.7841796875
2025-12-15,Bilaspur,7547.0,2227.60107421875,5319.39892578125
2025-12-15,Birbhum,2274.0,1286.88671875,987.11328125
2025-12-15,Bishnupur,142.0,1413.794921875,1271.794921875
2025-12-15,Bokaro,1822.0,1138.7802734375,683.2197265625
2025-12-15,Bongaigaon,623.0,1165.80810546875,542.80810546875
2025-12-15,Budaun,3060.0,1775.111328125,1284.888671875
2025-12-15,Bulandshahr,4109.0,1825.19775390625,2283.80224609375
2025-12-15,Buldana,0.0,99.1494140625,99.1494140625
2025-12-15,Bundi,1388.0,1737.69580078125,349.69580078125
2025-12-15,Burhanpur,1178.0,1336.67236328125,158.67236328125
2025-12-15,Buxar,1082.0,1205.1826171875,123.1826171875
2025-12-15,Cachar,0.0,302.5439453125,302.5439453125
2025-12-15,Central,0.0,109.203125,109.203125
2025-12-15,Chamba,598.0,551.158203125,46.841796875
2025-12-15,Chamoli,1307.0,718.7509765625,588.2490234375
2025-12-15,Champawat,1139.0,1379.13037109375,240.13037109375
2025-12-15,Champhai,42.0,-91.349609375,133.349609375
2025-12-15,Chamrajnagar,0.0,106.0,106.0
2025-12-15,Chandauli,1881.0,1813.13916015625,67.86083984375
2025-12-15,Chandel,113.0,1163.99365234375,1050.99365234375
2025-12-15,Chandigarh,791.0,740.029296875,50.970703125
2025-12-15,Chandrapur,5022.0,3015.0927734375,2006.9072265625
2025-12-15,Changlang,44.0,-398.0654296875,442.0654296875
2025-12-15,Chatra,1177.0,1609.708984375,432.708984375
2025-12-15,Chennai,5371.0,2186.60791015625,3184.39208984375
2025-12-15,Chhatarpur,3053.0,2244.57861328125,808.42138671875
2025-12-15,Chhindwara,3457.0,1744.6484375,1712.3515625
2025-12-15,Chikkaballapura,1072.0,564.53125,507.46875
2025-12-15,Chikmagalur,0.0,96.845703125,96.845703125
2025-12-15,Chirang,856.0,594.9423828125,261.0576171875
2025-12-15,Chitradurga,1720.0,347.27734375,1372.72265625
2025-12-15,Chitrakoot,1539.0,2081.37841796875,542.37841796875
2025-12-15,Chittaurgarh,0.0,115.603515625,115.603515625
2025-12-15,Chittoor,3935.0,2880.7802734375,1054.2197265625
2025-12-15,Churachandpur,168.0,-18.7822265625,186.7822265625
2025-12-15,Churu,3164.0,2236.88232421875,927.11767578125
2025-12-15,Coimbatore,4324.0,1616.2353515625,2707.7646484375
2025-12-15,Cuddalore,4366.0,1672.826171875,2693.173828125
2025-12-15,Cuttack,2704.0,295.9658203125,2408.0341796875
2025-12-15,Dadra & Nagar Haveli,0.0,194.96484375,194.96484375
2025-12-15,Dakshin Bastar Dantewada,0.0,90.8623046875,90.8623046875
2025-12-15,Dakshina Kannada,1628.0,-133.921875,1761.921875
2025-12-15,Damoh,1874.0,1666.337890625,207.662109375
2025-12-15,Darbhanga,3762.0,2288.3779296875,1473.6220703125
2025-12-15,Darrang,642.0,1389.3046875,747.3046875
2025-12-15,Datia,896.0,1572.1806640625,676.1806640625
2025-12-15,Dausa,2547.0,1928.43408203125,618.56591796875
2025-12-15,Davanagere,1962.0,89.9619140625,1872.0380859375
2025-12-15,Debagarh,262.0,540.9091796875,278.9091796875
2025-12-15,Dehradun,4707.0,2232.30810546875,2474.69189453125
2025-12-15,Deoghar,1460.0,1676.9765625,216.9765625
2025-12-15,Deoria,3449.0,2648.52978515625,800.47021484375
2025-12-15,Dewas,2636.0,1306.7080078125,1329.2919921875
2025-12-15,Dhalai,474.0,939.0048828125,465.0048828125
2025-12-15,Dhamtari,2943.0,1652.01904296875,1290.98095703125
2025-12-15,Dhanbad,2371.0,1590.84765625,780.15234375
2025-12-15,Dhar,2224.0,1400.38671875,823.61328125
2025-12-15,Dharmapuri,3286.0,915.79931640625,2370.20068359375
2025-12-15,Dharwad,1581.0,231.568359375,1349.431640625
2025-12-15,Dhemaji,587.0,616.849609375,29.849609375
2025-12-15,Dhenkanal,1181.0,498.810546875,682.189453125
2025-12-15,Dhubri,1401.0,1604.47802734375,203.47802734375
2025-12-15,Dhule,2759.0,2729.8046875,29.1953125
2025-12-15,Dibang Valley,2.0,1340.0908203125,1338.0908203125
2025-12-15,Dibrugarh,374.0,501.625,127.625
2025-12-15,Dima Hasao,91.0,-318.8681640625,409.8681640625
2025-12-15,Dimapur,523.0,1077.56201171875,554.56201171875
2025-12-15,Dindigul,3745.0,1671.1162109375,2073.8837890625
2025-12-15,Dindori,929.0,1634.9345703125,705.9345703125
2025-12-15,Diu,87.0,-2059.658203125,2146.658203125
2025-12-15,Doda,755.0,1036.8515625,281.8515625
2025-12-15,Dumka,1094.0,1791.43701171875,697.43701171875
2025-12-15,Dungarpur,1956.0,2105.16650390625,149.16650390625
2025-12-15,Durg,5101.0,2490.37939453125,2610.62060546875
2025-12-15,East,0.0,217.841796875,217.841796875
2025-12-15,East Garo Hills,22.0,-481.638671875,503.638671875
2025-12-15,East Godavari,6758.0,3859.33544921875,2898.66455078125
2025-12-15,East Kameng,21.0,977.40625,956.40625
2025-12-15,East Khasi Hills,402.0,256.83203125,145.16796875
2025-12-15,East Siang,111.0,27.515625,83.484375
2025-12-15,Ernakulam,2557.0,1410.853515625,1146.146484375
2025-12-15,Erode,2836.0,1460.59619140625,1375.40380859375
2025-12-15,Etah,1449.0,1801.6728515625,352.6728515625
2025-12-15,Etawah,1823.0,2150.541015625,327.541015625
2025-12-15,Faridabad,2797.0,2071.64501953125,725.35498046875
2025-12-15,Faridkot,847.0,536.341796875,310.658203125
2025-12-15,Farrukhabad,2324.0,1457.7978515625,866.2021484375
2025-12-15,Fatehabad,1836.0,1528.78466796875,307.21533203125
2025-12-15,Fatehgarh Sahib,824.0,213.236328125,610.763671875
2025-12-15,Fatehpur,4492.0,2815.177734375,1676.822265625
2025-12-15,Firozabad,2264.0,1886.3125,377.6875
2025-12-15,Gadag,985.0,-212.421875,1197.421875
2025-12-15,Gajapati,683.0,315.2724609375,367.7275390625
2025-12-15,Ganderbal,558.0,371.884765625,186.115234375
2025-12-15,Gandhinagar,1668.0,358.0302734375,1309.9697265625
2025-12-15,Ganganagar,2397.0,1216.32958984375,1180.67041015625
2025-12-15,Ganjam,3779.0,1207.52392578125,2571.47607421875
2025-12-15,Garhchiroli,0.0,87.0908203125,87.0908203125
2025-12-15,Garhwa,1663.0,1395.88525390625,267.11474609375
2025-12-15,Gautam Buddha Nagar,1730.0,1505.154296875,224.845703125
2025-12-15,Gaya,3147.0,1586.67529296875,1560.32470703125
2025-12-15,Ghaziabad,2931.0,3208.1123046875,277.1123046875
2025-12-15,Ghazipur,3104.0,2450.9453125,653.0546875
2025-12-15,Giridih,2008.0,2009.20556640625,1.20556640625
2025-12-15,Goalpara,876.0,1307.31201171875,431.31201171875
2025-12-15,Godda,1461.0,1234.13037109375,226.86962890625
2025-12-15,Golaghat,559.0,274.42578125,284.57421875
2025-12-15,Gonda,3199.0,2595.38427734375,603.61572265625
2025-12-15,Gondiya,0.0,95.9482421875,95.9482421875
2025-12-15,Gopalganj,1960.0,1487.52392578125,472.47607421875
2025-12-15,Gorakhpur,3784.0,3155.0693359375,628.9306640625
2025-12-15,Gumla,2489.0,1144.50439453125,1344.49560546875
2025-12-15,Guna,1864.0,1069.9111328125,794.0888671875
2025-12-15,Guntur,4988.0,3547.80517578125,1440.19482421875
2025-12-15,Gurdaspur,1730.0,537.2919921875,1192.7080078125
2025-12-15,Gwalior,2555.0,1963.208984375,591.791015625
2025-12-15,Hailakandi,684.0,492.5302734375,191.4697265625
2025-12-15,Hamirpur,1625.0,747.9677734375,877.0322265625
2025-12-15,Hanumangarh,2176.0,1523.4970703125,652.5029296875
2025-12-15,Harda,709.0,499.193359375,209.806640625
2025-12-15,Hardoi,4306.0,3188.12109375,1117.87890625
2025-12-15,Hardwar,0.0,136.5322265625,136.5322265625
2025-12-15,Hassan,1624.0,-594.3408203125,2218.3408203125
2025-12-15,Haveri,1452.0,234.4462890625,1217.5537109375
2025-12-15,Hazaribagh,1727.0,875.5556640625,851.4443359375
2025-12-15,Hingoli,2366.0,2281.75244140625,84.24755859375
2025-12-15,Hisar,2408.0,1590.4326171875,817.5673828125
2025-12-15,Hoshiarpur,1980.0,240.013671875,1739.986328125
2025-12-15,Hyderabad,9226.0,2930.74365234375,6295.25634765625
2025-12-15,Idukki,894.0,239.6669921875,654.3330078125
2025-12-15,Imphal East,691.0,1670.31591796875,979.31591796875
2025-12-15,Imphal West,525.0,1634.82373046875,1109.82373046875
2025-12-15,Indore,5491.0,2928.529296875,2562.470703125
2025-12-15,Jabalpur,3819.0,2070.63720703125,1748.36279296875
2025-12-15,Jagatsinghapur,1310.0,-380.8037109375,1690.8037109375
2025-12-15,Jaintia Hills,0.0,292.728515625,292.728515625
2025-12-15,Jaipur,7778.0,3848.1767578125,3929.8232421875
2025-12-15,Jaisalmer,1159.0,974.22314453125,184.77685546875
2025-12-15,Jajapur,0.0,198.21875,198.21875
2025-12-15,Jalandhar,2752.0,1126.232421875,1625.767578125
2025-12-15,Jalaun,1528.0,1823.16162109375,295.16162109375
2025-12-15,Jalgaon,7596.0,4135.4169921875,3460.5830078125
2025-12-15,Jalna,3296.0,2123.22314453125,1172.77685546875
2025-12-15,Jalor,0.0,183.841796875,183.841796875
2025-12-15,Jalpaiguri,2081.0,493.8310546875,1587.1689453125
2025-12-15,Jammu,1958.0,945.6025390625,1012.3974609375
2025-12-15,Jamnagar,2396.0,306.2412109375,2089.7587890625
2025-12-15,Jamtara,694.0,1693.0869140625,999.0869140625
2025-12-15,Jamui,2417.0,1599.259765625,817.740234375
2025-12-15,Janjgir-Champa,5960.0,2535.1015625,3424.8984375
2025-12-15,Jashpur,2407.0,1835.92822265625,571.07177734375
2025-12-15,Jaunpur,4251.0,2838.419921875,1412.580078125
2025-12-15,Jehanabad,711.0,600.203125,110.796875
2025-12-15,Jhabua,1333.0,1843.29541015625,510.29541015625
2025-12-15,Jhajjar,1348.0,1191.49267578125,156.50732421875
2025-12-15,Jhalawar,1931.0,2020.24169921875,89.24169921875
2025-12-15,Jhansi,2543.0,2313.0068359375,229.9931640625
2025-12-15,Jharsuguda,565.0,-186.7470703125,751.7470703125
2025-12-15,Jhunjhunun,0.0,124.55078125,124.55078125
2025-12-15,Jind,2183.0,2136.45849609375,46.54150390625
2025-12-15,Jodhpur,4983.0,2622.23291015625,2360.76708984375
2025-12-15,Jorhat,360.0,569.900390625,209.900390625
2025-12-15,Junagadh,3712.0,285.0859375,3426.9140625
2025-12-15,Kachchh,3300.0,469.87109375,2830.12890625
2025-12-15,Kaimur (Bhabua),0.0,135.05078125,135.05078125
2025-12-15,Kaithal,1572.0,1784.93017578125,212.93017578125
2025-12-15,Kalahandi,1595.0,908.3837890625,686.6162109375
2025-12-15,Kamrup,909.0,915.23974609375,6.23974609375
2025-12-15,Kancheepuram,0.0,107.720703125,107.720703125
2025-12-15,Kandhamal,981.0,210.8359375,770.1640625
2025-12-15,Kangra,2115.0,1027.71875,1087.28125
2025-12-15,Kannauj,1631.0,1971.95263671875,340.95263671875
2025-12-15,Kanniyakumari,0.0,188.171875,188.171875
2025-12-15,Kannur,1979.0,1104.3984375,874.6015625
2025-12-15,Kanpur Dehat,1629.0,1598.09619140625,30.90380859375
2025-12-15,Kanpur Nagar,3448.0,2961.4892578125,486.5107421875
2025-12-15,Kapurthala,1114.0,514.9658203125,599.0341796875
2025-12-15,Karaikal,345.0,-141.1572265625,486.1572265625
2025-12-15,Karauli,2034.0,1755.89599609375,278.10400390625
2025-12-15,Karbi Anglong,1006.0,515.8271484375,490.1728515625
2025-12-15,Kargil,149.0,282.8408203125,133.8408203125
2025-12-15,Karimganj,1653.0,270.7421875,1382.2578125
2025-12-15,Karimnagar,3078.0,669.7783203125,2408.2216796875
2025-12-15,Karnal,2269.0,1839.64013671875,429.35986328125
2025-12-15,Karur,1309.0,820.771484375,488.228515625
2025-12-15,Kasaragod,1168.0,398.5634765625,769.4365234375
2025-12-15,Kathua,857.0,815.2392578125,41.7607421875
2025-12-15,Katihar,4034.0,2667.375,1366.625
2025-12-15,Katni,3580.0,1459.740234375,2120.259765625
2025-12-15,Kaushambi,2018.0,1867.970703125,150.029296875
2025-12-15,Kendrapara,1515.0,81.455078125,1433.544921875
2025-12-15,Kendujhar,1939.0,884.6240234375,1054.3759765625
2025-12-15,Khagaria,1660.0,1653.41162109375,6.58837890625
2025-12-15,Khammam,2019.0,-96.5078125,2115.5078125
2025-12-15,Kheda,3129.0,567.8486328125,2561.1513671875
2025-12-15,Kheri,0.0,97.4541015625,97.4541015625
2025-12-15,Khordha,2631.0,-613.36328125,3244.36328125
2025-12-15,Khunti,604.0,1329.38671875,725.38671875
2025-12-15,Kinnaur,82.0,626.609375,544.609375
2025-12-15,Kiphire,57.0,1752.5703125,1695.5703125
2025-12-15,Kishanganj,4370.0,1890.06591796875,2479.93408203125
2025-12-15,Kishtwar,507.0,985.83154296875,478.83154296875
2025-12-15,Kodagu,315.0,-521.10546875,836.10546875
2025-12-15,Kodarma,895.0,859.70458984375,35.29541015625
2025-12-15,Kohima,207.0,633.326171875,426.326171875
2025-12-15,Kokrajhar,647.0,1113.51611328125,466.51611328125
2025-12-15,Kolar,1821.0,672.8798828125,1148.1201171875
2025-12-15,Kolasib,49.0,-606.37109375,655.37109375
2025-12-15,Kolhapur,4399.0,2477.966796875,1921.033203125
2025-12-15,Kolkata,1983.0,691.7490234375,1291.2509765625
2025-12-15,Kollam,2194.0,861.40625,1332.59375
2025-12-15,Koppal,1427.0,855.3544921875,571.6455078125
2025-12-15,Koraput,1271.0,206.71484375,1064.28515625
2025-12-15,Korba,2441.0,1242.341796875,1198.658203125
2025-12-15,Koriya,2124.0,693.955078125,1430.044921875
2025-12-15,Kota,1984.0,1705.62451171875,278.37548828125
2025-12-15,Kottayam,1455.0,250.70703125,1204.29296875
2025-12-15,Kozhikode,3057.0,2016.85302734375,1040.14697265625
2025-12-15,Krishna,3670.0,2941.30712890625,728.69287109375
2025-12-15,Krishnagiri,2138.0,1973.18212890625,164.81787109375
2025-12-15,Kulgam,738.0,887.876953125,149.876953125
2025-12-15,Kullu,435.0,233.94140625,201.05859375
2025-12-15,Kupwara,1286.0,1469.392578125,183.392578125
2025-12-15,Kurnool,4808.0,3846.4716796875,961.5283203125
2025-12-15,Kurukshetra,1593.0,1480.46435546875,112.53564453125
2025-12-15,Kurung Kumey,6.0,212.2041015625,206.2041015625
2025-12-15,Kushinagar,3365.0,3384.6884765625,19.6884765625
2025-12-15,Lakhimpur,871.0,282.3408203125,588.6591796875
2025-12-15,Lakhisarai,877.0,1673.26904296875,796.26904296875
2025-12-15,Lakshadweep,0.0,188.2294921875,188.2294921875
2025-12-15,Lalitpur,1548.0,1874.81884765625,326.81884765625
2025-12-15,Latehar,899.0,1485.17236328125,586.17236328125
2025-12-15,Latur,2790.0,3081.8037109375,291.8037109375
2025-12-15,Lawangtlai,0.0,322.57421875,322.57421875
2025-12-15,Leh (Ladakh),0.0,293.64453125,293.64453125
2025-12-15,Lohardaga,632.0,360.017578125,271.982421875
2025-12-15,Lohit,76.0,67.431640625,8.568359375
2025-12-15,Longleng,37.0,71.0126953125,34.0126953125
2025-12-15,Lower Dibang Valley,25.0,789.1640625,764.1640625
2025-12-15,Lower Subansiri,16.0,-404.1708984375,420.1708984375
2025-12-15,Lucknow,5696.0,2877.826171875,2818.173828125
2025-12-15,Ludhiana,2962.0,1455.541015625,1506.458984375
2025-12-15,Lunglei,89.0,867.03076171875,778.03076171875
2025-12-15,Madhepura,2329.0,1753.17236328125,575.82763671875
2025-12-15,Madhubani,4738.0,2555.2333984375,2182.7666015625
2025-12-15,Madurai,4454.0,2277.7216796875,2176.2783203125
2025-12-15,Maharajganj,3137.0,2703.11376953125,433.88623046875
2025-12-15,Mahasamund,3588.0,2569.6611328125,1018.3388671875
2025-12-15,Mahbubnagar,0.0,70.8408203125,70.8408203125
2025-12-15,Mahendragarh,1610.0,2063.53955078125,453.53955078125
2025-12-15,Mahesana,2704.0,352.5546875,2351.4453125
2025-12-15,Mahoba,1173.0,1878.80615234375,705.80615234375
2025-12-15,Mainpuri,1799.0,2012.59765625,213.59765625
2025-12-15,Malappuram,3972.0,2287.103515625,1684.896484375
2025-12-15,Maldah,0.0,221.6962890625,221.6962890625
2025-12-15,Malkangiri,421.0,-167.31640625,588.31640625
2025-12-15,Mamit,32.0,-718.8837890625,750.8837890625
2025-12-15,Mandi,1001.0,528.3271484375,472.6728515625
2025-12-15,Mandla,1143.0,1445.865234375,302.865234375
2025-12-15,Mandsaur,1692.0,1239.86572265625,452.13427734375
2025-12-15,Mandya,1374.0,453.4736328125,920.5263671875
2025-12-15,Mansa,945.0,1170.99365234375,225.99365234375
2025-12-15,Marigaon,712.0,541.1396484375,170.8603515625
2025-12-15,Mathura,2528.0,2187.36083984375,340.63916015625
2025-12-15,Mau,1855.0,1917.369140625,62.369140625
2025-12-15,Mayurbhanj,2665.0,1544.830078125,1120.169921875
2025-12-15,Medak,3206.0,761.138671875,2444.861328125
2025-12-15,Meerut,3339.0,3191.98583984375,147.01416015625
2025-12-15,Mirzapur,2486.0,2011.69091796875,474.30908203125
2025-12-15,Moga,949.0,356.126953125,592.873046875
2025-12-15,Mokokchung,123.0,90.546875,32.453125
2025-12-15,Mon,128.0,1376.54248046875,1248.54248046875
2025-12-15,Moradabad,3499.0,2664.72705078125,834.27294921875
2025-12-15,Morena,2308.0,2130.5205078125,177.4794921875
2025-12-15,Muktsar,0.0,188.6005859375,188.6005859375
2025-12-15,Mumbai,15901.0,6404.5166015625,9496.4833984375
2025-12-15,Munger,975.0,1531.43505859375,556.43505859375
2025-12-15,Murshidabad,4062.0,1593.01416015625,2468.98583984375
2025-12-15,Muzaffarnagar,3013.0,2582.51953125,430.48046875
2025-12-15,Muzaffarpur,3680.0,1988.3447265625,1691.6552734375
2025-12-15,Nabarangapur,0.0,102.423828125,102.423828125
2025-12-15,Nadia,2268.0,996.6533203125,1271.3466796875
2025-12-15,Nagaon,3706.0,1447.720703125,2258.279296875
2025-12-15,Nagappattinam,0.0,133.119140625,133.119140625
2025-12-15,Nagaur,5399.0,2459.501953125,2939.498046875
2025-12-15,Nagpur,6289.0,4152.29541015625,2136.70458984375
2025-12-15,Nainital,3360.0,1800.90966796875,1559.09033203125
2025-12-15,Nalanda,2333.0,1470.37890625,862.62109375
2025-12-15,Nalbari,373.0,176.248046875,196.751953125
2025-12-15,Nalgonda,3562.0,738.080078125,2823.919921875
2025-12-15,Namakkal,2427.0,1287.1689453125,1139.8310546875
2025-12-15,Nanded,5406.0,3952.943359375,1453.056640625
2025-12-15,Nandurbar,2953.0,1970.36376953125,982.63623046875
2025-12-15,Narayanpur,699.0,1900.603515625,1201.603515625
2025-12-15,Narmada,807.0,616.935546875,190.064453125
2025-12-15,Nashik,12009.0,6655.474609375,5353.525390625
2025-12-15,Navsari,1162.0,682.61328125,479.38671875
2025-12-15,Nawada,1598.0,1076.95068359375,521.04931640625
2025-12-15,Nayagarh,1013.0,414.0849609375,598.9150390625
2025-12-15,Neemuch,958.0,1351.8876953125,393.8876953125
2025-12-15,New Delhi,94.0,1246.673828125,1152.673828125
2025-12-15,Nicobar,0.0,-945.298828125,945.298828125
2025-12-15,Nizamabad,3301.0,198.248046875,3102.751953125
2025-12-15,North,0.0,230.4677734375,230.4677734375
2025-12-15,North & Middle Andaman,0.0,-856.279296875,856.279296875
2025-12-15,North 24 Parganas,4882.0,1329.98486328125,3552.01513671875
2025-12-15,North Goa,692.0,792.86083984375,100.86083984375
2025-12-15,North Tripura,956.0,385.1474609375,570.8525390625
2025-12-15,Nuapada,790.0,1387.90869140625,597.90869140625
2025-12-15,Pakur,691.0,390.6513671875,300.3486328125
2025-12-15,Palakkad,2403.0,1061.15966796875,1341.84033203125
2025-12-15,Palamu,2526.0,1581.56787109375,944.43212890625
2025-12-15,Pali,3533.0,2023.8896484375,1509.1103515625
2025-12-15,Palwal,1826.0,2270.88427734375,444.88427734375
2025-12-15,Panch Mahals,0.0,160.5673828125,160.5673828125
2025-12-15,Panchkula,904.0,885.02001953125,18.97998046875
2025-12-15,Panipat,2003.0,1521.44189453125,481.55810546875
2025-12-15,Panna,1267.0,875.96435546875,391.03564453125
2025-12-15,Papum Pare,69.0,21.5927734375,47.4072265625
2025-12-15,Parbhani,3202.0,2352.873046875,849.126953125
2025-12-15,Pashchim Champaran,11260.0,4286.2177734375,6973.7822265625
2025-12-15,Pashchim Medinipur,0.0,227.8203125,227.8203125
2025-12-15,Pashchimi Singhbhum,4639.0,1813.5048828125,2825.4951171875
2025-12-15,Patan,2128.0,958.7548828125,1169.2451171875
2025-12-15,Pathanamthitta,1027.0,141.4912109375,885.5087890625
2025-12-15,Patiala,2182.0,1444.92919921875,737.07080078125
2025-12-15,Patna,3427.0,1864.77197265625,1562.22802734375
2025-12-15,Perambalur,1105.0,1222.3984375,117.3984375
2025-12-15,Peren,53.0,1100.64599609375,1047.64599609375
2025-12-15,Phek,107.0,476.2802734375,369.2802734375
2025-12-15,Pilibhit,3004.0,2701.25537109375,302.74462890625
2025-12-15,Pithoragarh,1471.0,522.5859375,948.4140625
2025-12-15,Porbandar,741.0,-80.638671875,821.638671875
2025-12-15,Prakasam,3439.0,2594.03564453125,844.96435546875
2025-12-15,Pratapgarh,3686.0,2322.6767578125,1363.3232421875
2025-12-15,Puducherry,1266.0,91.591796875,1174.408203125
2025-12-15,Pudukkottai,2927.0,1438.09228515625,1488.90771484375
2025-12-15,Pulwama,772.0,218.0087890625,553.9912109375
2025-12-15,Punch,1460.0,885.54052734375,574.45947265625
2025-12-15,Pune,16482.0,6826.068359375,9655.931640625
2025-12-15,Purba Champaran,22.0,-646.390625,668.390625
2025-12-15,Purba Medinipur,2868.0,776.78125,2091.21875
2025-12-15,Purbi Singhbhum,345.0,1050.46630859375,705.46630859375
2025-12-15,Puri,1831.0,93.076171875,1737.923828125
2025-12-15,Puruliya,0.0,201.720703125,201.720703125
2025-12-15,Rae Bareli,2837.0,2005.50927734375,831.49072265625
2025-12-15,Raichur,2567.0,1339.05126953125,1227.94873046875
2025-12-15,Raigarh,4703.0,2722.228515625,1980.771484375
2025-12-15,Raipur,8013.0,2217.66650390625,5795.33349609375
2025-12-15,Raisen,2399.0,1762.3779296875,636.6220703125
2025-12-15,Rajgarh,2548.0,2229.19091796875,318.80908203125
2025-12-15,Rajkot,4203.0,621.447265625,3581.552734375
2025-12-15,Rajnandgaon,4607.0,2772.19921875,1834.80078125
2025-12-15,Rajouri,1606.0,624.08203125,981.91796875
2025-12-15,Rajsamand,1343.0,799.4169921875,543.5830078125
2025-12-15,Ramanagara,0.0,99.4072265625,99.4072265625
2025-12-15,Ramanathapuram,2261.0,645.8515625,1615.1484375
2025-12-15,Ramban,619.0,2.07421875,616.92578125
2025-12-15,Ramgarh,811.0,541.962890625,269.037109375
2025-12-15,Ranchi,2391.0,1805.09228515625,585.90771484375
2025-12-15,Rangareddy,0.0,69.134765625,69.134765625
2025-12-15,Ratlam,4094.0,1635.3017578125,2458.6982421875
2025-12-15,Ratnagiri,2670.0,1913.65087890625,756.34912109375
2025-12-15,Rayagada,926.0,336.24609375,589.75390625
2025-12-15,Reasi,465.0,844.91259765625,379.91259765625
2025-12-15,Rewa,2981.0,1953.498046875,1027.501953125
2025-12-15,Rewari,1410.0,1368.32177734375,41.67822265625
2025-12-15,Ri Bhoi,124.0,-39.89453125,163.89453125
2025-12-15,Rohtak,1725.0,1114.73095703125,610.26904296875
2025-12-15,Rohtas,1909.0,2071.63427734375,162.63427734375
2025-12-15,Rudraprayag,789.0,1148.826171875,359.826171875
2025-12-15,Rupnagar,906.0,274.6982421875,631.3017578125
2025-12-15,Sabar Kantha,0.0,173.5185546875,173.5185546875
2025-12-15,Sagar,0.0,95.8837890625,95.8837890625
2025-12-15,Saharanpur,4996.0,3150.33251953125,1845.66748046875
2025-12-15,Saharsa,2158.0,1773.2470703125,384.7529296875
2025-12-15,Sahibganj,1388.0,1223.9580078125,164.0419921875
2025-12-15,Sahibzada Ajit Singh Nagar,755.0,-224.4912109375,979.4912109375
2025-12-15,Saiha,33.0,1083.19140625,1050.19140625
2025-12-15,Salem,5621.0,2491.19921875,3129.80078125
2025-12-15,Samastipur,3738.0,2229.32958984375,1508.67041015625
2025-12-15,Samba,267.0,-390.9970703125,657.9970703125
2025-12-15,Sambalpur,981.0,794.11572265625,186.88427734375
2025-12-15,Sangli,4978.0,2811.82275390625,2166.17724609375
2025-12-15,Sangrur,1718.0,880.4951171875,837.5048828125
2025-12-15,Sant Kabir Nagar,2410.0,2531.93798828125,121.93798828125
2025-12-15,Sant Ravi Das Nagar(Bhadohi),0.0,118.08984375,118.08984375
2025-12-15,Saraikela-Kharsawan,0.0,188.6630859375,188.6630859375
2025-12-15,Satara,4065.0,2211.2607421875,1853.7392578125
2025-12-15,Satna,3691.0,2421.8212890625,1269.1787109375
2025-12-15,Sawai Madhopur,1887.0,1411.7998046875,475.2001953125
2025-12-15,Sehore,2672.0,1628.90576171875,1043.09423828125
2025-12-15,Senapati,318.0,355.818359375,37.818359375
2025-12-15,Seoni,1517.0,1824.33544921875,307.33544921875
2025-12-15,Serchhip,20.0,-468.48828125,488.48828125
2025-12-15,Shahdol,2143.0,1204.4423828125,938.5576171875
2025-12-15,Shahid Bhagat Singh Nagar,917.0,-861.43359375,1778.43359375
2025-12-15,Shahjahanpur,3858.0,2246.216796875,1611.783203125
2025-12-15,Shajapur,1678.0,1590.37255859375,87.62744140625
2025-12-15,Sheikhpura,890.0,785.63037109375,104.36962890625
2025-12-15,Sheohar,729.0,1247.94921875,518.94921875
2025-12-15,Sheopur,1164.0,1894.17431640625,730.17431640625
2025-12-15,Shimla,632.0,392.3544921875,239.6455078125
2025-12-15,Shivpuri,2387.0,1638.462890625,748.537109375
2025-12-15,Siddharth Nagar,3108.0,2748.599609375,359.400390625
2025-12-15,Sidhi,1410.0,388.62890625,1021.37109375
2025-12-15,Sikar,4066.0,1477.18896484375,2588.81103515625
2025-12-15,Simdega,1140.0,1821.447265625,681.447265625
2025-12-15,Sindhudurg,1111.0,288.2421875,822.7578125
2025-12-15,Singrauli,1302.0,1266.6884765625,35.3115234375
2025-12-15,Sirmaur,504.0,497.7314453125,6.2685546875
2025-12-15,Sirohi,1963.0,1852.33984375,110.66015625
2025-12-15,Sirsa,2434.0,1915.9794921875,518.0205078125
2025-12-15,Sitamarhi,3414.0,2768.9833984375,645.0166015625
2025-12-15,Sitapur,4694.0,2901.501953125,1792.498046875
2025-12-15,Sivaganga,2173.0,629.8193359375,1543.1806640625
2025-12-15,Sivasagar,312.0,816.65576171875,504.65576171875
2025-12-15,Siwan,2502.0,1367.2900390625,1134.7099609375
2025-12-15,Solan,720.0,430.890625,289.109375
2025-12-15,Solapur,7817.0,3437.546875,4379.453125
2025-12-15,Sonbhadra,1981.0,1716.6181640625,264.3818359375
2025-12-15,Sonipat,1857.0,1401.20751953125,455.79248046875
2025-12-15,Sonitpur,603.0,567.482421875,35.517578125
2025-12-15,South,0.0,186.953125,186.953125
2025-12-15,South 24 Parganas,4022.0,1287.2548828125,2734.7451171875
2025-12-15,South Andaman,0.0,-785.8388671875,785.8388671875
2025-12-15,South Garo Hills,32.0,-54.787109375,86.787109375
2025-12-15,South Goa,384.0,772.46484375,388.46484375
2025-12-15,South Tripura,1126.0,1108.681640625,17.318359375
2025-12-15,Sri Potti Sriramulu Nellore,2988.0,2030.9296875,957.0703125
2025-12-15,Srikakulam,3216.0,2350.353515625,865.646484375
2025-12-15,Srinagar,2566.0,1364.865234375,1201.134765625
2025-12-15,Subarnapur,419.0,-421.55859375,840.55859375
2025-12-15,Sultanpur,2263.0,2091.857421875,171.142578125
2025-12-15,Sundargarh,2302.0,-173.369140625,2475.369140625
2025-12-15,Supaul,2192.0,1555.25537109375,636.74462890625
2025-12-15,Surat,5716.0,2415.1484375,3300.8515625
2025-12-15,Surendranagar,2169.0,184.7548828125,1984.2451171875
2025-12-15,Surguja,4744.0,1582.47900390625,3161.52099609375
2025-12-15,Tamenglong,87.0,-280.6015625,367.6015625
2025-12-15,Tapi,1163.0,549.451171875,613.548828125
2025-12-15,Tarn Taran,1043.0,172.4873046875,870.5126953125
2025-12-15,Tawang,31.0,-69.2880859375,100.2880859375
2025-12-15,Tehri Garhwal,2992.0,1920.35791015625,1071.64208984375
2025-12-15,Thane,13800.0,6727.916015625,7072.083984375
2025-12-15,Thanjavur,4508.0,1239.08984375,3268.91015625
2025-12-15,The Dangs,0.0,170.10546875,170.10546875
2025-12-15,The Nilgiris,1068.0,-142.4052734375,1210.4052734375
2025-12-15,Theni,2040.0,869.494140625,1170.505859375
2025-12-15,Thiruvallur,0.0,100.7763671875,100.7763671875
2025-12-15,Thiruvananthapuram,2545.0,928.0673828125,1616.9326171875
2025-12-15,Thiruvarur,0.0,134.9677734375,134.9677734375
2025-12-15,Thoothukkudi,0.0,174.9638671875,174.9638671875
2025-12-15,Thoubal,676.0,2080.98486328125,1404.98486328125
2025-12-15,Thrissur,2104.0,531.603515625,1572.396484375
2025-12-15,Tikamgarh,2383.0,2030.6923828125,352.3076171875
2025-12-15,Tinsukia,382.0,563.3173828125,181.3173828125
2025-12-15,Tirap,11.0,-33.2626953125,44.2626953125
2025-12-15,Tiruchirappalli,3700.0,1762.8564453125,1937.1435546875
2025-12-15,Tirunelveli,4902.0,2011.36474609375,2890.63525390625
2025-12-15,Tiruppur,3341.0,1152.99658203125,2188.00341796875
2025-12-15,Tiruvannamalai,2878.0,1332.66259765625,1545.33740234375
2025-12-15,Tonk,1770.0,2042.62109375,272.62109375
2025-12-15,Tuensang,130.0,412.6142578125,282.6142578125
2025-12-15,Tumkur,0.0,95.7578125,95.7578125
2025-12-15,Udaipur,4000.0,2366.76904296875,1633.23095703125
2025-12-15,Udalguri,672.0,1199.2275390625,527.2275390625
2025-12-15,Udham Singh Nagar,7977.0,2983.59423828125,4993.40576171875
2025-12-15,Udhampur,891.0,776.7568359375,114.2431640625
2025-12-15,Udupi,904.0,-86.2529296875,990.2529296875
2025-12-15,Ujjain,3420.0,2347.75537109375,1072.24462890625
2025-12-15,Ukhrul,145.0,1210.099609375,1065.099609375
2025-12-15,Umaria,1039.0,1236.80615234375,197.80615234375
2025-12-15,Una,681.0,284.513671875,396.486328125
2025-12-15,Unnao,3141.0,1984.2861328125,1156.7138671875
2025-12-15,Upper Siang,20.0,581.7490234375,561.7490234375
2025-12-15,Upper Subansiri,19.0,-131.1953125,150.1953125
2025-12-15,Uttar Bastar Kanker,0.0,92.6318359375,92.6318359375
2025-12-15,Uttara Kannada,1328.0,-426.58984375,1754.58984375
2025-12-15,Uttarkashi,983.0,857.767578125,125.232421875
2025-12-15,Vadodara,5668.0,1747.21044921875,3920.78955078125
2025-12-15,Vaishali,3511.0,2033.58984375,1477.41015625
2025-12-15,Valsad,1972.0,614.365234375,1357.634765625
2025-12-15,Varanasi,4169.0,2967.15087890625,1201.84912109375
2025-12-15,Vellore,4025.0,2120.583984375,1904.416015625
2025-12-15,Vidisha,2697.0,2371.0498046875,325.9501953125
2025-12-15,Viluppuram,3644.0,541.36328125,3102.63671875
2025-12-15,Virudunagar,0.0,152.568359375,152.568359375
2025-12-15,Visakhapatnam,5911.0,3560.22119140625,2350.77880859375
2025-12-15,Vizianagaram,3436.0,2182.81884765625,1253.18115234375
2025-12-15,Warangal,2647.0,374.6123046875,2272.3876953125
2025-12-15,Wardha,3197.0,2251.615234375,945.384765625
2025-12-15,Washim,2627.0,2216.98193359375,410.01806640625
2025-12-15,Wayanad,589.0,830.86328125,241.86328125
2025-12-15,West,0.0,205.7177734375,205.7177734375
2025-12-15,West Garo Hills,288.0,627.4560546875,339.4560546875
2025-12-15,West Godavari,4412.0,2659.3046875,1752.6953125
2025-12-15,West Kameng,128.0,23.716796875,104.283203125
2025-12-15,West Khasi Hills,77.0,1308.2783203125,1231.2783203125
2025-12-15,West Tripura,1552.0,1505.7041015625,46.2958984375
2025-12-15,Wokha,93.0,764.982421875,671.982421875
2025-12-15,Yadgir,1554.0,-104.3447265625,1658.3447265625
2025-12-15,Yamunanagar,2472.0,1448.50439453125,1023.49560546875
2025-12-15,Yanam,3.0,-158.515625,161.515625
2025-12-15,Yavatmal,6745.0,4844.3681640625,1900.6318359375
2025-12-15,Zunheboto,99.0,375.2880859375,276.2880859375
2025-12-22,Adilabad,3418.0,1577.75048828125,1840.24951171875
2025-12-22,Agra,0.0,-29.392578125,29.392578125
2025-12-22,Ahmadabad,0.0,98.703125,98.703125
2025-12-22,Ahmadnagar,0.0,-4.794921875,4.794921875
2025-12-22,Aizawl,20.0,496.7109375,476.7109375
2025-12-22,Ajmer,3530.0,2975.2333984375,554.7666015625
2025-12-22,Akola,3624.0,3087.81982421875,536.18017578125
2025-12-22,Alappuzha,3029.0,440.0400390625,2588.9599609375
2025-12-22,Aligarh,3747.0,3509.705078125,237.294921875
2025-12-22,Alirajpur,1102.0,1052.85498046875,49.14501953125
2025-12-22,Almora,1473.0,820.07861328125,652.92138671875
2025-12-22,Alwar,6027.0,5408.7509765625,618.2490234375
2025-12-22,Ambala,1261.0,1121.24609375,139.75390625
2025-12-22,Ambedkar Nagar,1477.0,2350.97802734375,873.97802734375
2025-12-22,Amravati,5630.0,7088.025390625,1458.025390625
2025-12-22,Amreli,1236.0,325.08984375,910.91015625
2025-12-22,Amritsar,2600.0,2106.55078125,493.44921875
2025-12-22,Anand,1894.0,996.40478515625,897.59521484375
2025-12-22,Anantnag,4250.0,903.1474609375,3346.8525390625
2025-12-22,Anjaw,17.0,975.103515625,958.103515625
2025-12-22,Anugul,1544.0,26.2294921875,1517.7705078125
2025-12-22,Anuppur,1203.0,1332.18994140625,129.18994140625
2025-12-22,Araria,3805.0,3122.15625,682.84375
2025-12-22,Ariyalur,1436.0,907.2021484375,528.7978515625
2025-12-22,Arwal,617.0,851.7236328125,234.7236328125
2025-12-22,Ashoknagar,5242.0,4993.55126953125,248.44873046875
2025-12-22,Auraiya,1065.0,1625.88232421875,560.88232421875
2025-12-22,Aurangabad,2902.0,1625.33154296875,1276.66845703125
2025-12-22,Azamgarh,3533.0,4535.9208984375,1002.9208984375
2025-12-22,Bagalkot,0.0,-41.103515625,41.103515625
2025-12-22,Bageshwar,512.0,1227.95556640625,715.95556640625
2025-12-22,Baghpat,947.0,998.7392578125,51.7392578125
2025-12-22,Bahraich,4080.0,4490.33447265625,410.33447265625
2025-12-22,Baksa,603.0,560.4189453125,42.5810546875
2025-12-22,Balaghat,2983.0,2611.93359375,371.06640625
2025-12-22,Balangir,1906.0,305.83203125,1600.16796875
2025-12-22,Baleshwar,0.0,124.533203125,124.533203125
2025-12-22,Ballia,2466.0,2744.28857421875,278.28857421875
2025-12-22,Balrampur,4517.0,7098.97314453125,2581.97314453125
2025-12-22,Banas Kantha,0.0,103.18359375,103.18359375
2025-12-22,Banda,1876.0,2370.39404296875,494.39404296875
2025-12-22,Banka,2230.0,1595.49853515625,634.50146484375
2025-12-22,Bankura,2050.0,1336.9296875,713.0703125
2025-12-22,Banswara,2099.0,2825.51708984375,726.51708984375
2025-12-22,Bara Banki,0.0,-2.544921875,2.544921875
2025-12-22,Baramula,0.0,263.916015625,263.916015625
2025-12-22,Baran,2748.0,2453.76318359375,294.23681640625
2025-12-22,Barddhaman,0.0,142.4208984375,142.4208984375
2025-12-22,Bareilly,3934.0,5740.052734375,1806.052734375
2025-12-22,Bargarh,1600.0,1193.44140625,406.55859375
2025-12-22,Barmer,5313.0,4726.951171875,586.048828125
2025-12-22,Barnala,533.0,804.78662109375,271.78662109375
2025-12-22,Barpeta,2059.0,1909.3125,149.6875
2025-12-22,Barwani,1895.0,2109.908203125,214.908203125
2025-12-22,Bastar,3335.0,3166.5380859375,168.4619140625
2025-12-22,Basti,3497.0,4397.421875,900.421875
2025-12-22,Bathinda,1410.0,2092.5146484375,682.5146484375
2025-12-22,Begusarai,3238.0,3192.28369140625,45.71630859375
2025-12-22,Betul,3243.0,3919.8759765625,676.8759765625
2025-12-22,Bhadrak,1591.0,304.345703125,1286.654296875
2025-12-22,Bhagalpur,3562.0,2466.7138671875,1095.2861328125
2025-12-22,Bhandara,1784.0,2272.38671875,488.38671875
2025-12-22,Bharatpur,3351.0,3355.72216796875,4.72216796875
2025-12-22,Bharuch,1555.0,1011.2607421875,543.7392578125
2025-12-22,Bhavnagar,2544.0,1445.3974609375,1098.6025390625
2025-12-22,Bhilwara,4611.0,4030.65087890625,580.34912109375
2025-12-22,Bhind,2254.0,2287.11962890625,33.11962890625
2025-12-22,Bhiwani,1977.0,2012.455078125,35.455078125
2025-12-22,Bhojpur,2801.0,1611.81982421875,1189.18017578125
2025-12-22,Bhopal,5086.0,3681.609375,1404.390625
2025-12-22,Bidar,2290.0,2359.70703125,69.70703125
2025-12-22,Bijapur,1566.0,1295.62841796875,270.37158203125
2025-12-22,Bijnor,4155.0,5539.560546875,1384.560546875
2025-12-22,Bikaner,3564.0,3574.89697265625,10.89697265625
2025-12-22,Bilaspur,8707.0,4911.88232421875,3795.11767578125
2025-12-22,Birbhum,2089.0,1864.525390625,224.474609375
2025-12-22,Bishnupur,202.0,1080.435546875,878.435546875
2025-12-22,Bokaro,1792.0,1645.287109375,146.712890625
2025-12-22,Bongaigaon,851.0,1358.16943359375,507.16943359375
2025-12-22,Budaun,2494.0,2625.67529296875,131.67529296875
2025-12-22,Bulandshahr,2831.0,3321.13427734375,490.13427734375
2025-12-22,Buldana,0.0,-33.6845703125,33.6845703125
2025-12-22,Bundi,2010.0,2366.82275390625,356.82275390625
2025-12-22,Burhanpur,1310.0,1991.84765625,681.84765625
2025-12-22,Buxar,1578.0,1526.705078125,51.294921875
2025-12-22,Cachar,0.0,249.921875,249.921875
2025-12-22,Central,0.0,0.3046875,0.3046875
2025-12-22,Chamba,643.0,116.4453125,526.5546875
2025-12-22,Chamoli,1186.0,811.126953125,374.873046875
2025-12-22,Champawat,814.0,1117.24267578125,303.24267578125
2025-12-22,Champhai,11.0,-724.8486328125,735.8486328125
2025-12-22,Chamrajnagar,0.0,-17.515625,17.515625
2025-12-22,Chandauli,1387.0,1883.1865234375,496.1865234375
2025-12-22,Chandel,61.0,-195.638671875,256.638671875
2025-12-22,Chandigarh,744.0,632.8818359375,111.1181640625
2025-12-22,Chandrapur,4568.0,5550.1142578125,982.1142578125
2025-12-22,Changlang,66.0,-593.609375,659.609375
2025-12-22,Chatra,1206.0,2087.11962890625,881.11962890625
2025-12-22,Chennai,4873.0,4687.38134765625,185.61865234375
2025-12-22,Chhatarpur,2949.0,3369.84423828125,420.84423828125
2025-12-22,Chhindwara,3007.0,4177.75439453125,1170.75439453125
2025-12-22,Chikkaballapura,954.0,887.6044921875,66.3955078125
2025-12-22,Chikmagalur,0.0,-25.73046875,25.73046875
2025-12-22,Chirang,752.0,613.7216796875,138.2783203125
2025-12-22,Chitradurga,1556.0,971.00146484375,584.99853515625
2025-12-22,Chitrakoot,1209.0,2445.033203125,1236.033203125
2025-12-22,Chittaurgarh,0.0,-4.708984375,4.708984375
2025-12-22,Chittoor,5443.0,3430.5703125,2012.4296875
2025-12-22,Churachandpur,168.0,22.3173828125,145.6826171875
2025-12-22,Churu,3779.0,3724.63232421875,54.36767578125
2025-12-22,Coimbatore,4961.0,3796.779296875,1164.220703125
2025-12-22,Cuddalore,5029.0,4074.2373046875,954.7626953125
2025-12-22,Cuttack,2765.0,1174.5673828125,1590.4326171875
2025-12-22,Dadra & Nagar Haveli,0.0,74.9775390625,74.9775390625
2025-12-22,Dakshin Bastar Dantewada,0.0,-38.8427734375,38.8427734375
2025-12-22,Dakshina Kannada,1492.0,362.56640625,1129.43359375
2025-12-22,Damoh,1881.0,2329.181640625,448.181640625
2025-12-22,Darbhanga,6032.0,4573.9736328125,1458.0263671875
2025-12-22,Darrang,709.0,1358.13232421875,649.13232421875
2025-12-22,Datia,885.0,1777.90478515625,892.90478515625
2025-12-22,Dausa,2280.0,2818.9951171875,538.9951171875
2025-12-22,Davanagere,1396.0,387.8330078125,1008.1669921875
2025-12-22,Debagarh,309.0,380.458984375,71.458984375
2025-12-22,Dehradun,4898.0,4019.9296875,878.0703125
2025-12-22,Deoghar,1210.0,1796.544921875,586.544921875
2025-12-22,Deoria,2529.0,3577.31591796875,1048.31591796875
2025-12-22,Dewas,2413.0,2883.78125,470.78125
2025-12-22,Dhalai,335.0,654.0185546875,319.0185546875
2025-12-22,Dhamtari,3011.0,2406.42431640625,604.57568359375
2025-12-22,Dhanbad,2639.0,1542.7470703125,1096.2529296875
2025-12-22,Dhar,2261.0,2040.4521484375,220.5478515625
2025-12-22,Dharmapuri,3315.0,1862.9267578125,1452.0732421875
2025-12-22,Dharwad,1902.0,839.63623046875,1062.36376953125
2025-12-22,Dhemaji,642.0,680.234375,38.234375
2025-12-22,Dhenkanal,1432.0,386.7509765625,1045.2490234375
2025-12-22,Dhubri,1453.0,2174.78076171875,721.78076171875
2025-12-22,Dhule,3828.0,4158.310546875,330.310546875
2025-12-22,Dibang Valley,3.0,-201.6328125,204.6328125
2025-12-22,Dibrugarh,316.0,420.580078125,104.580078125
2025-12-22,Dima Hasao,44.0,-279.4208984375,323.4208984375
2025-12-22,Dimapur,98.0,1416.2724609375,1318.2724609375
2025-12-22,Dindigul,4033.0,3222.29833984375,810.70166015625
2025-12-22,Dindori,859.0,1875.01904296875,1016.01904296875
2025-12-22,Diu,62.0,-1249.748046875,1311.748046875
2025-12-22,Doda,895.0,812.88525390625,82.11474609375
2025-12-22,Dumka,928.0,1745.65234375,817.65234375
2025-12-22,Dungarpur,2070.0,2008.75439453125,61.24560546875
2025-12-22,Durg,5643.0,4991.0947265625,651.9052734375
2025-12-22,East,0.0,135.6044921875,135.6044921875
2025-12-22,East Garo Hills,1.0,-609.068359375,610.068359375
2025-12-22,East Godavari,7877.0,4447.3583984375,3429.6416015625
2025-12-22,East Kameng,44.0,704.58203125,660.58203125
2025-12-22,East Khasi Hills,108.0,-198.5341796875,306.5341796875
2025-12-22,East Siang,161.0,-500.47265625,661.47265625
2025-12-22,Ernakulam,2955.0,2623.81884765625,331.18115234375
2025-12-22,Erode,3648.0,2911.71240234375,736.28759765625
2025-12-22,Etah,1326.0,1712.99658203125,386.99658203125
2025-12-22,Etawah,1363.0,2561.02783203125,1198.02783203125
2025-12-22,Faridabad,2544.0,2789.3056640625,245.3056640625
2025-12-22,Faridkot,660.0,777.29296875,117.29296875
2025-12-22,Farrukhabad,1969.0,2287.8291015625,318.8291015625
2025-12-22,Fatehabad,1185.0,1294.22802734375,109.22802734375
2025-12-22,Fatehgarh Sahib,391.0,437.3837890625,46.3837890625
2025-12-22,Fatehpur,3183.0,4184.03857421875,1001.03857421875
2025-12-22,Firozabad,2150.0,2831.46923828125,681.46923828125
2025-12-22,Gadag,843.0,-66.572265625,909.572265625
2025-12-22,Gajapati,526.0,414.9609375,111.0390625
2025-12-22,Ganderbal,767.0,-260.0966796875,1027.0966796875
2025-12-22,Gandhinagar,1229.0,311.4443359375,917.5556640625
2025-12-22,Ganganagar,2984.0,2230.08935546875,753.91064453125
2025-12-22,Ganjam,4441.0,3511.123046875,929.876953125
2025-12-22,Garhchiroli,0.0,-46.6044921875,46.6044921875
2025-12-22,Garhwa,2021.0,1925.93896484375,95.06103515625
2025-12-22,Gautam Buddha Nagar,1784.0,1170.05908203125,613.94091796875
2025-12-22,Gaya,4513.0,3526.35791015625,986.64208984375
2025-12-22,Ghaziabad,3396.0,3445.92578125,49.92578125
2025-12-22,Ghazipur,2444.0,3292.54052734375,848.54052734375
2025-12-22,Giridih,1965.0,2646.07275390625,681.07275390625
2025-12-22,Goalpara,1126.0,1862.83056640625,736.83056640625
2025-12-22,Godda,1422.0,1850.62646484375,428.62646484375
2025-12-22,Golaghat,531.0,299.896484375,231.103515625
2025-12-22,Gonda,3099.0,3602.84423828125,503.84423828125
2025-12-22,Gondiya,0.0,-37.9482421875,37.9482421875
2025-12-22,Gopalganj,2635.0,2540.849609375,94.150390625
2025-12-22,Gorakhpur,3266.0,4205.80810546875,939.80810546875
2025-12-22,Gumla,1803.0,1674.19384765625,128.80615234375
2025-12-22,Guna,1931.0,1420.8974609375,510.1025390625
2025-12-22,Guntur,6085.0,5005.2744140625,1079.7255859375
2025-12-22,Gurdaspur,1467.0,1212.029296875,254.970703125
2025-12-22,Gwalior,2987.0,3188.81591796875,201.81591796875
2025-12-22,Hailakandi,743.0,386.328125,356.671875
2025-12-22,Hamirpur,1357.0,513.357421875,843.642578125
2025-12-22,Hanumangarh,2868.0,2581.17529296875,286.82470703125
2025-12-22,Harda,707.0,811.4658203125,104.4658203125
2025-12-22,Hardoi,2930.0,5476.505859375,2546.505859375
2025-12-22,Hardwar,0.0,36.033203125,36.033203125
2025-12-22,Hassan,1333.0,-15.607421875,1348.607421875
2025-12-22,Haveri,1174.0,615.2119140625,558.7880859375
2025-12-22,Hazaribagh,1576.0,1236.41015625,339.58984375
2025-12-22,Hingoli,2862.0,3516.80224609375,654.80224609375
2025-12-22,Hisar,2106.0,2045.966796875,60.033203125
2025-12-22,Hoshiarpur,1552.0,952.30322265625,599.69677734375
2025-12-22,Hyderabad,11384.0,8764.4921875,2619.5078125
2025-12-22,Idukki,870.0,785.50390625,84.49609375
2025-12-22,Imphal East,1160.0,1431.22412109375,271.22412109375
2025-12-22,Imphal West,892.0,1084.81787109375,192.81787109375
2025-12-22,Indore,5608.0,6943.9013671875,1335.9013671875
2025-12-22,Jabalpur,3861.0,4763.794921875,902.794921875
2025-12-22,Jagatsinghapur,1313.0,-366.015625,1679.015625
2025-12-22,Jaintia Hills,0.0,235.2568359375,235.2568359375
2025-12-22,Jaipur,10181.0,8124.21533203125,2056.78466796875
2025-12-22,Jaisalmer,1406.0,1106.8642578125,299.1357421875
2025-12-22,Jajapur,0.0,101.1875,101.1875
2025-12-22,Jalandhar,2149.0,2597.46484375,448.46484375
2025-12-22,Jalaun,1421.0,2173.490234375,752.490234375
2025-12-22,Jalgaon,7467.0,9310.404296875,1843.404296875
2025-12-22,Jalna,3727.0,4100.69482421875,373.69482421875
2025-12-22,Jalor,0.0,76.271484375,76.271484375
2025-12-22,Jalpaiguri,1743.0,460.171875,1282.828125
2025-12-22,Jammu,2019.0,1054.5849609375,964.4150390625
2025-12-22,Jamnagar,1675.0,772.5224609375,902.4775390625
2025-12-22,Jamtara,813.0,1768.68798828125,955.68798828125
2025-12-22,Jamui,3104.0,2229.04443359375,874.95556640625
2025-12-22,Janjgir-Champa,7235.0,4381.18115234375,2853.81884765625
2025-12-22,Jashpur,2529.0,2730.0654296875,201.0654296875
2025-12-22,Jaunpur,3365.0,4707.205078125,1342.205078125
2025-12-22,Jehanabad,853.0,734.333984375,118.666015625
2025-12-22,Jhabua,1746.0,1483.21142578125,262.78857421875
2025-12-22,Jhajjar,1318.0,1213.90478515625,104.09521484375
2025-12-22,Jhalawar,1847.0,2956.970703125,1109.970703125
2025-12-22,Jhansi,2285.0,3081.62255859375,796.62255859375
2025-12-22,Jharsuguda,552.0,280.6142578125,271.3857421875
2025-12-22,Jhunjhunun,0.0,15.80859375,15.80859375
2025-12-22,Jind,2383.0,2611.0419921875,228.0419921875
2025-12-22,Jodhpur,6068.0,4418.748046875,1649.251953125
2025-12-22,Jorhat,383.0,-141.7822265625,524.7822265625
2025-12-22,Junagadh,2797.0,940.00634765625,1856.99365234375
2025-12-22,Kachchh,2319.0,1370.10400390625,948.89599609375
2025-12-22,Kaimur (Bhabua),0.0,19.3193359375,19.3193359375
2025-12-22,Kaithal,1503.0,1975.6640625,472.6640625
2025-12-22,Kalahandi,1647.0,997.99462890625,649.00537109375
2025-12-22,Kamrup,1013.0,680.4677734375,332.5322265625
2025-12-22,Kancheepuram,0.0,-16.259765625,16.259765625
2025-12-22,Kandhamal,779.0,248.3671875,530.6328125
2025-12-22,Kangra,1895.0,1547.10595703125,347.89404296875
2025-12-22,Kannauj,1465.0,2352.5478515625,887.5478515625
2025-12-22,Kanniyakumari,0.0,78.4912109375,78.4912109375
2025-12-22,Kannur,2962.0,1593.78173828125,1368.21826171875
2025-12-22,Kanpur Dehat,1368.0,1891.30517578125,523.30517578125
2025-12-22,Kanpur Nagar,2711.0,3952.83984375,1241.83984375
2025-12-22,Kapurthala,985.0,1046.10693359375,61.10693359375
2025-12-22,Karaikal,384.0,-239.6328125,623.6328125
2025-12-22,Karauli,1650.0,2137.81005859375,487.81005859375
2025-12-22,Karbi Anglong,878.0,664.8583984375,213.1416015625
2025-12-22,Kargil,135.0,-500.3525390625,635.3525390625
2025-12-22,Karimganj,1948.0,1130.51904296875,817.48095703125
2025-12-22,Karimnagar,4254.0,1954.9248046875,2299.0751953125
2025-12-22,Karnal,2021.0,2296.82666015625,275.82666015625
2025-12-22,Karur,1595.0,759.51953125,835.48046875
2025-12-22,Kasaragod,1826.0,718.298828125,1107.701171875
2025-12-22,Kathua,903.0,343.1552734375,559.8447265625
2025-12-22,Katihar,5262.0,4892.130859375,369.869140625
2025-12-22,Katni,3893.0,2918.10498046875,974.89501953125
2025-12-22,Kaushambi,1451.0,2526.7548828125,1075.7548828125
2025-12-22,Kendrapara,1635.0,632.5732421875,1002.4267578125
2025-12-22,Kendujhar,1984.0,1541.95458984375,442.04541015625
2025-12-22,Khagaria,3111.0,2253.74658203125,857.25341796875
2025-12-22,Khammam,2213.0,736.4365234375,1476.5634765625
2025-12-22,Kheda,1923.0,1098.36279296875,824.63720703125
2025-12-22,Kheri,0.0,-9.2939453125,9.2939453125
2025-12-22,Khordha,2660.0,323.3935546875,2336.6064453125
2025-12-22,Khunti,481.0,1277.61962890625,796.61962890625
2025-12-22,Kinnaur,58.0,-587.09765625,645.09765625
2025-12-22,Kiphire,13.0,607.6005859375,594.6005859375
2025-12-22,Kishanganj,7335.0,3094.8857421875,4240.1142578125
2025-12-22,Kishtwar,536.0,1191.76318359375,655.76318359375
2025-12-22,Kodagu,266.0,-300.2509765625,566.2509765625
2025-12-22,Kodarma,714.0,1244.8203125,530.8203125
2025-12-22,Kohima,56.0,438.1767578125,382.1767578125
2025-12-22,Kokrajhar,633.0,1019.14599609375,386.14599609375
2025-12-22,Kolar,1525.0,1349.15966796875,175.84033203125
2025-12-22,Kolasib,15.0,-618.8212890625,633.8212890625
2025-12-22,Kolhapur,5772.0,5548.07763671875,223.92236328125
2025-12-22,Kolkata,1594.0,1070.98974609375,523.01025390625
2025-12-22,Kollam,3067.0,1741.05615234375,1325.94384765625
2025-12-22,Koppal,1167.0,756.5390625,410.4609375
2025-12-22,Koraput,1385.0,731.9130859375,653.0869140625
2025-12-22,Korba,3102.0,1932.4482421875,1169.5517578125
2025-12-22,Koriya,2566.0,947.326171875,1618.673828125
2025-12-22,Kota,2337.0,2142.93115234375,194.06884765625
2025-12-22,Kottayam,1766.0,708.7744140625,1057.2255859375
2025-12-22,Kozhikode,4363.0,3737.25634765625,625.74365234375
2025-12-22,Krishna,4697.0,3328.5380859375,1368.4619140625
2025-12-22,Krishnagiri,2555.0,3211.974609375,656.974609375
2025-12-22,Kulgam,728.0,-325.455078125,1053.455078125
2025-12-22,Kullu,346.0,-130.4130859375,476.4130859375
2025-12-22,Kupwara,1367.0,1143.4091796875,223.5908203125
2025-12-22,Kurnool,6654.0,6467.58740234375,186.41259765625
2025-12-22,Kurukshetra,1215.0,1844.54736328125,629.54736328125
2025-12-22,Kurung Kumey,22.0,-481.62109375,503.62109375
2025-12-22,Kushinagar,3377.0,5205.31884765625,1828.31884765625
2025-12-22,Lakhimpur,937.0,626.5302734375,310.4697265625
2025-12-22,Lakhisarai,1023.0,1699.16943359375,676.16943359375
2025-12-22,Lakshadweep,0.0,78.603515625,78.603515625
2025-12-22,Lalitpur,1321.0,2228.46044921875,907.46044921875
2025-12-22,Latehar,725.0,1648.9384765625,923.9384765625
2025-12-22,Latur,3545.0,4703.3955078125,1158.3955078125
2025-12-22,Lawangtlai,0.0,269.119140625,269.119140625
2025-12-22,Leh (Ladakh),0.0,244.748046875,244.748046875
2025-12-22,Lohardaga,591.0,710.41796875,119.41796875
2025-12-22,Lohit,98.0,386.4208984375,288.4208984375
2025-12-22,Longleng,13.0,-14.287109375,27.287109375
2025-12-22,Lower Dibang Valley,64.0,462.654296875,398.654296875
2025-12-22,Lower Subansiri,17.0,-367.78125,384.78125
2025-12-22,Lucknow,4990.0,4560.1611328125,429.8388671875
2025-12-22,Ludhiana,2899.0,3229.14013671875,330.14013671875
2025-12-22,Lunglei,17.0,473.48046875,456.48046875
2025-12-22,Madhepura,3765.0,3039.6943359375,725.3056640625
2025-12-22,Madhubani,6884.0,5331.5263671875,1552.4736328125
2025-12-22,Madurai,4832.0,4433.42333984375,398.57666015625
2025-12-22,Maharajganj,2709.0,3639.43115234375,930.43115234375
2025-12-22,Mahasamund,3812.0,2948.623046875,863.376953125
2025-12-22,Mahbubnagar,0.0,-65.84375,65.84375
2025-12-22,Mahendragarh,1297.0,2026.24609375,729.24609375
2025-12-22,Mahesana,2020.0,982.833984375,1037.166015625
2025-12-22,Mahoba,961.0,2060.57568359375,1099.57568359375
2025-12-22,Mainpuri,1498.0,2105.224609375,607.224609375
2025-12-22,Malappuram,5914.0,4526.5595703125,1387.4404296875
2025-12-22,Maldah,0.0,130.841796875,130.841796875
2025-12-22,Malkangiri,890.0,540.810546875,349.189453125
2025-12-22,Mamit,8.0,-1655.46484375,1663.46484375
2025-12-22,Mandi,1159.0,-47.69921875,1206.69921875
2025-12-22,Mandla,1055.0,1673.32470703125,618.32470703125
2025-12-22,Mandsaur,1649.0,1704.55419921875,55.55419921875
2025-12-22,Mandya,1249.0,1070.2783203125,178.7216796875
2025-12-22,Mansa,513.0,971.0068359375,458.0068359375
2025-12-22,Marigaon,936.0,1216.49755859375,280.49755859375
2025-12-22,Mathura,2485.0,2718.75244140625,233.75244140625
2025-12-22,Mau,1827.0,2385.12646484375,558.12646484375
2025-12-22,Mayurbhanj,2296.0,2600.86669921875,304.86669921875
2025-12-22,Medak,3308.0,1877.97265625,1430.02734375
2025-12-22,Meerut,3243.0,4017.41845703125,774.41845703125
2025-12-22,Mirzapur,2153.0,2828.3798828125,675.3798828125
2025-12-22,Moga,925.0,1010.892578125,85.892578125
2025-12-22,Mokokchung,38.0,-101.7333984375,139.7333984375
2025-12-22,Mon,76.0,729.0,653.0
2025-12-22,Moradabad,2866.0,4065.24853515625,1199.24853515625
2025-12-22,Morena,2622.0,2996.66552734375,374.66552734375
2025-12-22,Muktsar,0.0,101.30859375,101.30859375
2025-12-22,Mumbai,20632.0,15524.0634765625,5107.9365234375
2025-12-22,Munger,1308.0,1522.13818359375,214.13818359375
2025-12-22,Murshidabad,3633.0,3342.70068359375,290.29931640625
2025-12-22,Muzaffarnagar,2185.0,3575.90771484375,1390.90771484375
2025-12-22,Muzaffarpur,4904.0,4311.13330078125,592.86669921875
2025-12-22,Nabarangapur,0.0,-17.0810546875,17.0810546875
2025-12-22,Nadia,1754.0,1369.51220703125,384.48779296875
2025-12-22,Nagaon,6133.0,2635.68408203125,3497.31591796875
2025-12-22,Nagappattinam,0.0,11.6845703125,11.6845703125
2025-12-22,Nagaur,5895.0,4765.48681640625,1129.51318359375
2025-12-22,Nagpur,6816.0,7080.3623046875,264.3623046875
2025-12-22,Nainital,2660.0,3481.369140625,821.369140625
2025-12-22,Nalanda,3933.0,2172.50341796875,1760.49658203125
2025-12-22,Nalbari,435.0,-10.431640625,445.431640625
2025-12-22,Nalgonda,4023.0,1782.61865234375,2240.38134765625
2025-12-22,Namakkal,2999.0,2647.6357421875,351.3642578125
2025-12-22,Nanded,6238.0,8193.98828125,1955.98828125
2025-12-22,Nandurbar,3473.0,2394.66845703125,1078.33154296875
2025-12-22,Narayanpur,644.0,2137.47900390625,1493.47900390625
2025-12-22,Narmada,555.0,662.921875,107.921875
2025-12-22,Nashik,13314.0,13417.060546875,103.060546875
2025-12-22,Navsari,650.0,337.7314453125,312.2685546875
2025-12-22,Nawada,2051.0,1864.49755859375,186.50244140625
2025-12-22,Nayagarh,862.0,277.8720703125,584.1279296875
2025-12-22,Neemuch,923.0,1152.15234375,229.15234375
2025-12-22,New Delhi,90.0,24.5166015625,65.4833984375
2025-12-22,Nicobar,0.0,-945.298828125,945.298828125
2025-12-22,Nizamabad,4042.0,1152.59228515625,2889.40771484375
2025-12-22,North,0.0,152.375,152.375
2025-12-22,North & Middle Andaman,0.0,-856.279296875,856.279296875
2025-12-22,North 24 Parganas,3836.0,3026.28515625,809.71484375
2025-12-22,North Goa,746.0,205.611328125,540.388671875
2025-12-22,North Tripura,611.0,284.57421875,326.42578125
2025-12-22,Nuapada,884.0,1303.2470703125,419.2470703125
2025-12-22,Pakur,520.0,560.8466796875,40.8466796875
2025-12-22,Palakkad,3904.0,1991.5927734375,1912.4072265625
2025-12-22,Palamu,2704.0,2197.78857421875,506.21142578125
2025-12-22,Pali,4059.0,3384.56396484375,674.43603515625
2025-12-22,Palwal,1915.0,2692.7138671875,777.7138671875
2025-12-22,Panch Mahals,0.0,40.5537109375,40.5537109375
2025-12-22,Panchkula,562.0,561.2685546875,0.7314453125
2025-12-22,Panipat,1297.0,1777.0048828125,480.0048828125
2025-12-22,Panna,1443.0,1546.1533203125,103.1533203125
2025-12-22,Papum Pare,135.0,-11.021484375,146.021484375
2025-12-22,Parbhani,2949.0,3850.9111328125,901.9111328125
2025-12-22,Pashchim Champaran,13650.0,12508.603515625,1141.396484375
2025-12-22,Pashchim Medinipur,0.0,134.3662109375,134.3662109375
2025-12-22,Pashchimi Singhbhum,4152.0,4012.21484375,139.78515625
2025-12-22,Patan,1441.0,1447.783203125,6.783203125
2025-12-22,Pathanamthitta,1431.0,-33.1748046875,1464.1748046875
2025-12-22,Patiala,1381.0,1922.51171875,541.51171875
2025-12-22,Patna,4106.0,3880.1640625,225.8359375
2025-12-22,Perambalur,1264.0,959.1416015625,304.8583984375
2025-12-22,Peren,19.0,177.3837890625,158.3837890625
2025-12-22,Phek,19.0,161.0751953125,142.0751953125
2025-12-22,Pilibhit,2022.0,3598.5390625,1576.5390625
2025-12-22,Pithoragarh,1134.0,548.4189453125,585.5810546875
2025-12-22,Porbandar,430.0,-68.8212890625,498.8212890625
2025-12-22,Prakasam,3868.0,3523.96533203125,344.03466796875
2025-12-22,Pratapgarh,3585.0,3760.951171875,175.951171875
2025-12-22,Puducherry,1332.0,-67.841796875,1399.841796875
2025-12-22,Pudukkottai,3874.0,3237.96826171875,636.03173828125
2025-12-22,Pulwama,782.0,-463.41796875,1245.41796875
2025-12-22,Punch,1127.0,714.955078125,412.044921875
2025-12-22,Pune,15357.0,14346.923828125,1010.076171875
2025-12-22,Purba Champaran,14.0,-388.88671875,402.88671875
2025-12-22,Purba Medinipur,2424.0,1476.98974609375,947.01025390625
2025-12-22,Purbi Singhbhum,425.0,288.095703125,136.904296875
2025-12-22,Puri,1489.0,822.14501953125,666.85498046875
2025-12-22,Puruliya,0.0,100.7509765625,100.7509765625
2025-12-22,Rae Bareli,2429.0,2980.55908203125,551.55908203125
2025-12-22,Raichur,2824.0,2575.8349609375,248.1650390625
2025-12-22,Raigarh,5209.0,4011.01318359375,1197.98681640625
2025-12-22,Raipur,10047.0,3839.9287109375,6207.0712890625
2025-12-22,Raisen,2121.0,2489.49951171875,368.49951171875
2025-12-22,Rajgarh,2582.0,3337.42529296875,755.42529296875
2025-12-22,Rajkot,2928.0,1509.1279296875,1418.8720703125
2025-12-22,Rajnandgaon,5728.0,4952.75390625,775.24609375
2025-12-22,Rajouri,1319.0,1164.939453125,154.060546875
2025-12-22,Rajsamand,1614.0,968.05615234375,645.94384765625
2025-12-22,Ramanagara,0.0,-23.576171875,23.576171875
2025-12-22,Ramanathapuram,2104.0,1600.4697265625,503.5302734375
2025-12-22,Ramban,435.0,-63.3876953125,498.3876953125
2025-12-22,Ramgarh,740.0,511.90625,228.09375
2025-12-22,Ranchi,2936.0,2387.19970703125,548.80029296875
2025-12-22,Rangareddy,0.0,-69.1591796875,69.1591796875
2025-12-22,Ratlam,5236.0,2848.1689453125,2387.8310546875
2025-12-22,Ratnagiri,3231.0,2643.21142578125,587.78857421875
2025-12-22,Rayagada,922.0,276.2978515625,645.7021484375
2025-12-22,Reasi,567.0,98.3203125,468.6796875
2025-12-22,Rewa,3058.0,2894.45166015625,163.54833984375
2025-12-22,Rewari,1241.0,1095.03271484375,145.96728515625
2025-12-22,Ri Bhoi,31.0,8.4404296875,22.5595703125
2025-12-22,Rohtak,1522.0,1414.07373046875,107.92626953125
2025-12-22,Rohtas,2839.0,2846.7392578125,7.7392578125
2025-12-22,Rudraprayag,615.0,1081.6611328125,466.6611328125
2025-12-22,Rupnagar,825.0,730.38671875,94.61328125
2025-12-22,Sabar Kantha,0.0,57.5634765625,57.5634765625
2025-12-22,Sagar,0.0,-40.6318359375,40.6318359375
2025-12-22,Saharanpur,3796.0,5084.79296875,1288.79296875
2025-12-22,Saharsa,3085.0,2777.96337890625,307.03662109375
2025-12-22,Sahibganj,1053.0,1639.45458984375,586.45458984375
2025-12-22,Sahibzada Ajit Singh Nagar,1126.0,-119.6572265625,1245.6572265625
2025-12-22,Saiha,3.0,-66.71484375,69.71484375
2025-12-22,Salem,6497.0,5272.5654296875,1224.4345703125
2025-12-22,Samastipur,4908.0,4432.09130859375,475.90869140625
2025-12-22,Samba,205.0,-611.44140625,816.44140625
2025-12-22,Sambalpur,1055.0,710.1953125,344.8046875
2025-12-22,Sangli,5089.0,5430.916015625,341.916015625
2025-12-22,Sangrur,1132.0,1789.85888671875,657.85888671875
2025-12-22,Sant Kabir Nagar,2446.0,3610.45556640625,1164.45556640625
2025-12-22,Sant Ravi Das Nagar(Bhadohi),0.0,0.068359375,0.068359375
2025-12-22,Saraikela-Kharsawan,0.0,86.1650390625,86.1650390625
2025-12-22,Satara,4319.0,4341.267578125,22.267578125
2025-12-22,Satna,3611.0,4485.41015625,874.41015625
2025-12-22,Sawai Madhopur,1911.0,2098.6123046875,187.6123046875
2025-12-22,Sehore,2543.0,2579.384765625,36.384765625
2025-12-22,Senapati,190.0,300.02734375,110.02734375
2025-12-22,Seoni,1451.0,2413.15625,962.15625
2025-12-22,Serchhip,9.0,114.2275390625,105.2275390625
2025-12-22,Shahdol,1990.0,2116.005859375,126.005859375
2025-12-22,Shahid Bhagat Singh Nagar,827.0,-676.318359375,1503.318359375
2025-12-22,Shahjahanpur,2752.0,3517.16357421875,765.16357421875
2025-12-22,Shajapur,1783.0,2137.712890625,354.712890625
2025-12-22,Sheikhpura,763.0,997.001953125,234.001953125
2025-12-22,Sheohar,715.0,1682.88623046875,967.88623046875
2025-12-22,Sheopur,1053.0,1960.89501953125,907.89501953125
2025-12-22,Shimla,567.0,-127.8720703125,694.8720703125
2025-12-22,Shivpuri,2917.0,2520.5771484375,396.4228515625
2025-12-22,Siddharth Nagar,2590.0,4073.06689453125,1483.06689453125
2025-12-22,Sidhi,1511.0,1575.12646484375,64.12646484375
2025-12-22,Sikar,3641.0,2609.36962890625,1031.63037109375
2025-12-22,Simdega,612.0,2059.16162109375,1447.16162109375
2025-12-22,Sindhudurg,1487.0,208.7470703125,1278.2529296875
2025-12-22,Singrauli,1426.0,1798.38720703125,372.38720703125
2025-12-22,Sirmaur,528.0,-3.3525390625,531.3525390625
2025-12-22,Sirohi,1422.0,2242.07958984375,820.07958984375
2025-12-22,Sirsa,1978.0,2483.72900390625,505.72900390625
2025-12-22,Sitamarhi,4010.0,5124.81884765625,1114.81884765625
2025-12-22,Sitapur,4137.0,5596.0380859375,1459.0380859375
2025-12-22,Sivaganga,2750.0,1344.85693359375,1405.14306640625
2025-12-22,Sivasagar,362.0,-204.322265625,566.322265625
2025-12-22,Siwan,3420.0,2667.3564453125,752.6435546875
2025-12-22,Solan,634.0,58.9345703125,575.0654296875
2025-12-22,Solapur,8053.0,8865.3564453125,812.3564453125
2025-12-22,Sonbhadra,1838.0,2125.6865234375,287.6865234375
2025-12-22,Sonipat,1675.0,1691.01953125,16.01953125
2025-12-22,Sonitpur,840.0,581.0419921875,258.9580078125
2025-12-22,South,0.0,88.837890625,88.837890625
2025-12-22,South 24 Parganas,5327.0,3136.18994140625,2190.81005859375
2025-12-22,South Andaman,0.0,-785.8388671875,785.8388671875
2025-12-22,South Garo Hills,32.0,-728.94921875,760.94921875
2025-12-22,South Goa,582.0,584.2421875,2.2421875
2025-12-22,South Tripura,575.0,1233.30810546875,658.30810546875
2025-12-22,Sri Potti Sriramulu Nellore,3394.0,1455.3857421875,1938.6142578125
2025-12-22,Srikakulam,3370.0,2564.9130859375,805.0869140625
2025-12-22,Srinagar,2461.0,1914.58837890625,546.41162109375
2025-12-22,Subarnapur,508.0,-238.3330078125,746.3330078125
2025-12-22,Sultanpur,1863.0,2704.84716796875,841.84716796875
2025-12-22,Sundargarh,1840.0,170.484375,1669.515625
2025-12-22,Supaul,3591.0,2532.4228515625,1058.5771484375
2025-12-22,Surat,5573.0,5441.43017578125,131.56982421875
2025-12-22,Surendranagar,1778.0,226.1064453125,1551.8935546875
2025-12-22,Surguja,4943.0,2188.404296875,2754.595703125
2025-12-22,Tamenglong,17.0,-364.8046875,381.8046875
2025-12-22,Tapi,721.0,517.1357421875,203.8642578125
2025-12-22,Tarn Taran,1180.0,1002.9072265625,177.0927734375
2025-12-22,Tawang,76.0,-1180.283203125,1256.283203125
2025-12-22,Tehri Garhwal,1868.0,2719.7041015625,851.7041015625
2025-12-22,Thane,16406.0,14841.421875,1564.578125
2025-12-22,Thanjavur,4616.0,3187.72998046875,1428.27001953125
2025-12-22,The Dangs,0.0,47.314453125,47.314453125
2025-12-22,The Nilgiris,1063.0,594.7587890625,468.2412109375
2025-12-22,Theni,2168.0,1470.77587890625,697.22412109375
2025-12-22,Thiruvallur,0.0,-24.53125,24.53125
2025-12-22,Thiruvananthapuram,3547.0,1630.06689453125,1916.93310546875
2025-12-22,Thiruvarur,0.0,13.46484375,13.46484375
2025-12-22,Thoothukkudi,0.0,60.638671875,60.638671875
2025-12-22,Thoubal,1560.0,1440.1083984375,119.8916015625
2025-12-22,Thrissur,2724.0,1118.05224609375,1605.94775390625
2025-12-22,Tikamgarh,2451.0,3024.48095703125,573.48095703125
2025-12-22,Tinsukia,530.0,1134.6611328125,604.6611328125
2025-12-22,Tirap,17.0,-572.26953125,589.26953125
2025-12-22,Tiruchirappalli,4752.0,3057.23486328125,1694.76513671875
2025-12-22,Tirunelveli,4821.0,4375.4189453125,445.5810546875
2025-12-22,Tiruppur,6083.0,2117.703125,3965.296875
2025-12-22,Tiruvannamalai,3941.0,1382.49462890625,2558.50537109375
2025-12-22,Tonk,1919.0,2513.59033203125,594.59033203125
2025-12-22,Tuensang,82.0,4.40625,77.59375
2025-12-22,Tumkur,0.0,-29.7470703125,29.7470703125
2025-12-22,Udaipur,3888.0,4187.7900390625,299.7900390625
2025-12-22,Udalguri,636.0,1301.80615234375,665.80615234375
2025-12-22,Udham Singh Nagar,6029.0,7542.259765625,1513.259765625
2025-12-22,Udhampur,1012.0,315.1201171875,696.8798828125
2025-12-22,Udupi,817.0,3.7734375,813.2265625
2025-12-22,Ujjain,3578.0,4449.828125,871.828125
2025-12-22,Ukhrul,46.0,249.2392578125,203.2392578125
2025-12-22,Umaria,1225.0,1796.22119140625,571.22119140625
2025-12-22,Una,603.0,-234.3291015625,837.3291015625
2025-12-22,Unnao,2720.0,3417.7685546875,697.7685546875
2025-12-22,Upper Siang,29.0,-164.0146484375,193.0146484375
2025-12-22,Upper Subansiri,72.0,462.462890625,390.462890625
2025-12-22,Uttar Bastar Kanker,0.0,-36.37109375,36.37109375
2025-12-22,Uttara Kannada,975.0,4.0390625,970.9609375
2025-12-22,Uttarkashi,1012.0,845.38037109375,166.61962890625
2025-12-22,Vadodara,4308.0,3138.00830078125,1169.99169921875
2025-12-22,Vaishali,4255.0,3688.5244140625,566.4755859375
2025-12-22,Valsad,1415.0,847.27685546875,567.72314453125
2025-12-22,Varanasi,3095.0,5348.2294921875,2253.2294921875
2025-12-22,Vellore,6076.0,4294.07861328125,1781.92138671875
2025-12-22,Vidisha,2733.0,3015.1025390625,282.1025390625
2025-12-22,Viluppuram,5683.0,2139.39501953125,3543.60498046875
2025-12-22,Virudunagar,0.0,32.5244140625,32.5244140625
2025-12-22,Visakhapatnam,5537.0,5373.3515625,163.6484375
2025-12-22,Vizianagaram,3809.0,2591.27099609375,1217.72900390625
2025-12-22,Warangal,2793.0,1247.10986328125,1545.89013671875
2025-12-22,Wardha,3049.0,2858.96337890625,190.03662109375
2025-12-22,Washim,2945.0,3136.4853515625,191.4853515625
2025-12-22,Wayanad,671.0,861.2109375,190.2109375
2025-12-22,West,0.0,118.6015625,118.6015625
2025-12-22,West Garo Hills,59.0,334.384765625,275.384765625
2025-12-22,West Godavari,4379.0,2898.8583984375,1480.1416015625
2025-12-22,West Kameng,153.0,101.033203125,51.966796875
2025-12-22,West Khasi Hills,10.0,940.3408203125,930.3408203125
2025-12-22,West Tripura,919.0,1953.72802734375,1034.72802734375
2025-12-22,Wokha,37.0,147.4375,110.4375
2025-12-22,Yadgir,1470.0,138.8115234375,1331.1884765625
2025-12-22,Yamunanagar,1681.0,2109.70166015625,428.70166015625
2025-12-22,Yanam,10.0,-229.9560546875,239.9560546875
2025-12-22,Yavatmal,6660.0,8008.18798828125,1348.18798828125
2025-12-22,Zunheboto,17.0,166.5625,149.5625
2025-12-29,Adilabad,547.0,1932.1806640625,1385.1806640625
2025-12-29,Agra,0.0,-143.435546875,143.435546875
2025-12-29,Ahmadabad,0.0,-17.7060546875,17.7060546875
2025-12-29,Ahmadnagar,0.0,-131.6796875,131.6796875
2025-12-29,Aizawl,8.0,-515.78515625,523.78515625
2025-12-29,Ajmer,739.0,3958.04833984375,3219.04833984375
2025-12-29,Akola,922.0,3848.361328125,2926.361328125
2025-12-29,Alappuzha,879.0,451.0595703125,427.9404296875
2025-12-29,Aligarh,546.0,3968.32763671875,3422.32763671875
2025-12-29,Alirajpur,296.0,1561.7412109375,1265.7412109375
2025-12-29,Almora,324.0,1277.36474609375,953.36474609375
2025-12-29,Alwar,1181.0,6988.59814453125,5807.59814453125
2025-12-29,Ambala,349.0,1443.1220703125,1094.1220703125
2025-12-29,Ambedkar Nagar,293.0,2290.7919921875,1997.7919921875
2025-12-29,Amravati,468.0,9243.52734375,8775.52734375
2025-12-29,Amreli,178.0,534.015625,356.015625
2025-12-29,Amritsar,475.0,2868.57958984375,2393.57958984375
2025-12-29,Anand,269.0,1573.5068359375,1304.5068359375
2025-12-29,Anantnag,700.0,577.0478515625,122.9521484375
2025-12-29,Anjaw,4.0,-464.0693359375,468.0693359375
2025-12-29,Anugul,296.0,350.744140625,54.744140625
2025-12-29,Anuppur,231.0,1452.376953125,1221.376953125
2025-12-29,Araria,763.0,4231.80126953125,3468.80126953125
2025-12-29,Ariyalur,331.0,867.267578125,536.267578125
2025-12-29,Arwal,128.0,1204.3095703125,1076.3095703125
2025-12-29,Ashoknagar,950.0,6452.19677734375,5502.19677734375
2025-12-29,Auraiya,194.0,1650.9619140625,1456.9619140625
2025-12-29,Aurangabad,512.0,1949.8212890625,1437.8212890625
2025-12-29,Azamgarh,575.0,5092.3173828125,4517.3173828125
2025-12-29,Bagalkot,0.0,-189.1669921875,189.1669921875
2025-12-29,Bageshwar,112.0,751.3681640625,639.3681640625
2025-12-29,Baghpat,151.0,1028.92529296875,877.92529296875
2025-12-29,Bahraich,469.0,5566.5703125,5097.5703125
2025-12-29,Baksa,102.0,183.4609375,81.4609375
2025-12-29,Balaghat,531.0,2820.98291015625,2289.98291015625
2025-12-29,Balangir,323.0,642.5615234375,319.5615234375
2025-12-29,Baleshwar,0.0,41.3115234375,41.3115234375
2025-12-29,Ballia,280.0,3179.6220703125,2899.6220703125
2025-12-29,Balrampur,832.0,8061.8388671875,7229.8388671875
2025-12-29,Banas Kantha,0.0,-10.8349609375,10.8349609375
2025-12-29,Banda,151.0,2763.07666015625,2612.07666015625
2025-12-29,Banka,483.0,2231.55712890625,1748.55712890625
2025-12-29,Bankura,534.0,1993.3056640625,1459.3056640625
2025-12-29,Banswara,329.0,3024.90869140625,2695.90869140625
2025-12-29,Bara Banki,0.0,-126.587890625,126.587890625
2025-12-29,Baramula,0.0,180.8828125,180.8828125
2025-12-29,Baran,172.0,3518.2451171875,3346.2451171875
2025-12-29,Barddhaman,0.0,52.74609375,52.74609375
2025-12-29,Bareilly,399.0,6880.43310546875,6481.43310546875
2025-12-29,Bargarh,251.0,1422.33251953125,1171.33251953125
2025-12-29,Barmer,853.0,5468.599609375,4615.599609375
2025-12-29,Barnala,106.0,641.904296875,535.904296875
2025-12-29,Barpeta,416.0,1894.56298828125,1478.56298828125
2025-12-29,Barwani,341.0,2584.44677734375,2243.44677734375
2025-12-29,Bastar,676.0,5031.60986328125,4355.60986328125
2025-12-29,Basti,613.0,4919.720703125,4306.720703125
2025-12-29,Bathinda,311.0,2486.6787109375,2175.6787109375
2025-12-29,Begusarai,689.0,4501.5185546875,3812.5185546875
2025-12-29,Betul,788.0,4140.49658203125,3352.49658203125
2025-12-29,Bhadrak,284.0,621.4638671875,337.4638671875
2025-12-29,Bhagalpur,628.0,3970.46142578125,3342.46142578125
2025-12-29,Bhandara,345.0,3033.1484375,2688.1484375
2025-12-29,Bharatpur,631.0,3992.177734375,3361.177734375
2025-12-29,Bharuch,216.0,1383.93017578125,1167.93017578125
2025-12-29,Bhavnagar,324.0,2207.6943359375,1883.6943359375
2025-12-29,Bhilwara,661.0,4840.26708984375,4179.26708984375
2025-12-29,Bhind,524.0,2512.943359375,1988.943359375
2025-12-29,Bhiwani,335.0,2503.853515625,2168.853515625
2025-12-29,Bhojpur,500.0,2240.328125,1740.328125
2025-12-29,Bhopal,780.0,4719.6630859375,3939.6630859375
2025-12-29,Bidar,567.0,2674.716796875,2107.716796875
2025-12-29,Bijapur,269.0,1329.29150390625,1060.29150390625
2025-12-29,Bijnor,644.0,6351.6328125,5707.6328125
2025-12-29,Bikaner,677.0,4326.09423828125,3649.09423828125
2025-12-29,Bilaspur,1252.0,9179.072265625,7927.072265625
2025-12-29,Birbhum,540.0,2337.8359375,1797.8359375
2025-12-29,Bishnupur,67.0,983.4951171875,916.4951171875
2025-12-29,Bokaro,466.0,1907.18505859375,1441.18505859375
2025-12-29,Bongaigaon,210.0,935.50341796875,725.50341796875
2025-12-29,Budaun,524.0,3252.8271484375,2728.8271484375
2025-12-29,Bulandshahr,408.0,3456.3056640625,3048.3056640625
2025-12-29,Buldana,0.0,-170.396484375,170.396484375
2025-12-29,Bundi,340.0,2549.5654296875,2209.5654296875
2025-12-29,Burhanpur,200.0,2053.189453125,1853.189453125
2025-12-29,Buxar,255.0,1644.15625,1389.15625
2025-12-29,Cachar,0.0,205.619140625,205.619140625
2025-12-29,Central,0.0,-92.7421875,92.7421875
2025-12-29,Chamba,137.0,15.220703125,121.779296875
2025-12-29,Chamoli,313.0,836.15869140625,523.15869140625
2025-12-29,Champawat,184.0,1176.7373046875,992.7373046875
2025-12-29,Champhai,2.0,-408.7802734375,410.7802734375
2025-12-29,Chamrajnagar,0.0,-138.6494140625,138.6494140625
2025-12-29,Chandauli,181.0,1839.13525390625,1658.13525390625
2025-12-29,Chandel,29.0,103.9599609375,74.9599609375
2025-12-29,Chandigarh,190.0,391.4609375,201.4609375
2025-12-29,Chandrapur,764.0,6919.1376953125,6155.1376953125
2025-12-29,Changlang,53.0,-1106.271484375,1159.271484375
2025-12-29,Chatra,209.0,2007.5537109375,1798.5537109375
2025-12-29,Chennai,1107.0,7387.248046875,6280.248046875
2025-12-29,Chhatarpur,743.0,3797.99267578125,3054.99267578125
2025-12-29,Chhindwara,631.0,4727.26611328125,4096.26611328125
2025-12-29,Chikkaballapura,355.0,1187.7080078125,832.7080078125
2025-12-29,Chikmagalur,0.0,-154.109375,154.109375
2025-12-29,Chirang,167.0,407.1123046875,240.1123046875
2025-12-29,Chitradurga,447.0,1501.75439453125,1054.75439453125
2025-12-29,Chitrakoot,109.0,2679.90283203125,2570.90283203125
2025-12-29,Chittaurgarh,0.0,-116.3193359375,116.3193359375
2025-12-29,Chittoor,1032.0,3998.55029296875,2966.55029296875
2025-12-29,Churachandpur,66.0,-86.59375,152.59375
2025-12-29,Churu,824.0,4739.97265625,3915.97265625
2025-12-29,Coimbatore,1214.0,5426.376953125,4212.376953125
2025-12-29,Cuddalore,1020.0,5920.0390625,4900.0390625
2025-12-29,Cuttack,489.0,1921.12646484375,1432.12646484375
2025-12-29,Dadra & Nagar Haveli,0.0,-44.3466796875,44.3466796875
2025-12-29,Dakshin Bastar Dantewada,0.0,-182.380859375,182.380859375
2025-12-29,Dakshina Kannada,496.0,733.5771484375,237.5771484375
2025-12-29,Damoh,237.0,2756.75439453125,2519.75439453125
2025-12-29,Darbhanga,1037.0,6483.5498046875,5446.5498046875
2025-12-29,Darrang,257.0,1221.72998046875,964.72998046875
2025-12-29,Datia,230.0,1676.70068359375,1446.70068359375
2025-12-29,Dausa,534.0,3294.7529296875,2760.7529296875
2025-12-29,Davanagere,395.0,585.6396484375,190.6396484375
2025-12-29,Debagarh,66.0,520.341796875,454.341796875
2025-12-29,Dehradun,997.0,4682.93994140625,3685.93994140625
2025-12-29,Deoghar,264.0,1920.8232421875,1656.8232421875
2025-12-29,Deoria,449.0,4132.4853515625,3683.4853515625
2025-12-29,Dewas,440.0,3503.97705078125,3063.97705078125
2025-12-29,Dhalai,91.0,533.0849609375,442.0849609375
2025-12-29,Dhamtari,523.0,3566.66845703125,3043.66845703125
2025-12-29,Dhanbad,446.0,1818.50634765625,1372.50634765625
2025-12-29,Dhar,485.0,2572.49853515625,2087.49853515625
2025-12-29,Dharmapuri,419.0,2963.5986328125,2544.5986328125
2025-12-29,Dharwad,383.0,1293.93798828125,910.93798828125
2025-12-29,Dhemaji,108.0,407.107421875,299.107421875
2025-12-29,Dhenkanal,287.0,930.8134765625,643.8134765625
2025-12-29,Dhubri,447.0,2120.12060546875,1673.12060546875
2025-12-29,Dhule,865.0,4885.3671875,4020.3671875
2025-12-29,Dibang Valley,3.0,-103.845703125,106.845703125
2025-12-29,Dibrugarh,96.0,121.6015625,25.6015625
2025-12-29,Dima Hasao,36.0,-737.794921875,773.794921875
2025-12-29,Dimapur,34.0,1171.146484375,1137.146484375
2025-12-29,Dindigul,770.0,4686.9921875,3916.9921875
2025-12-29,Dindori,203.0,1794.30615234375,1591.30615234375
2025-12-29,Diu,10.0,-1044.8046875,1054.8046875
2025-12-29,Doda,213.0,590.341796875,377.341796875
2025-12-29,Dumka,208.0,1778.9443359375,1570.9443359375
2025-12-29,Dungarpur,337.0,2759.25732421875,2422.25732421875
2025-12-29,Durg,966.0,7797.09619140625,6831.09619140625
2025-12-29,East,0.0,63.0263671875,63.0263671875
2025-12-29,East Garo Hills,1.0,-568.83203125,569.83203125
2025-12-29,East Godavari,961.0,4688.29248046875,3727.29248046875
2025-12-29,East Kameng,13.0,-189.5517578125,202.5517578125
2025-12-29,East Khasi Hills,26.0,-87.7626953125,113.7626953125
2025-12-29,East Siang,22.0,93.94921875,71.94921875
2025-12-29,Ernakulam,906.0,2711.08154296875,1805.08154296875
2025-12-29,Erode,662.0,3696.791015625,3034.791015625
2025-12-29,Etah,209.0,1736.62646484375,1527.62646484375
2025-12-29,Etawah,214.0,2426.28466796875,2212.28466796875
2025-12-29,Faridabad,578.0,3174.87109375,2596.87109375
2025-12-29,Faridkot,120.0,1118.8837890625,998.8837890625
2025-12-29,Farrukhabad,253.0,2419.04931640625,2166.04931640625
2025-12-29,Fatehabad,290.0,2116.712890625,1826.712890625
2025-12-29,Fatehgarh Sahib,79.0,264.609375,185.609375
2025-12-29,Fatehpur,479.0,4293.51318359375,3814.51318359375
2025-12-29,Firozabad,139.0,2550.79541015625,2411.79541015625
2025-12-29,Gadag,167.0,212.142578125,45.142578125
2025-12-29,Gajapati,188.0,653.7626953125,465.7626953125
2025-12-29,Ganderbal,170.0,628.2255859375,458.2255859375
2025-12-29,Gandhinagar,189.0,755.216796875,566.216796875
2025-12-29,Ganganagar,570.0,3013.60400390625,2443.60400390625
2025-12-29,Ganjam,735.0,4707.3798828125,3972.3798828125
2025-12-29,Garhchiroli,0.0,-195.798828125,195.798828125
2025-12-29,Garhwa,381.0,2118.89453125,1737.89453125
2025-12-29,Gautam Buddha Nagar,325.0,1187.99462890625,862.99462890625
2025-12-29,Gaya,914.0,5029.2685546875,4115.2685546875
2025-12-29,Ghaziabad,678.0,3589.46533203125,2911.46533203125
2025-12-29,Ghazipur,566.0,3505.1103515625,2939.1103515625
2025-12-29,Giridih,401.0,2958.06396484375,2557.06396484375
2025-12-29,Goalpara,360.0,1542.8896484375,1182.8896484375
2025-12-29,Godda,266.0,2119.64306640625,1853.64306640625
2025-12-29,Golaghat,267.0,103.4990234375,163.5009765625
2025-12-29,Gonda,594.0,3724.01611328125,3130.01611328125
2025-12-29,Gondiya,0.0,-187.9326171875,187.9326171875
2025-12-29,Gopalganj,493.0,3494.4169921875,3001.4169921875
2025-12-29,Gorakhpur,491.0,4848.259765625,4357.259765625
2025-12-29,Gumla,444.0,2362.07373046875,1918.07373046875
2025-12-29,Guna,394.0,1869.78173828125,1475.78173828125
2025-12-29,Guntur,1135.0,5995.408203125,4860.408203125
2025-12-29,Gurdaspur,300.0,2150.3896484375,1850.3896484375
2025-12-29,Gwalior,621.0,3733.21240234375,3112.21240234375
2025-12-29,Hailakandi,166.0,568.212890625,402.212890625
2025-12-29,Hamirpur,260.0,689.951171875,429.951171875
2025-12-29,Hanumangarh,547.0,3272.08203125,2725.08203125
2025-12-29,Harda,136.0,1188.0244140625,1052.0244140625
2025-12-29,Hardoi,646.0,5660.86474609375,5014.86474609375
2025-12-29,Hardwar,0.0,-52.41015625,52.41015625
2025-12-29,Hassan,340.0,95.72265625,244.27734375
2025-12-29,Haveri,313.0,950.41162109375,637.41162109375
2025-12-29,Hazaribagh,339.0,1340.0439453125,1001.0439453125
2025-12-29,Hingoli,513.0,4173.2626953125,3660.2626953125
2025-12-29,Hisar,464.0,2810.99267578125,2346.99267578125
2025-12-29,Hoshiarpur,346.0,1356.43994140625,1010.43994140625
2025-12-29,Hyderabad,1396.0,12339.4189453125,10943.4189453125
2025-12-29,Idukki,310.0,599.0205078125,289.0205078125
2025-12-29,Imphal East,200.0,1160.7646484375,960.7646484375
2025-12-29,Imphal West,199.0,701.5205078125,502.5205078125
2025-12-29,Indore,1043.0,9104.5673828125,8061.5673828125
2025-12-29,Jabalpur,758.0,6230.7529296875,5472.7529296875
2025-12-29,Jagatsinghapur,215.0,-219.8623046875,434.8623046875
2025-12-29,Jaintia Hills,0.0,189.0078125,189.0078125
2025-12-29,Jaipur,1966.0,10927.919921875,8961.919921875
2025-12-29,Jaisalmer,181.0,658.5712890625,477.5712890625
2025-12-29,Jajapur,0.0,12.8828125,12.8828125
2025-12-29,Jalandhar,579.0,3296.43505859375,2717.43505859375
2025-12-29,Jalaun,246.0,2085.19189453125,1839.19189453125
2025-12-29,Jalgaon,1547.0,12118.478515625,10571.478515625
2025-12-29,Jalna,778.0,4907.431640625,4129.431640625
2025-12-29,Jalor,0.0,-30.1376953125,30.1376953125
2025-12-29,Jalpaiguri,468.0,1156.35791015625,688.35791015625
2025-12-29,Jammu,406.0,1796.7734375,1390.7734375
2025-12-29,Jamnagar,244.0,1064.9404296875,820.9404296875
2025-12-29,Jamtara,174.0,1468.27880859375,1294.27880859375
2025-12-29,Jamui,725.0,3618.04541015625,2893.04541015625
2025-12-29,Janjgir-Champa,1229.0,6577.1103515625,5348.1103515625
2025-12-29,Jashpur,451.0,3578.48291015625,3127.48291015625
2025-12-29,Jaunpur,774.0,5378.1826171875,4604.1826171875
2025-12-29,Jehanabad,164.0,1044.0048828125,880.0048828125
2025-12-29,Jhabua,335.0,1373.630859375,1038.630859375
2025-12-29,Jhajjar,260.0,1275.97216796875,1015.97216796875
2025-12-29,Jhalawar,263.0,3332.4921875,3069.4921875
2025-12-29,Jhansi,371.0,3231.68017578125,2860.68017578125
2025-12-29,Jharsuguda,128.0,-13.80859375,141.80859375
2025-12-29,Jhunjhunun,0.0,-77.8505859375,77.8505859375
2025-12-29,Jind,503.0,3277.9677734375,2774.9677734375
2025-12-29,Jodhpur,1307.0,5479.86474609375,4172.86474609375
2025-12-29,Jorhat,124.0,37.7724609375,86.2275390625
2025-12-29,Junagadh,408.0,2043.48486328125,1635.48486328125
2025-12-29,Kachchh,381.0,2180.98876953125,1799.98876953125
2025-12-29,Kaimur (Bhabua),0.0,-104.5712890625,104.5712890625
2025-12-29,Kaithal,371.0,2391.60546875,2020.60546875
2025-12-29,Kalahandi,339.0,1802.2685546875,1463.2685546875
2025-12-29,Kamrup,228.0,578.146484375,350.146484375
2025-12-29,Kancheepuram,0.0,-131.9365234375,131.9365234375
2025-12-29,Kandhamal,203.0,220.27734375,17.27734375
2025-12-29,Kangra,415.0,1379.59912109375,964.59912109375
2025-12-29,Kannauj,276.0,2382.091796875,2106.091796875
2025-12-29,Kanniyakumari,0.0,-27.478515625,27.478515625
2025-12-29,Kannur,730.0,1641.38623046875,911.38623046875
2025-12-29,Kanpur Dehat,222.0,1960.52197265625,1738.52197265625
2025-12-29,Kanpur Nagar,541.0,4161.04345703125,3620.04345703125
2025-12-29,Kapurthala,155.0,1144.87841796875,989.87841796875
2025-12-29,Karaikal,80.0,53.7490234375,26.2509765625
2025-12-29,Karauli,463.0,2413.37451171875,1950.37451171875
2025-12-29,Karbi Anglong,268.0,1038.796875,770.796875
2025-12-29,Kargil,29.0,-420.0615234375,449.0615234375
2025-12-29,Karimganj,293.0,1500.50732421875,1207.50732421875
2025-12-29,Karimnagar,516.0,2272.4677734375,1756.4677734375
2025-12-29,Karnal,513.0,2885.96142578125,2372.96142578125
2025-12-29,Karur,262.0,983.2890625,721.2890625
2025-12-29,Kasaragod,425.0,689.416015625,264.416015625
2025-12-29,Kathua,228.0,549.904296875,321.904296875
2025-12-29,Katihar,1297.0,6720.228515625,5423.228515625
2025-12-29,Katni,674.0,4173.6494140625,3499.6494140625
2025-12-29,Kaushambi,389.0,2526.49365234375,2137.49365234375
2025-12-29,Kendrapara,274.0,1449.13134765625,1175.13134765625
2025-12-29,Kendujhar,397.0,1946.177734375,1549.177734375
2025-12-29,Khagaria,564.0,2974.3203125,2410.3203125
2025-12-29,Khammam,316.0,830.4599609375,514.4599609375
2025-12-29,Kheda,311.0,1877.37841796875,1566.37841796875
2025-12-29,Kheri,0.0,-110.958984375,110.958984375
2025-12-29,Khordha,398.0,887.6513671875,489.6513671875
2025-12-29,Khunti,165.0,1136.66943359375,971.66943359375
2025-12-29,Kinnaur,11.0,-681.6669921875,692.6669921875
2025-12-29,Kiphire,6.0,271.3203125,265.3203125
2025-12-29,Kishanganj,1140.0,4441.4326171875,3301.4326171875
2025-12-29,Kishtwar,142.0,1376.37548828125,1234.37548828125
2025-12-29,Kodagu,105.0,-737.12109375,842.12109375
2025-12-29,Kodarma,142.0,1167.306640625,1025.306640625
2025-12-29,Kohima,15.0,254.3955078125,239.3955078125
2025-12-29,Kokrajhar,152.0,509.5751953125,357.5751953125
2025-12-29,Kolar,339.0,1660.814453125,1321.814453125
2025-12-29,Kolasib,4.0,-574.80859375,578.80859375
2025-12-29,Kolhapur,910.0,6864.7705078125,5954.7705078125
2025-12-29,Kolkata,434.0,1505.4541015625,1071.4541015625
2025-12-29,Kollam,723.0,1891.1357421875,1168.1357421875
2025-12-29,Koppal,475.0,1197.7978515625,722.7978515625
2025-12-29,Koraput,279.0,989.1943359375,710.1943359375
2025-12-29,Korba,614.0,2731.376953125,2117.376953125
2025-12-29,Koriya,490.0,2464.21240234375,1974.21240234375
2025-12-29,Kota,453.0,2560.982421875,2107.982421875
2025-12-29,Kottayam,710.0,702.3486328125,7.6513671875
2025-12-29,Kozhikode,946.0,3871.2197265625,2925.2197265625
2025-12-29,Krishna,914.0,3578.15087890625,2664.15087890625
2025-12-29,Krishnagiri,563.0,3471.876953125,2908.876953125
2025-12-29,Kulgam,190.0,282.3525390625,92.3525390625
2025-12-29,Kullu,115.0,-137.552734375,252.552734375
2025-12-29,Kupwara,325.0,1391.34375,1066.34375
2025-12-29,Kurnool,1341.0,6771.900390625,5430.900390625
2025-12-29,Kurukshetra,269.0,2485.62109375,2216.62109375
2025-12-29,Kurung Kumey,2.0,218.7451171875,216.7451171875
2025-12-29,Kushinagar,487.0,5095.66845703125,4608.66845703125
2025-12-29,Lakhimpur,167.0,574.3896484375,407.3896484375
2025-12-29,Lakhisarai,231.0,1854.8359375,1623.8359375
2025-12-29,Lakshadweep,0.0,-31.7119140625,31.7119140625
2025-12-29,Lalitpur,243.0,2251.15966796875,2008.15966796875
2025-12-29,Latehar,150.0,1575.2744140625,1425.2744140625
2025-12-29,Latur,653.0,5513.7998046875,4860.7998046875
2025-12-29,Lawangtlai,0.0,221.1708984375,221.1708984375
2025-12-29,Leh (Ladakh),0.0,161.6123046875,161.6123046875
2025-12-29,Lohardaga,164.0,990.32763671875,826.32763671875
2025-12-29,Lohit,37.0,-897.3330078125,934.3330078125
2025-12-29,Longleng,1.0,-216.953125,217.953125
2025-12-29,Lower Dibang Valley,4.0,149.43359375,145.43359375
2025-12-29,Lower Subansiri,12.0,485.4482421875,473.4482421875
2025-12-29,Lucknow,885.0,6280.375,5395.375
2025-12-29,Ludhiana,735.0,3751.0654296875,3016.0654296875
2025-12-29,Lunglei,8.0,-391.3955078125,399.3955078125
2025-12-29,Madhepura,554.0,3924.7509765625,3370.7509765625
2025-12-29,Madhubani,1520.0,7925.1728515625,6405.1728515625
2025-12-29,Madurai,1119.0,6235.365234375,5116.365234375
2025-12-29,Maharajganj,639.0,4108.265625,3469.265625
2025-12-29,Mahasamund,634.0,4096.29443359375,3462.29443359375
2025-12-29,Mahbubnagar,0.0,-220.94140625,220.94140625
2025-12-29,Mahendragarh,312.0,2141.0654296875,1829.0654296875
2025-12-29,Mahesana,267.0,1524.849609375,1257.849609375
2025-12-29,Mahoba,196.0,1640.7314453125,1444.7314453125
2025-12-29,Mainpuri,188.0,2173.2041015625,1985.2041015625
2025-12-29,Malappuram,1190.0,5011.3134765625,3821.3134765625
2025-12-29,Maldah,0.0,47.4404296875,47.4404296875
2025-12-29,Malkangiri,160.0,-839.9150390625,999.9150390625
2025-12-29,Mamit,3.0,-769.0673828125,772.0673828125
2025-12-29,Mandi,246.0,91.8076171875,154.1923828125
2025-12-29,Mandla,241.0,1248.58447265625,1007.58447265625
2025-12-29,Mandsaur,352.0,1853.22314453125,1501.22314453125
2025-12-29,Mandya,442.0,1306.7724609375,864.7724609375
2025-12-29,Mansa,125.0,1358.3955078125,1233.3955078125
2025-12-29,Marigaon,249.0,1227.7783203125,978.7783203125
2025-12-29,Mathura,452.0,2866.65087890625,2414.65087890625
2025-12-29,Mau,321.0,2847.9599609375,2526.9599609375
2025-12-29,Mayurbhanj,500.0,2891.5673828125,2391.5673828125
2025-12-29,Medak,535.0,2341.5595703125,1806.5595703125
2025-12-29,Meerut,484.0,4414.8134765625,3930.8134765625
2025-12-29,Mirzapur,468.0,2991.361328125,2523.361328125
2025-12-29,Moga,175.0,1177.45654296875,1002.45654296875
2025-12-29,Mokokchung,24.0,-356.12890625,380.12890625
2025-12-29,Mon,19.0,704.982421875,685.982421875
2025-12-29,Moradabad,593.0,4460.97412109375,3867.97412109375
2025-12-29,Morena,440.0,3545.08984375,3105.08984375
2025-12-29,Muktsar,0.0,18.62109375,18.62109375
2025-12-29,Mumbai,3138.0,25462.91796875,22324.91796875
2025-12-29,Munger,216.0,1752.64501953125,1536.64501953125
2025-12-29,Murshidabad,926.0,4432.88623046875,3506.88623046875
2025-12-29,Muzaffarnagar,618.0,4001.8623046875,3383.8623046875
2025-12-29,Muzaffarpur,925.0,6322.7646484375,5397.7646484375
2025-12-29,Nabarangapur,0.0,-137.6943359375,137.6943359375
2025-12-29,Nadia,487.0,1879.12060546875,1392.12060546875
2025-12-29,Nagaon,1334.0,4194.90673828125,2860.90673828125
2025-12-29,Nagappattinam,0.0,-95.7109375,95.7109375
2025-12-29,Nagaur,1068.0,6532.11865234375,5464.11865234375
2025-12-29,Nagpur,1178.0,8748.5859375,7570.5859375
2025-12-29,Nainital,564.0,3925.43115234375,3361.43115234375
2025-12-29,Nalanda,756.0,2967.318359375,2211.318359375
2025-12-29,Nalbari,82.0,-66.892578125,148.892578125
2025-12-29,Nalgonda,626.0,2217.51806640625,1591.51806640625
2025-12-29,Namakkal,372.0,2943.759765625,2571.759765625
2025-12-29,Nanded,1316.0,9453.9716796875,8137.9716796875
2025-12-29,Nandurbar,838.0,2887.27734375,2049.27734375
2025-12-29,Narayanpur,161.0,2067.80419921875,1906.80419921875
2025-12-29,Narmada,103.0,701.2451171875,598.2451171875
2025-12-29,Nashik,2380.0,17837.48828125,15457.48828125
2025-12-29,Navsari,120.0,187.92578125,67.92578125
2025-12-29,Nawada,416.0,2517.1123046875,2101.1123046875
2025-12-29,Nayagarh,237.0,199.25,37.75
2025-12-29,Neemuch,236.0,977.62841796875,741.62841796875
2025-12-29,New Delhi,22.0,-755.978515625,777.978515625
2025-12-29,Nicobar,0.0,-945.298828125,945.298828125
2025-12-29,Nizamabad,530.0,1970.326171875,1440.326171875
2025-12-29,North,0.0,86.8583984375,86.8583984375
2025-12-29,North & Middle Andaman,0.0,-856.279296875,856.279296875
2025-12-29,North 24 Parganas,1042.0,4316.44482421875,3274.44482421875
2025-12-29,North Goa,207.0,82.1015625,124.8984375
2025-12-29,North Tripura,165.0,379.177734375,214.177734375
2025-12-29,Nuapada,142.0,1159.42431640625,1017.42431640625
2025-12-29,Pakur,123.0,853.98095703125,730.98095703125
2025-12-29,Palakkad,988.0,2121.693359375,1133.693359375
2025-12-29,Palamu,457.0,2651.64697265625,2194.64697265625
2025-12-29,Pali,539.0,4353.99658203125,3814.99658203125
2025-12-29,Palwal,311.0,2462.97705078125,2151.97705078125
2025-12-29,Panch Mahals,0.0,-78.8369140625,78.8369140625
2025-12-29,Panchkula,144.0,458.4775390625,314.4775390625
2025-12-29,Panipat,342.0,2425.119140625,2083.119140625
2025-12-29,Panna,258.0,2172.3671875,1914.3671875
2025-12-29,Papum Pare,48.0,-1007.0107421875,1055.0107421875
2025-12-29,Parbhani,641.0,4486.92529296875,3845.92529296875
2025-12-29,Pashchim Champaran,3112.0,21316.0,18204.0
2025-12-29,Pashchim Medinipur,0.0,43.5712890625,43.5712890625
2025-12-29,Pashchimi Singhbhum,967.0,5245.20361328125,4278.20361328125
2025-12-29,Patan,170.0,1677.08837890625,1507.08837890625
2025-12-29,Pathanamthitta,432.0,-15.1474609375,447.1474609375
2025-12-29,Patiala,402.0,2451.673828125,2049.673828125
2025-12-29,Patna,862.0,5419.4033203125,4557.4033203125
2025-12-29,Perambalur,239.0,1095.4033203125,856.4033203125
2025-12-29,Peren,13.0,-52.1123046875,65.1123046875
2025-12-29,Phek,1.0,-394.28125,395.28125
2025-12-29,Pilibhit,463.0,3908.8203125,3445.8203125
2025-12-29,Pithoragarh,293.0,986.3828125,693.3828125
2025-12-29,Porbandar,80.0,-52.392578125,132.392578125
2025-12-29,Prakasam,838.0,3994.81689453125,3156.81689453125
2025-12-29,Pratapgarh,581.0,4548.79931640625,3967.79931640625
2025-12-29,Puducherry,219.0,83.18359375,135.81640625
2025-12-29,Pudukkottai,694.0,4912.9169921875,4218.9169921875
2025-12-29,Pulwama,196.0,332.263671875,136.263671875
2025-12-29,Punch,325.0,1058.08251953125,733.08251953125
2025-12-29,Pune,2453.0,20987.873046875,18534.873046875
2025-12-29,Purba Champaran,14.0,-432.3515625,446.3515625
2025-12-29,Purba Medinipur,467.0,2207.11376953125,1740.11376953125
2025-12-29,Purbi Singhbhum,56.0,118.8505859375,62.8505859375
2025-12-29,Puri,331.0,729.6591796875,398.6591796875
2025-12-29,Puruliya,0.0,-2.990234375,2.990234375
2025-12-29,Rae Bareli,405.0,3269.7587890625,2864.7587890625
2025-12-29,Raichur,746.0,3309.67919921875,2563.67919921875
2025-12-29,Raigarh,856.0,6384.52392578125,5528.52392578125
2025-12-29,Raipur,1607.0,8751.5185546875,7144.5185546875
2025-12-29,Raisen,422.0,2860.5380859375,2438.5380859375
2025-12-29,Rajgarh,517.0,3608.67578125,3091.67578125
2025-12-29,Rajkot,449.0,2748.43310546875,2299.43310546875
2025-12-29,Rajnandgaon,964.0,6570.2578125,5606.2578125
2025-12-29,Rajouri,332.0,1532.041015625,1200.041015625
2025-12-29,Rajsamand,263.0,1082.36865234375,819.36865234375
2025-12-29,Ramanagara,0.0,-149.6884765625,149.6884765625
2025-12-29,Ramanathapuram,458.0,2314.087890625,1856.087890625
2025-12-29,Ramban,95.0,-332.5859375,427.5859375
2025-12-29,Ramgarh,121.0,526.984375,405.984375
2025-12-29,Ranchi,649.0,3052.2861328125,2403.2861328125
2025-12-29,Rangareddy,0.0,-226.8935546875,226.8935546875
2025-12-29,Ratlam,924.0,2644.91259765625,1720.91259765625
2025-12-29,Ratnagiri,561.0,3082.95263671875,2521.95263671875
2025-12-29,Rayagada,195.0,316.9951171875,121.9951171875
2025-12-29,Reasi,94.0,-44.115234375,138.115234375
2025-12-29,Rewa,850.0,3399.27197265625,2549.27197265625
2025-12-29,Rewari,227.0,1374.0400390625,1147.0400390625
2025-12-29,Ri Bhoi,8.0,-282.7880859375,290.7880859375
2025-12-29,Rohtak,264.0,1895.54296875,1631.54296875
2025-12-29,Rohtas,482.0,3351.7861328125,2869.7861328125
2025-12-29,Rudraprayag,186.0,1160.4208984375,974.4208984375
2025-12-29,Rupnagar,136.0,614.44140625,478.44140625
2025-12-29,Sabar Kantha,0.0,-60.00390625,60.00390625
2025-12-29,Sagar,0.0,-196.005859375,196.005859375
2025-12-29,Saharanpur,564.0,6182.0078125,5618.0078125
2025-12-29,Saharsa,423.0,3723.8505859375,3300.8505859375
2025-12-29,Sahibganj,271.0,1739.85009765625,1468.85009765625
2025-12-29,Sahibzada Ajit Singh Nagar,223.0,215.6513671875,7.3486328125
2025-12-29,Saiha,3.0,578.763671875,575.763671875
2025-12-29,Salem,1273.0,7365.20458984375,6092.20458984375
2025-12-29,Samastipur,916.0,6250.63671875,5334.63671875
2025-12-29,Samba,57.0,-173.38671875,230.38671875
2025-12-29,Sambalpur,268.0,613.6611328125,345.6611328125
2025-12-29,Sangli,878.0,6491.166015625,5613.166015625
2025-12-29,Sangrur,274.0,1936.224609375,1662.224609375
2025-12-29,Sant Kabir Nagar,392.0,3641.537109375,3249.537109375
2025-12-29,Sant Ravi Das Nagar(Bhadohi),0.0,-129.87890625,129.87890625
2025-12-29,Saraikela-Kharsawan,0.0,-15.6064453125,15.6064453125
2025-12-29,Satara,831.0,5237.9794921875,4406.9794921875
2025-12-29,Satna,860.0,5085.0322265625,4225.0322265625
2025-12-29,Sawai Madhopur,289.0,2422.78125,2133.78125
2025-12-29,Sehore,520.0,2882.0849609375,2362.0849609375
2025-12-29,Senapati,73.0,10.302734375,62.697265625
2025-12-29,Seoni,282.0,2258.5693359375,1976.5693359375
2025-12-29,Serchhip,6.0,49.890625,43.890625
2025-12-29,Shahdol,524.0,2149.990234375,1625.990234375
2025-12-29,Shahid Bhagat Singh Nagar,126.0,-152.6806640625,278.6806640625
2025-12-29,Shahjahanpur,345.0,4129.01123046875,3784.01123046875
2025-12-29,Shajapur,312.0,2319.79150390625,2007.79150390625
2025-12-29,Sheikhpura,208.0,978.68310546875,770.68310546875
2025-12-29,Sheohar,177.0,1743.29052734375,1566.29052734375
2025-12-29,Sheopur,187.0,1829.6640625,1642.6640625
2025-12-29,Shimla,173.0,77.126953125,95.873046875
2025-12-29,Shivpuri,373.0,3496.24609375,3123.24609375
2025-12-29,Siddharth Nagar,612.0,4217.3779296875,3605.3779296875
2025-12-29,Sidhi,474.0,2087.53125,1613.53125
2025-12-29,Sikar,763.0,3738.7724609375,2975.7724609375
2025-12-29,Simdega,228.0,2345.81982421875,2117.81982421875
2025-12-29,Sindhudurg,218.0,79.9638671875,138.0361328125
2025-12-29,Singrauli,377.0,1465.26318359375,1088.26318359375
2025-12-29,Sirmaur,84.0,321.294921875,237.294921875
2025-12-29,Sirohi,307.0,2359.1689453125,2052.1689453125
2025-12-29,Sirsa,378.0,3393.8681640625,3015.8681640625
2025-12-29,Sitamarhi,1224.0,6720.63330078125,5496.63330078125
2025-12-29,Sitapur,775.0,6390.6005859375,5615.6005859375
2025-12-29,Sivaganga,482.0,1912.48974609375,1430.48974609375
2025-12-29,Sivasagar,122.0,-223.0400390625,345.0400390625
2025-12-29,Siwan,796.0,4039.03076171875,3243.03076171875
2025-12-29,Solan,153.0,-53.798828125,206.798828125
2025-12-29,Solapur,1424.0,12086.71875,10662.71875
2025-12-29,Sonbhadra,372.0,1997.11669921875,1625.11669921875
2025-12-29,Sonipat,376.0,1906.86328125,1530.86328125
2025-12-29,Sonitpur,163.0,580.32421875,417.32421875
2025-12-29,South,0.0,-6.3837890625,6.3837890625
2025-12-29,South 24 Parganas,934.0,4244.44775390625,3310.44775390625
2025-12-29,South Andaman,0.0,-785.8388671875,785.8388671875
2025-12-29,South Garo Hills,32.0,-393.6328125,425.6328125
2025-12-29,South Goa,184.0,-118.2802734375,302.2802734375
2025-12-29,South Tripura,191.0,1084.1513671875,893.1513671875
2025-12-29,Sri Potti Sriramulu Nellore,769.0,1758.7392578125,989.7392578125
2025-12-29,Srikakulam,600.0,3202.12109375,2602.12109375
2025-12-29,Srinagar,529.0,2772.97265625,2243.97265625
2025-12-29,Subarnapur,92.0,-455.91796875,547.91796875
2025-12-29,Sultanpur,407.0,2834.5390625,2427.5390625
2025-12-29,Sundargarh,514.0,842.43701171875,328.43701171875
2025-12-29,Supaul,613.0,3505.44091796875,2892.44091796875
2025-12-29,Surat,725.0,6385.1669921875,5660.1669921875
2025-12-29,Surendranagar,257.0,666.5791015625,409.5791015625
2025-12-29,Surguja,733.0,4220.865234375,3487.865234375
2025-12-29,Tamenglong,11.0,-559.2265625,570.2265625
2025-12-29,Tapi,164.0,775.65478515625,611.65478515625
2025-12-29,Tarn Taran,189.0,1229.79736328125,1040.79736328125
2025-12-29,Tawang,60.0,628.2958984375,568.2958984375
2025-12-29,Tehri Garhwal,564.0,3312.134765625,2748.134765625
2025-12-29,Thane,2384.0,22032.9375,19648.9375
2025-12-29,Thanjavur,809.0,5360.27490234375,4551.27490234375
2025-12-29,The Dangs,0.0,-70.6728515625,70.6728515625
2025-12-29,The Nilgiris,227.0,1158.44091796875,931.44091796875
2025-12-29,Theni,408.0,1900.70458984375,1492.70458984375
2025-12-29,Thiruvallur,0.0,-143.939453125,143.939453125
2025-12-29,Thiruvananthapuram,948.0,2057.064453125,1109.064453125
2025-12-29,Thiruvarur,0.0,-94.6455078125,94.6455078125
2025-12-29,Thoothukkudi,0.0,-46.5078125,46.5078125
2025-12-29,Thoubal,226.0,1263.18505859375,1037.18505859375
2025-12-29,Thrissur,857.0,1427.1015625,570.1015625
2025-12-29,Tikamgarh,405.0,3356.50341796875,2951.50341796875
2025-12-29,Tinsukia,121.0,50.59375,70.40625
2025-12-29,Tirap,18.0,-969.4375,987.4375
2025-12-29,Tiruchirappalli,827.0,4647.07958984375,3820.07958984375
2025-12-29,Tirunelveli,757.0,6540.5712890625,5783.5712890625
2025-12-29,Tiruppur,747.0,3828.9013671875,3081.9013671875
2025-12-29,Tiruvannamalai,454.0,2894.212890625,2440.212890625
2025-12-29,Tonk,403.0,2797.28173828125,2394.28173828125
2025-12-29,Tuensang,15.0,-151.638671875,166.638671875
2025-12-29,Tumkur,0.0,-162.09765625,162.09765625
2025-12-29,Udaipur,641.0,5426.8046875,4785.8046875
2025-12-29,Udalguri,183.0,633.2607421875,450.2607421875
2025-12-29,Udham Singh Nagar,1150.0,11227.0166015625,10077.0166015625
2025-12-29,Udhampur,310.0,530.3798828125,220.3798828125
2025-12-29,Udupi,290.0,-180.224609375,470.224609375
2025-12-29,Ujjain,824.0,4444.71728515625,3620.71728515625
2025-12-29,Ukhrul,10.0,370.3330078125,360.3330078125
2025-12-29,Umaria,177.0,1945.869140625,1768.869140625
2025-12-29,Una,138.0,-268.2138671875,406.2138671875
2025-12-29,Unnao,534.0,3565.5830078125,3031.5830078125
2025-12-29,Upper Siang,9.0,-727.68359375,736.68359375
2025-12-29,Upper Subansiri,15.0,465.5869140625,450.5869140625
2025-12-29,Uttar Bastar Kanker,0.0,-179.6630859375,179.6630859375
2025-12-29,Uttara Kannada,280.0,298.798828125,18.798828125
2025-12-29,Uttarkashi,168.0,1244.88818359375,1076.88818359375
2025-12-29,Vadodara,701.0,4382.59423828125,3681.59423828125
2025-12-29,Vaishali,970.0,5209.177734375,4239.177734375
2025-12-29,Valsad,236.0,1059.2724609375,823.2724609375
2025-12-29,Varanasi,895.0,5816.68701171875,4921.68701171875
2025-12-29,Vellore,802.0,6028.5302734375,5226.5302734375
2025-12-29,Vidisha,517.0,3470.29443359375,2953.29443359375
2025-12-29,Viluppuram,916.0,3966.40380859375,3050.40380859375
2025-12-29,Virudunagar,0.0,-76.46875,76.46875
2025-12-29,Visakhapatnam,1013.0,6014.20703125,5001.20703125
2025-12-29,Vizianagaram,683.0,3187.81396484375,2504.81396484375
2025-12-29,Warangal,403.0,1353.66015625,950.66015625
2025-12-29,Wardha,534.0,3624.24462890625,3090.24462890625
2025-12-29,Washim,564.0,3809.73876953125,3245.73876953125
2025-12-29,Wayanad,184.0,524.9169921875,340.9169921875
2025-12-29,West,0.0,39.634765625,39.634765625
2025-12-29,West Garo Hills,34.0,179.099609375,145.099609375
2025-12-29,West Godavari,797.0,3903.744140625,3106.744140625
2025-12-29,West Kameng,112.0,-421.9404296875,533.9404296875
2025-12-29,West Khasi Hills,1.0,612.6865234375,611.6865234375
2025-12-29,West Tripura,294.0,1854.73583984375,1560.73583984375
2025-12-29,Wokha,8.0,-122.0498046875,130.0498046875
2025-12-29,Yadgir,502.0,786.6962890625,284.6962890625
2025-12-29,Yamunanagar,525.0,2836.0888671875,2311.0888671875
2025-12-29,Yanam,1.0,-758.1328125,759.1328125
2025-12-29,Yavatmal,1247.0,10565.6171875,9318.6171875
2025-12-29,Zunheboto,6.0,-272.38671875,278.38671875
