week_start,district,actual,predicted,abs_error
2025-11-10,Adilabad,394.0,296.12908935546875,97.87091064453125
2025-11-10,Agra,0.0,-2.223602294921875,2.223602294921875
2025-11-10,Ahmadabad,0.0,0.5785980224609375,0.5785980224609375
2025-11-10,Ahmadnagar,0.0,4.1770477294921875,4.1770477294921875
2025-11-10,Aizawl,124.0,74.95364379882812,49.046356201171875
2025-11-10,Ajmer,990.0,411.1874694824219,578.8125
2025-11-10,Akola,384.0,252.1307373046875,131.8692626953125
2025-11-10,Alappuzha,388.0,219.83816528320312,168.16183471679688
2025-11-10,Aligarh,1156.0,526.5971069335938,629.4028930664062
2025-11-10,Alirajpur,362.0,291.7525939941406,70.24740600585938
2025-11-10,Almora,167.0,35.65904235839844,131.34095764160156
2025-11-10,Alwar,1671.0,615.8494873046875,1055.1505126953125
2025-11-10,Ambala,458.0,115.0488510131836,342.9511413574219
2025-11-10,Ambedkar Nagar,661.0,388.5123291015625,272.4876708984375
2025-11-10,Amravati,464.0,341.5513000488281,122.44869995117188
2025-11-10,Amreli,403.0,137.55908203125,265.44091796875
2025-11-10,Amritsar,421.0,283.9779052734375,137.0220947265625
2025-11-10,Anand,642.0,284.34722900390625,357.65277099609375
2025-11-10,Anantnag,372.0,222.3402557373047,149.6597442626953
2025-11-10,Anjaw,4.0,13.352134704589844,9.352134704589844
2025-11-10,Anugul,181.0,123.66923522949219,57.33076477050781
2025-11-10,Anuppur,372.0,168.39756774902344,203.60243225097656
2025-11-10,Araria,838.0,668.9771728515625,169.0228271484375
2025-11-10,Ariyalur,199.0,175.94627380371094,23.053726196289062
2025-11-10,Arwal,205.0,312.63897705078125,107.63897705078125
2025-11-10,Ashoknagar,2005.0,498.9810791015625,1506.0189208984375
2025-11-10,Auraiya,322.0,174.12728881835938,147.87271118164062
2025-11-10,Aurangabad,786.0,543.79150390625,242.20849609375
2025-11-10,Azamgarh,1567.0,643.1148681640625,923.8851318359375
2025-11-10,Bagalkot,0.0,7.680816650390625,7.680816650390625
2025-11-10,Bageshwar,94.0,23.975608825683594,70.0243911743164
2025-11-10,Baghpat,504.0,287.7422180175781,216.25778198242188
2025-11-10,Bahraich,1195.0,697.9312133789062,497.06878662109375
2025-11-10,Baksa,176.0,149.61953735351562,26.380462646484375
2025-11-10,Balaghat,706.0,379.25311279296875,326.74688720703125
2025-11-10,Balangir,359.0,294.2474365234375,64.7525634765625
2025-11-10,Baleshwar,0.0,10.339614868164062,10.339614868164062
2025-11-10,Ballia,1193.0,493.22991943359375,699.7700805664062
2025-11-10,Balrampur,1836.0,732.1361083984375,1103.8638916015625
2025-11-10,Banas Kantha,0.0,-6.8365936279296875,6.8365936279296875
2025-11-10,Banda,545.0,444.5274658203125,100.4725341796875
2025-11-10,Banka,733.0,569.3785400390625,163.6214599609375
2025-11-10,Bankura,1204.0,428.9089660644531,775.091064453125
2025-11-10,Banswara,680.0,257.1445617675781,422.8554382324219
2025-11-10,Bara Banki,0.0,4.0720062255859375,4.0720062255859375
2025-11-10,Baramula,0.0,-0.8646697998046875,0.8646697998046875
2025-11-10,Baran,511.0,215.54388427734375,295.45611572265625
2025-11-10,Barddhaman,0.0,8.606636047363281,8.606636047363281
2025-11-10,Bareilly,1654.0,695.86376953125,958.13623046875
2025-11-10,Bargarh,335.0,332.30670166015625,2.69329833984375
2025-11-10,Barmer,1163.0,520.0462646484375,642.9537353515625
2025-11-10,Barnala,76.0,48.539039611816406,27.460960388183594
2025-11-10,Barpeta,572.0,352.1089782714844,219.89102172851562
2025-11-10,Barwani,545.0,388.80224609375,156.19775390625
2025-11-10,Bastar,589.0,381.55206298828125,207.44793701171875
2025-11-10,Basti,1376.0,635.2103881835938,740.7896118164062
2025-11-10,Bathinda,224.0,65.82227325439453,158.177734375
2025-11-10,Begusarai,1264.0,642.1929931640625,621.8070068359375
2025-11-10,Betul,716.0,422.8064880371094,293.1935119628906
2025-11-10,Bhadrak,322.0,317.2147216796875,4.7852783203125
2025-11-10,Bhagalpur,1160.0,610.4534301757812,549.5465698242188
2025-11-10,Bhandara,188.0,23.817520141601562,164.18247985839844
2025-11-10,Bharatpur,1286.0,436.5066223144531,849.493408203125
2025-11-10,Bharuch,448.0,174.6728973388672,273.32708740234375
2025-11-10,Bhavnagar,934.0,282.7162780761719,651.28369140625
2025-11-10,Bhilwara,845.0,421.8294677734375,423.1705322265625
2025-11-10,Bhind,700.0,368.35675048828125,331.64324951171875
2025-11-10,Bhiwani,420.0,220.2361602783203,199.7638397216797
2025-11-10,Bhojpur,1420.0,546.552734375,873.447265625
2025-11-10,Bhopal,1174.0,416.2120666503906,757.7879638671875
2025-11-10,Bidar,499.0,331.2332458496094,167.76675415039062
2025-11-10,Bijapur,328.0,299.7572021484375,28.2427978515625
2025-11-10,Bijnor,1737.0,514.1809692382812,1222.819091796875
2025-11-10,Bikaner,739.0,390.3476867675781,348.6523132324219
2025-11-10,Bilaspur,789.0,448.1596374511719,340.8403625488281
2025-11-10,Birbhum,1409.0,455.8813171386719,953.11865234375
2025-11-10,Bishnupur,82.0,114.32085418701172,32.32085418701172
2025-11-10,Bokaro,681.0,369.2442932128906,311.7557067871094
2025-11-10,Bongaigaon,173.0,107.21102905273438,65.78897094726562
2025-11-10,Budaun,970.0,424.91021728515625,545.0897827148438
2025-11-10,Bulandshahr,1386.0,495.0350341796875,890.9649658203125
2025-11-10,Buldana,0.0,3.3660736083984375,3.3660736083984375
2025-11-10,Bundi,343.0,112.39742279052734,230.60256958007812
2025-11-10,Burhanpur,268.0,296.8372802734375,28.8372802734375
2025-11-10,Buxar,753.0,438.8309326171875,314.1690673828125
2025-11-10,Cachar,0.0,1.8029632568359375,1.8029632568359375
2025-11-10,Central,0.0,-3.5567474365234375,3.5567474365234375
2025-11-10,Chamba,301.0,68.45466613769531,232.5453338623047
2025-11-10,Chamoli,114.0,29.469993591308594,84.5300064086914
2025-11-10,Champawat,69.0,55.57270812988281,13.427291870117188
2025-11-10,Champhai,42.0,97.78981018066406,55.78981018066406
2025-11-10,Chamrajnagar,0.0,7.4898529052734375,7.4898529052734375
2025-11-10,Chandauli,744.0,374.8343200683594,369.1656799316406
2025-11-10,Chandel,50.0,42.11070251464844,7.8892974853515625
2025-11-10,Chandigarh,264.0,45.74944305419922,218.25054931640625
2025-11-10,Chandrapur,319.0,132.61175537109375,186.38824462890625
2025-11-10,Changlang,29.0,63.945655822753906,34.945655822753906
2025-11-10,Chatra,796.0,471.7712097167969,324.2287902832031
2025-11-10,Chennai,929.0,390.6114501953125,538.3885498046875
2025-11-10,Chhatarpur,1300.0,488.6351623535156,811.3648681640625
2025-11-10,Chhindwara,942.0,425.62225341796875,516.3777465820312
2025-11-10,Chikkaballapura,300.0,225.78775024414062,74.21224975585938
2025-11-10,Chikmagalur,0.0,6.906242370605469,6.906242370605469
2025-11-10,Chirang,133.0,24.898277282714844,108.10172271728516
2025-11-10,Chitradurga,349.0,298.9468688964844,50.053131103515625
2025-11-10,Chitrakoot,477.0,416.74627685546875,60.25372314453125
2025-11-10,Chittaurgarh,0.0,8.156890869140625,8.156890869140625
2025-11-10,Chittoor,889.0,284.2335205078125,604.7664794921875
2025-11-10,Churachandpur,134.0,121.71467590332031,12.285324096679688
2025-11-10,Churu,916.0,448.1742858886719,467.8257141113281
2025-11-10,Coimbatore,780.0,330.1990966796875,449.8009033203125
2025-11-10,Cuddalore,841.0,315.1835021972656,525.8165283203125
2025-11-10,Cuttack,293.0,305.9422302246094,12.942230224609375
2025-11-10,Dadra & Nagar Haveli,0.0,-6.847137451171875,6.847137451171875
2025-11-10,Dakshin Bastar Dantewada,0.0,5.1875,5.1875
2025-11-10,Dakshina Kannada,674.0,307.4070739746094,366.5929260253906
2025-11-10,Damoh,621.0,368.6481018066406,252.35189819335938
2025-11-10,Darbhanga,1727.0,609.04150390625,1117.95849609375
2025-11-10,Darrang,804.0,283.10546875,520.89453125
2025-11-10,Datia,479.0,121.61741638183594,357.382568359375
2025-11-10,Dausa,611.0,286.8684387207031,324.1315612792969
2025-11-10,Davanagere,420.0,277.4564208984375,142.5435791015625
2025-11-10,Debagarh,37.0,59.774749755859375,22.774749755859375
2025-11-10,Dehradun,591.0,310.85552978515625,280.14447021484375
2025-11-10,Deoghar,1083.0,438.8708190917969,644.129150390625
2025-11-10,Deoria,908.0,514.3109130859375,393.6890869140625
2025-11-10,Dewas,1044.0,462.65777587890625,581.3422241210938
2025-11-10,Dhalai,144.0,17.572769165039062,126.42723083496094
2025-11-10,Dhamtari,233.0,58.5128173828125,174.4871826171875
2025-11-10,Dhanbad,1194.0,457.49542236328125,736.5045776367188
2025-11-10,Dhar,963.0,490.7578430175781,472.2421569824219
2025-11-10,Dharmapuri,558.0,329.6972961425781,228.30270385742188
2025-11-10,Dharwad,478.0,318.58905029296875,159.41094970703125
2025-11-10,Dhemaji,382.0,329.54083251953125,52.45916748046875
2025-11-10,Dhenkanal,166.0,99.65986633300781,66.34013366699219
2025-11-10,Dhubri,694.0,447.10748291015625,246.89251708984375
2025-11-10,Dhule,636.0,434.24005126953125,201.75994873046875
2025-11-10,Dibang Valley,0.0,14.275657653808594,14.275657653808594
2025-11-10,Dibrugarh,327.0,194.80145263671875,132.19854736328125
2025-11-10,Dima Hasao,63.0,44.547210693359375,18.452789306640625
2025-11-10,Dimapur,68.0,12.321769714355469,55.67823028564453
2025-11-10,Dindigul,576.0,253.1625518798828,322.83746337890625
2025-11-10,Dindori,171.0,120.71803283691406,50.28196716308594
2025-11-10,Diu,7.0,19.50096893310547,12.500968933105469
2025-11-10,Doda,389.0,296.21392822265625,92.78607177734375
2025-11-10,Dumka,610.0,405.43475341796875,204.56524658203125
2025-11-10,Dungarpur,585.0,290.3837585449219,294.6162414550781
2025-11-10,Durg,372.0,33.58253479003906,338.41748046875
2025-11-10,East,0.0,-5.3541259765625,5.3541259765625
2025-11-10,East Garo Hills,124.0,144.39447021484375,20.39447021484375
2025-11-10,East Godavari,829.0,283.23870849609375,545.7612915039062
2025-11-10,East Kameng,11.0,48.47486877441406,37.47486877441406
2025-11-10,East Khasi Hills,757.0,252.13262939453125,504.86737060546875
2025-11-10,East Siang,37.0,24.92443084716797,12.075569152832031
2025-11-10,Ernakulam,706.0,288.61773681640625,417.38226318359375
2025-11-10,Erode,493.0,323.7151794433594,169.28482055664062
2025-11-10,Etah,556.0,307.93719482421875,248.06280517578125
2025-11-10,Etawah,541.0,345.42108154296875,195.57891845703125
2025-11-10,Faridabad,939.0,433.13592529296875,505.86407470703125
2025-11-10,Faridkot,50.0,6.55010986328125,43.44989013671875
2025-11-10,Farrukhabad,566.0,284.6250915527344,281.3749084472656
2025-11-10,Fatehabad,362.0,177.5106201171875,184.4893798828125
2025-11-10,Fatehgarh Sahib,88.0,41.282691955566406,46.717308044433594
2025-11-10,Fatehpur,1166.0,584.85791015625,581.14208984375
2025-11-10,Firozabad,578.0,409.5132141113281,168.48678588867188
2025-11-10,Gadag,439.0,207.5703125,231.4296875
2025-11-10,Gajapati,140.0,72.87428283691406,67.12571716308594
2025-11-10,Ganderbal,98.0,52.21210479736328,45.78789520263672
2025-11-10,Gandhinagar,454.0,151.92221069335938,302.0777893066406
2025-11-10,Ganganagar,459.0,140.95924377441406,318.040771484375
2025-11-10,Ganjam,659.0,305.5483703613281,353.4516296386719
2025-11-10,Garhchiroli,0.0,1.5673370361328125,1.5673370361328125
2025-11-10,Garhwa,769.0,347.24041748046875,421.75958251953125
2025-11-10,Gautam Buddha Nagar,842.0,539.4560546875,302.5439453125
2025-11-10,Gaya,1018.0,777.2260131835938,240.77398681640625
2025-11-10,Ghaziabad,1689.0,566.80615234375,1122.19384765625
2025-11-10,Ghazipur,1095.0,496.9405822753906,598.0594482421875
2025-11-10,Giridih,1643.0,559.401611328125,1083.598388671875
2025-11-10,Goalpara,396.0,325.1691589355469,70.83084106445312
2025-11-10,Godda,731.0,459.8463439941406,271.1536560058594
2025-11-10,Golaghat,372.0,152.54368591308594,219.45631408691406
2025-11-10,Gonda,1049.0,557.0550537109375,491.9449462890625
2025-11-10,Gondiya,0.0,4.5620574951171875,4.5620574951171875
2025-11-10,Gopalganj,998.0,523.4305419921875,474.5694580078125
2025-11-10,Gorakhpur,1383.0,634.322998046875,748.677001953125
2025-11-10,Gumla,495.0,390.7721862792969,104.22781372070312
2025-11-10,Guna,678.0,403.8593444824219,274.1406555175781
2025-11-10,Guntur,1114.0,273.5848388671875,840.4151611328125
2025-11-10,Gurdaspur,288.0,250.46334838867188,37.536651611328125
2025-11-10,Gwalior,1291.0,402.8412170410156,888.1588134765625
2025-11-10,Hailakandi,277.0,264.20751953125,12.79248046875
2025-11-10,Hamirpur,467.0,276.53955078125,190.46044921875
2025-11-10,Hanumangarh,295.0,95.92572021484375,199.07427978515625
2025-11-10,Harda,254.0,118.11813354492188,135.88186645507812
2025-11-10,Hardoi,1392.0,599.0862426757812,792.9137573242188
2025-11-10,Hardwar,0.0,0.15081787109375,0.15081787109375
2025-11-10,Hassan,367.0,147.4464111328125,219.5535888671875
2025-11-10,Haveri,379.0,276.11285400390625,102.88714599609375
2025-11-10,Hazaribagh,783.0,419.5484924316406,363.4515075683594
2025-11-10,Hingoli,276.0,267.4911193847656,8.508880615234375
2025-11-10,Hisar,638.0,346.5931396484375,291.4068603515625
2025-11-10,Hoshiarpur,228.0,128.8406219482422,99.15937805175781
2025-11-10,Hyderabad,2311.0,467.3758850097656,1843.6241455078125
2025-11-10,Idukki,205.0,63.891075134277344,141.10891723632812
2025-11-10,Imphal East,109.0,31.6490478515625,77.3509521484375
2025-11-10,Imphal West,130.0,39.351226806640625,90.64877319335938
2025-11-10,Indore,1708.0,512.2205810546875,1195.7794189453125
2025-11-10,Jabalpur,1146.0,501.1604309082031,644.839599609375
2025-11-10,Jagatsinghapur,183.0,276.057373046875,93.057373046875
2025-11-10,Jaintia Hills,0.0,-7.53131103515625,7.53131103515625
2025-11-10,Jaipur,2489.0,659.2520141601562,1829.748046875
2025-11-10,Jaisalmer,225.0,154.26559448242188,70.73440551757812
2025-11-10,Jajapur,0.0,10.805404663085938,10.805404663085938
2025-11-10,Jalandhar,363.0,248.12400817871094,114.87599182128906
2025-11-10,Jalaun,534.0,300.0426025390625,233.9573974609375
2025-11-10,Jalgaon,924.0,359.4493103027344,564.5506591796875
2025-11-10,Jalna,446.0,356.2295227050781,89.77047729492188
2025-11-10,Jalor,0.0,-5.7609100341796875,5.7609100341796875
2025-11-10,Jalpaiguri,768.0,402.85723876953125,365.14276123046875
2025-11-10,Jammu,376.0,263.94964599609375,112.05035400390625
2025-11-10,Jamnagar,532.0,216.76255798339844,315.2374267578125
2025-11-10,Jamtara,444.0,365.01580810546875,78.98419189453125
2025-11-10,Jamui,595.0,537.3409423828125,57.6590576171875
2025-11-10,Janjgir-Champa,481.0,303.1367492675781,177.86325073242188
2025-11-10,Jashpur,314.0,58.553375244140625,255.44662475585938
2025-11-10,Jaunpur,1179.0,624.4608764648438,554.5391235351562
2025-11-10,Jehanabad,243.0,313.8585205078125,70.8585205078125
2025-11-10,Jhabua,696.0,369.84832763671875,326.15167236328125
2025-11-10,Jhajjar,298.0,148.71934509277344,149.28065490722656
2025-11-10,Jhalawar,567.0,266.75048828125,300.24951171875
2025-11-10,Jhansi,801.0,387.9342346191406,413.0657653808594
2025-11-10,Jharsuguda,94.0,64.45365142822266,29.546348571777344
2025-11-10,Jhunjhunun,0.0,7.8384857177734375,7.8384857177734375
2025-11-10,Jind,454.0,313.29473876953125,140.70526123046875
2025-11-10,Jodhpur,1670.0,524.7908935546875,1145.2091064453125
2025-11-10,Jorhat,303.0,166.78233337402344,136.21766662597656
2025-11-10,Junagadh,661.0,138.81997680664062,522.1800537109375
2025-11-10,Kachchh,974.0,346.76751708984375,627.2324829101562
2025-11-10,Kaimur (Bhabua),0.0,-3.128082275390625,3.128082275390625
2025-11-10,Kaithal,412.0,68.02861785888672,343.97137451171875
2025-11-10,Kalahandi,299.0,298.1430358886719,0.856964111328125
2025-11-10,Kamrup,580.0,319.7689208984375,260.2310791015625
2025-11-10,Kancheepuram,0.0,7.075553894042969,7.075553894042969
2025-11-10,Kandhamal,194.0,201.23348999023438,7.233489990234375
2025-11-10,Kangra,487.0,234.5371551513672,252.4628448486328
2025-11-10,Kannauj,566.0,364.3583984375,201.6416015625
2025-11-10,Kanniyakumari,0.0,5.6665191650390625,5.6665191650390625
2025-11-10,Kannur,687.0,292.444580078125,394.555419921875
2025-11-10,Kanpur Dehat,446.0,332.96728515625,113.03271484375
2025-11-10,Kanpur Nagar,1831.0,655.6685791015625,1175.3314208984375
2025-11-10,Kapurthala,211.0,146.41073608398438,64.58926391601562
2025-11-10,Karaikal,64.0,12.511283874511719,51.48871612548828
2025-11-10,Karauli,676.0,356.76092529296875,319.23907470703125
2025-11-10,Karbi Anglong,409.0,296.88836669921875,112.11163330078125
2025-11-10,Kargil,103.0,25.140701293945312,77.85929870605469
2025-11-10,Karimganj,952.0,369.51519775390625,582.4848022460938
2025-11-10,Karimnagar,522.0,269.4775695800781,252.52243041992188
2025-11-10,Karnal,422.0,249.5237579345703,172.4762420654297
2025-11-10,Karur,348.0,301.73297119140625,46.26702880859375
2025-11-10,Kasaragod,433.0,205.41436767578125,227.58563232421875
2025-11-10,Kathua,480.0,91.01524353027344,388.9847412109375
2025-11-10,Katihar,1072.0,592.7362060546875,479.2637939453125
2025-11-10,Katni,872.0,475.88153076171875,396.11846923828125
2025-11-10,Kaushambi,632.0,433.24884033203125,198.75115966796875
2025-11-10,Kendrapara,233.0,255.46075439453125,22.46075439453125
2025-11-10,Kendujhar,265.0,279.412109375,14.412109375
2025-11-10,Khagaria,688.0,493.69696044921875,194.30303955078125
2025-11-10,Khammam,472.0,306.4765930175781,165.52340698242188
2025-11-10,Kheda,928.0,256.19598388671875,671.8040161132812
2025-11-10,Kheri,0.0,-2.0223388671875,2.0223388671875
2025-11-10,Khordha,459.0,319.0166015625,139.9833984375
2025-11-10,Khunti,232.0,119.0936050415039,112.9063949584961
2025-11-10,Kinnaur,20.0,-7.167938232421875,27.167938232421875
2025-11-10,Kiphire,71.0,79.48834228515625,8.48834228515625
2025-11-10,Kishanganj,445.0,529.21533203125,84.21533203125
2025-11-10,Kishtwar,150.0,145.88880920410156,4.1111907958984375
2025-11-10,Kodagu,105.0,33.65931701660156,71.34068298339844
2025-11-10,Kodarma,474.0,289.13397216796875,184.86602783203125
2025-11-10,Kohima,36.0,15.254669189453125,20.745330810546875
2025-11-10,Kokrajhar,260.0,133.98118591308594,126.01881408691406
2025-11-10,Kolar,556.0,267.66845703125,288.33154296875
2025-11-10,Kolasib,17.0,16.19249725341797,0.8075027465820312
2025-11-10,Kolhapur,679.0,356.0380554199219,322.9619445800781
2025-11-10,Kolkata,846.0,394.3595886230469,451.6404113769531
2025-11-10,Kollam,574.0,259.7100830078125,314.2899169921875
2025-11-10,Koppal,638.0,311.01495361328125,326.98504638671875
2025-11-10,Koraput,236.0,271.02264404296875,35.02264404296875
2025-11-10,Korba,261.0,333.36151123046875,72.36151123046875
2025-11-10,Koriya,175.0,131.26902770996094,43.73097229003906
2025-11-10,Kota,751.0,382.6467590332031,368.3532409667969
2025-11-10,Kottayam,310.0,216.41830444335938,93.58169555664062
2025-11-10,Kozhikode,728.0,275.62603759765625,452.37396240234375
2025-11-10,Krishna,678.0,267.7358703613281,410.2641296386719
2025-11-10,Krishnagiri,445.0,331.4764404296875,113.5235595703125
2025-11-10,Kulgam,158.0,42.75799560546875,115.24200439453125
2025-11-10,Kullu,183.0,25.318077087402344,157.68191528320312
2025-11-10,Kupwara,295.0,282.3431396484375,12.6568603515625
2025-11-10,Kurnool,1093.0,254.27691650390625,838.7230834960938
2025-11-10,Kurukshetra,302.0,111.42718505859375,190.57281494140625
2025-11-10,Kurung Kumey,2.0,19.594696044921875,17.594696044921875
2025-11-10,Kushinagar,1053.0,540.4945068359375,512.5054931640625
2025-11-10,Lakhimpur,278.0,204.61964416503906,73.38035583496094
2025-11-10,Lakhisarai,565.0,305.310791015625,259.689208984375
2025-11-10,Lakshadweep,0.0,5.4092559814453125,5.4092559814453125
2025-11-10,Lalitpur,503.0,315.7532958984375,187.2467041015625
2025-11-10,Latehar,338.0,77.42697143554688,260.5730285644531
2025-11-10,Latur,553.0,370.23199462890625,182.76800537109375
2025-11-10,Lawangtlai,0.0,-2.4522857666015625,2.4522857666015625
2025-11-10,Leh (Ladakh),0.0,4.26214599609375,4.26214599609375
2025-11-10,Lohardaga,188.0,105.57670593261719,82.42329406738281
2025-11-10,Lohit,10.0,27.601608276367188,17.601608276367188
2025-11-10,Longleng,6.0,13.589767456054688,7.5897674560546875
2025-11-10,Lower Dibang Valley,11.0,24.23529052734375,13.23529052734375
2025-11-10,Lower Subansiri,9.0,33.27759552001953,24.27759552001953
2025-11-10,Lucknow,1779.0,728.8514404296875,1050.1485595703125
2025-11-10,Ludhiana,816.0,332.9135437011719,483.0864562988281
2025-11-10,Lunglei,79.0,65.90634155273438,13.093658447265625
2025-11-10,Madhepura,720.0,525.2950439453125,194.7049560546875
2025-11-10,Madhubani,1530.0,705.3167724609375,824.6832275390625
2025-11-10,Madurai,821.0,340.4549255371094,480.5450744628906
2025-11-10,Maharajganj,883.0,507.2383728027344,375.7616271972656
2025-11-10,Mahasamund,370.0,371.3207092285156,1.320709228515625
2025-11-10,Mahbubnagar,0.0,7.497657775878906,7.497657775878906
2025-11-10,Mahendragarh,336.0,215.12579345703125,120.87420654296875
2025-11-10,Mahesana,663.0,120.49994659423828,542.5000610351562
2025-11-10,Mahoba,271.0,194.5479736328125,76.4520263671875
2025-11-10,Mainpuri,849.0,462.95086669921875,386.04913330078125
2025-11-10,Malappuram,1537.0,363.0379638671875,1173.9620361328125
2025-11-10,Maldah,0.0,2.3754730224609375,2.3754730224609375
2025-11-10,Malkangiri,158.0,108.37788391113281,49.62211608886719
2025-11-10,Mamit,16.0,22.68865966796875,6.68865966796875
2025-11-10,Mandi,301.0,127.9045639038086,173.09542846679688
2025-11-10,Mandla,537.0,364.2864990234375,172.7135009765625
2025-11-10,Mandsaur,1196.0,416.1857604980469,779.814208984375
2025-11-10,Mandya,434.0,258.62774658203125,175.37225341796875
2025-11-10,Mansa,52.0,20.994491577148438,31.005508422851562
2025-11-10,Marigaon,399.0,334.4639892578125,64.5360107421875
2025-11-10,Mathura,1099.0,478.4720764160156,620.5279541015625
2025-11-10,Mau,691.0,398.75506591796875,292.24493408203125
2025-11-10,Mayurbhanj,490.0,371.7953796386719,118.20462036132812
2025-11-10,Medak,764.0,297.06011962890625,466.93988037109375
2025-11-10,Meerut,1545.0,620.287353515625,924.712646484375
2025-11-10,Mirzapur,729.0,455.37554931640625,273.62445068359375
2025-11-10,Moga,102.0,22.943344116210938,79.05665588378906
2025-11-10,Mokokchung,9.0,6.24420166015625,2.75579833984375
2025-11-10,Mon,73.0,129.712890625,56.712890625
2025-11-10,Moradabad,1292.0,490.5126647949219,801.4873046875
2025-11-10,Morena,1361.0,374.66241455078125,986.3375854492188
2025-11-10,Muktsar,0.0,2.8973236083984375,2.8973236083984375
2025-11-10,Mumbai,3243.0,521.1697998046875,2721.830078125
2025-11-10,Munger,566.0,353.74041748046875,212.25958251953125
2025-11-10,Murshidabad,2742.0,601.485595703125,2140.514404296875
2025-11-10,Muzaffarnagar,1000.0,523.5614624023438,476.43853759765625
2025-11-10,Muzaffarpur,1909.0,619.3402099609375,1289.6597900390625
2025-11-10,Nabarangapur,0.0,-4.123321533203125,4.123321533203125
2025-11-10,Nadia,1278.0,414.0795593261719,863.92041015625
2025-11-10,Nagaon,685.0,329.34222412109375,355.65777587890625
2025-11-10,Nagappattinam,0.0,6.2452850341796875,6.2452850341796875
2025-11-10,Nagaur,1330.0,534.1510009765625,795.8489990234375
2025-11-10,Nagpur,1023.0,400.5384521484375,622.4615478515625
2025-11-10,Nainital,358.0,254.73133850097656,103.26866149902344
2025-11-10,Nalanda,954.0,550.1744384765625,403.8255615234375
2025-11-10,Nalbari,257.0,226.7209930419922,30.279006958007812
2025-11-10,Nalgonda,744.0,292.1671447753906,451.8328552246094
2025-11-10,Namakkal,413.0,298.420166015625,114.579833984375
2025-11-10,Nanded,563.0,398.4924621582031,164.50753784179688
2025-11-10,Nandurbar,590.0,385.4445495605469,204.55545043945312
2025-11-10,Narayanpur,64.0,205.68438720703125,141.68438720703125
2025-11-10,Narmada,124.0,32.39283752441406,91.60716247558594
2025-11-10,Nashik,1728.0,545.2468872070312,1182.753173828125
2025-11-10,Navsari,300.0,78.09912109375,221.90087890625
2025-11-10,Nawada,647.0,577.567626953125,69.432373046875
2025-11-10,Nayagarh,175.0,136.80113220214844,38.19886779785156
2025-11-10,Neemuch,626.0,291.95068359375,334.04931640625
2025-11-10,New Delhi,21.0,9.305801391601562,11.694198608398438
2025-11-10,Nicobar,0.0,-1.23699951171875,1.23699951171875
2025-11-10,Nizamabad,700.0,249.48672485351562,450.5132751464844
2025-11-10,North,0.0,-7.4798736572265625,7.4798736572265625
2025-11-10,North & Middle Andaman,0.0,-0.9614105224609375,0.9614105224609375
2025-11-10,North 24 Parganas,2257.0,532.2666625976562,1724.7333984375
2025-11-10,North Goa,131.0,28.06354522705078,102.93645477294922
2025-11-10,North Tripura,168.0,22.913345336914062,145.08665466308594
2025-11-10,Nuapada,90.0,128.42323303222656,38.42323303222656
2025-11-10,Pakur,246.0,48.806678771972656,197.19332885742188
2025-11-10,Palakkad,732.0,281.68145751953125,450.31854248046875
2025-11-10,Palamu,1090.0,449.84716796875,640.15283203125
2025-11-10,Pali,878.0,382.71112060546875,495.28887939453125
2025-11-10,Palwal,575.0,325.9317321777344,249.06826782226562
2025-11-10,Panch Mahals,0.0,2.2584991455078125,2.2584991455078125
2025-11-10,Panchkula,199.0,54.586639404296875,144.41336059570312
2025-11-10,Panipat,418.0,176.16522216796875,241.83477783203125
2025-11-10,Panna,692.0,396.0706481933594,295.9293518066406
2025-11-10,Papum Pare,45.0,37.65784454345703,7.342155456542969
2025-11-10,Parbhani,576.0,398.7607421875,177.2392578125
2025-11-10,Pashchim Champaran,5359.0,949.1451416015625,4409.85498046875
2025-11-10,Pashchim Medinipur,0.0,5.829864501953125,5.829864501953125
2025-11-10,Pashchimi Singhbhum,1681.0,582.1073608398438,1098.892578125
2025-11-10,Patan,481.0,126.91764068603516,354.0823669433594
2025-11-10,Pathanamthitta,162.0,62.475364685058594,99.5246353149414
2025-11-10,Patiala,273.0,112.1555404663086,160.84445190429688
2025-11-10,Patna,1632.0,618.5633544921875,1013.4366455078125
2025-11-10,Perambalur,187.0,119.59005737304688,67.40994262695312
2025-11-10,Peren,9.0,89.5265884399414,80.5265884399414
2025-11-10,Phek,51.0,37.66252899169922,13.337471008300781
2025-11-10,Pilibhit,674.0,347.52593994140625,326.47406005859375
2025-11-10,Pithoragarh,115.0,32.70013427734375,82.29986572265625
2025-11-10,Porbandar,151.0,34.055908203125,116.944091796875
2025-11-10,Prakasam,674.0,296.37335205078125,377.62664794921875
2025-11-10,Pratapgarh,1257.0,567.538330078125,689.461669921875
2025-11-10,Puducherry,299.0,67.46537017822266,231.53463745117188
2025-11-10,Pudukkottai,628.0,341.71112060546875,286.28887939453125
2025-11-10,Pulwama,181.0,112.30517578125,68.69482421875
2025-11-10,Punch,301.0,199.56654357910156,101.43345642089844
2025-11-10,Pune,2430.0,574.7286987304688,1855.271240234375
2025-11-10,Purba Champaran,13.0,10.530082702636719,2.4699172973632812
2025-11-10,Purba Medinipur,1443.0,410.5578308105469,1032.442138671875
2025-11-10,Purbi Singhbhum,86.0,28.69659423828125,57.30340576171875
2025-11-10,Puri,279.0,245.49591064453125,33.50408935546875
2025-11-10,Puruliya,0.0,3.6860504150390625,3.6860504150390625
2025-11-10,Rae Bareli,858.0,481.8353576660156,376.1646423339844
2025-11-10,Raichur,800.0,420.7571105957031,379.2428894042969
2025-11-10,Raigarh,335.0,171.23951721191406,163.76048278808594
2025-11-10,Raipur,827.0,380.02862548828125,446.97137451171875
2025-11-10,Raisen,532.0,423.7751159667969,108.22488403320312
2025-11-10,Rajgarh,794.0,344.79278564453125,449.20721435546875
2025-11-10,Rajkot,1257.0,399.2773742675781,857.72265625
2025-11-10,Rajnandgaon,570.0,221.6268310546875,348.3731689453125
2025-11-10,Rajouri,400.0,88.51473236083984,311.4852600097656
2025-11-10,Rajsamand,439.0,267.0281982421875,171.9718017578125
2025-11-10,Ramanagara,0.0,62.34681701660156,62.34681701660156
2025-11-10,Ramanathapuram,304.0,248.15126037597656,55.84873962402344
2025-11-10,Ramban,240.0,175.51614379882812,64.48385620117188
2025-11-10,Ramgarh,378.0,163.22372436523438,214.77627563476562
2025-11-10,Ranchi,1955.0,496.1658935546875,1458.8341064453125
2025-11-10,Rangareddy,0.0,11.214683532714844,11.214683532714844
2025-11-10,Ratlam,1320.0,394.0413513183594,925.9586181640625
2025-11-10,Ratnagiri,249.0,131.83404541015625,117.16595458984375
2025-11-10,Rayagada,207.0,198.8177490234375,8.1822509765625
2025-11-10,Reasi,218.0,120.10054779052734,97.89945220947266
2025-11-10,Rewa,977.0,433.7447204589844,543.2552490234375
2025-11-10,Rewari,336.0,169.38589477539062,166.61410522460938
2025-11-10,Ri Bhoi,254.0,198.72840881347656,55.27159118652344
2025-11-10,Rohtak,326.0,141.9829864501953,184.0170135498047
2025-11-10,Rohtas,562.0,428.7359619140625,133.2640380859375
2025-11-10,Rudraprayag,107.0,40.750335693359375,66.24966430664062
2025-11-10,Rupnagar,100.0,17.59955596923828,82.40044403076172
2025-11-10,Sabar Kantha,0.0,2.9351348876953125,2.9351348876953125
2025-11-10,Sagar,0.0,9.522674560546875,9.522674560546875
2025-11-10,Saharanpur,1367.0,526.6151123046875,840.3848876953125
2025-11-10,Saharsa,944.0,587.337158203125,356.662841796875
2025-11-10,Sahibganj,1127.0,452.145751953125,674.854248046875
2025-11-10,Sahibzada Ajit Singh Nagar,231.0,116.35586547851562,114.64413452148438
2025-11-10,Saiha,36.0,29.896347045898438,6.1036529541015625
2025-11-10,Salem,796.0,302.46429443359375,493.53570556640625
2025-11-10,Samastipur,1961.0,676.5894165039062,1284.41064453125
2025-11-10,Samba,65.0,23.578399658203125,41.421600341796875
2025-11-10,Sambalpur,231.0,113.4997787475586,117.5002212524414
2025-11-10,Sangli,435.0,328.0566711425781,106.94332885742188
2025-11-10,Sangrur,157.0,29.173744201660156,127.82625579833984
2025-11-10,Sant Kabir Nagar,663.0,457.31390380859375,205.68609619140625
2025-11-10,Sant Ravi Das Nagar(Bhadohi),0.0,7.726249694824219,7.726249694824219
2025-11-10,Saraikela-Kharsawan,0.0,4.53521728515625,4.53521728515625
2025-11-10,Satara,456.0,275.50714111328125,180.49285888671875
2025-11-10,Satna,1171.0,499.1249694824219,671.875
2025-11-10,Sawai Madhopur,564.0,313.318115234375,250.681884765625
2025-11-10,Sehore,484.0,128.37646484375,355.62353515625
2025-11-10,Senapati,122.0,103.54471588134766,18.455284118652344
2025-11-10,Seoni,511.0,412.4792175292969,98.52078247070312
2025-11-10,Serchhip,5.0,42.99127197265625,37.99127197265625
2025-11-10,Shahdol,414.0,403.29571533203125,10.70428466796875
2025-11-10,Shahid Bhagat Singh Nagar,80.0,17.347702026367188,62.65229797363281
2025-11-10,Shahjahanpur,1014.0,514.4443359375,499.5556640625
2025-11-10,Shajapur,935.0,304.6722412109375,630.3277587890625
2025-11-10,Sheikhpura,281.0,393.1172790527344,112.11727905273438
2025-11-10,Sheohar,253.0,336.5159912109375,83.5159912109375
2025-11-10,Sheopur,415.0,190.0714874267578,224.9285125732422
2025-11-10,Shimla,191.0,63.82560729980469,127.17439270019531
2025-11-10,Shivpuri,750.0,510.45477294921875,239.54522705078125
2025-11-10,Siddharth Nagar,1173.0,535.501953125,637.498046875
2025-11-10,Sidhi,524.0,344.45428466796875,179.54571533203125
2025-11-10,Sikar,899.0,367.33184814453125,531.6681518554688
2025-11-10,Simdega,230.0,189.2823944091797,40.71760559082031
2025-11-10,Sindhudurg,141.0,26.666908264160156,114.33309173583984
2025-11-10,Singrauli,505.0,374.3901062011719,130.60989379882812
2025-11-10,Sirmaur,175.0,86.5548095703125,88.4451904296875
2025-11-10,Sirohi,673.0,236.97357177734375,436.02642822265625
2025-11-10,Sirsa,455.0,223.0507049560547,231.9492950439453
2025-11-10,Sitamarhi,1220.0,682.7003173828125,537.2996826171875
2025-11-10,Sitapur,1371.0,627.8579711914062,743.1420288085938
2025-11-10,Sivaganga,426.0,289.5855712890625,136.4144287109375
2025-11-10,Sivasagar,174.0,122.82918548583984,51.170814514160156
2025-11-10,Siwan,1565.0,645.7489013671875,919.2510986328125
2025-11-10,Solan,127.0,43.086395263671875,83.91360473632812
2025-11-10,Solapur,969.0,436.5408020019531,532.459228515625
2025-11-10,Sonbhadra,447.0,233.5496826171875,213.4503173828125
2025-11-10,Sonipat,513.0,254.78323364257812,258.2167663574219
2025-11-10,Sonitpur,640.0,314.5737609863281,325.4262390136719
2025-11-10,South,0.0,-2.28912353515625,2.28912353515625
2025-11-10,South 24 Parganas,3597.0,607.2138671875,2989.7861328125
2025-11-10,South Andaman,0.0,0.06060791015625,0.06060791015625
2025-11-10,South Garo Hills,112.0,117.66370391845703,5.663703918457031
2025-11-10,South Goa,129.0,32.520484924316406,96.4795150756836
2025-11-10,South Tripura,232.0,41.83643341064453,190.16357421875
2025-11-10,Sri Potti Sriramulu Nellore,693.0,290.2623291015625,402.7376708984375
2025-11-10,Srikakulam,383.0,262.5250244140625,120.4749755859375
2025-11-10,Srinagar,280.0,227.4883575439453,52.51164245605469
2025-11-10,Subarnapur,137.0,90.67244720458984,46.327552795410156
2025-11-10,Sultanpur,861.0,481.6220397949219,379.3779602050781
2025-11-10,Sundargarh,354.0,214.22109985351562,139.77890014648438
2025-11-10,Supaul,723.0,599.656982421875,123.343017578125
2025-11-10,Surat,2294.0,542.329345703125,1751.670654296875
2025-11-10,Surendranagar,625.0,270.5443115234375,354.4556884765625
2025-11-10,Surguja,336.0,201.54840087890625,134.45159912109375
2025-11-10,Tamenglong,113.0,115.26697540283203,2.2669754028320312
2025-11-10,Tapi,244.0,25.557838439941406,218.44216918945312
2025-11-10,Tarn Taran,138.0,96.2830810546875,41.7169189453125
2025-11-10,Tawang,12.0,32.395347595214844,20.395347595214844
2025-11-10,Tehri Garhwal,329.0,158.6271209716797,170.3728790283203
2025-11-10,Thane,2614.0,604.0545043945312,2009.945556640625
2025-11-10,Thanjavur,625.0,314.68157958984375,310.31842041015625
2025-11-10,The Dangs,0.0,-2.0497894287109375,2.0497894287109375
2025-11-10,The Nilgiris,157.0,88.43046569824219,68.56953430175781
2025-11-10,Theni,291.0,295.4346008300781,4.434600830078125
2025-11-10,Thiruvallur,0.0,7.401405334472656,7.401405334472656
2025-11-10,Thiruvananthapuram,655.0,283.07745361328125,371.92254638671875
2025-11-10,Thiruvarur,0.0,8.355758666992188,8.355758666992188
2025-11-10,Thoothukkudi,0.0,6.7633056640625,6.7633056640625
2025-11-10,Thoubal,115.0,21.180068969726562,93.81993103027344
2025-11-10,Thrissur,797.0,310.58526611328125,486.41473388671875
2025-11-10,Tikamgarh,828.0,419.29449462890625,408.70550537109375
2025-11-10,Tinsukia,523.0,224.00521850585938,298.9947814941406
2025-11-10,Tirap,15.0,23.0797119140625,8.0797119140625
2025-11-10,Tiruchirappalli,828.0,312.12188720703125,515.8781127929688
2025-11-10,Tirunelveli,773.0,286.24462890625,486.75537109375
2025-11-10,Tiruppur,527.0,303.94708251953125,223.05291748046875
2025-11-10,Tiruvannamalai,713.0,305.452392578125,407.547607421875
2025-11-10,Tonk,492.0,237.46295166015625,254.53704833984375
2025-11-10,Tuensang,40.0,136.7510986328125,96.7510986328125
2025-11-10,Tumkur,0.0,8.904045104980469,8.904045104980469
2025-11-10,Udaipur,1452.0,565.5445556640625,886.4554443359375
2025-11-10,Udalguri,328.0,199.3984375,128.6015625
2025-11-10,Udham Singh Nagar,611.0,398.123291015625,212.876708984375
2025-11-10,Udhampur,362.0,62.19374084472656,299.8062744140625
2025-11-10,Udupi,198.0,281.62347412109375,83.62347412109375
2025-11-10,Ujjain,1799.0,514.70849609375,1284.29150390625
2025-11-10,Ukhrul,87.0,87.87103271484375,0.87103271484375
2025-11-10,Umaria,443.0,443.757080078125,0.757080078125
2025-11-10,Una,140.0,37.718711853027344,102.28128814697266
2025-11-10,Unnao,1253.0,533.7740478515625,719.2259521484375
2025-11-10,Upper Siang,3.0,20.720672607421875,17.720672607421875
2025-11-10,Upper Subansiri,17.0,35.336265563964844,18.336265563964844
2025-11-10,Uttar Bastar Kanker,0.0,7.225318908691406,7.225318908691406
2025-11-10,Uttara Kannada,309.0,218.94757080078125,90.05242919921875
2025-11-10,Uttarkashi,165.0,36.820159912109375,128.17984008789062
2025-11-10,Vadodara,1353.0,362.1890869140625,990.8109130859375
2025-11-10,Vaishali,1641.0,744.5866088867188,896.4133911132812
2025-11-10,Valsad,725.0,273.9013977050781,451.0986022949219
2025-11-10,Varanasi,1370.0,617.548828125,752.451171875
2025-11-10,Vellore,900.0,314.4517822265625,585.5482177734375
2025-11-10,Vidisha,671.0,386.07830810546875,284.92169189453125
2025-11-10,Viluppuram,1962.0,308.44818115234375,1653.5517578125
2025-11-10,Virudunagar,0.0,7.717323303222656,7.717323303222656
2025-11-10,Visakhapatnam,782.0,278.61505126953125,503.38494873046875
2025-11-10,Vizianagaram,370.0,257.13226318359375,112.86773681640625
2025-11-10,Warangal,362.0,311.75604248046875,50.24395751953125
2025-11-10,Wardha,113.0,32.78612518310547,80.21387481689453
2025-11-10,Washim,188.0,171.86892700195312,16.131072998046875
2025-11-10,Wayanad,239.0,35.71586608886719,203.2841339111328
2025-11-10,West,0.0,-6.5554046630859375,6.5554046630859375
2025-11-10,West Garo Hills,327.0,231.27084350585938,95.72915649414062
2025-11-10,West Godavari,585.0,286.16046142578125,298.83953857421875
2025-11-10,West Kameng,9.0,23.23346710205078,14.233467102050781
2025-11-10,West Khasi Hills,290.0,219.94924926757812,70.05075073242188
2025-11-10,West Tripura,317.0,143.23046875,173.76953125
2025-11-10,Wokha,8.0,35.845245361328125,27.845245361328125
2025-11-10,Yadgir,546.0,341.656982421875,204.343017578125
2025-11-10,Yamunanagar,515.0,169.16519165039062,345.8348083496094
2025-11-10,Yanam,2.0,21.551788330078125,19.551788330078125
2025-11-10,Yavatmal,366.0,372.30419921875,6.30419921875
2025-11-10,Zunheboto,35.0,32.55583190917969,2.4441680908203125
2025-11-17,Adilabad,159.0,204.14324951171875,45.14324951171875
2025-11-17,Agra,0.0,-14.4376220703125,14.4376220703125
2025-11-17,Ahmadabad,0.0,-12.24847412109375,12.24847412109375
2025-11-17,Ahmadnagar,0.0,-10.715560913085938,10.715560913085938
2025-11-17,Aizawl,50.0,44.553009033203125,5.446990966796875
2025-11-17,Ajmer,624.0,345.17340087890625,278.82659912109375
2025-11-17,Akola,176.0,127.35020446777344,48.64979553222656
2025-11-17,Alappuzha,207.0,204.54579162597656,2.4542083740234375
2025-11-17,Aligarh,566.0,470.6168212890625,95.3831787109375
2025-11-17,Alirajpur,169.0,159.5079803466797,9.492019653320312
2025-11-17,Almora,63.0,6.1978607177734375,56.80213928222656
2025-11-17,Alwar,1035.0,615.8562622070312,419.14373779296875
2025-11-17,Ambala,211.0,84.64910888671875,126.35089111328125
2025-11-17,Ambedkar Nagar,387.0,303.2363586425781,83.76364135742188
2025-11-17,Amravati,262.0,211.74929809570312,50.250701904296875
2025-11-17,Amreli,218.0,100.09223937988281,117.90776062011719
2025-11-17,Amritsar,366.0,177.32899475097656,188.67100524902344
2025-11-17,Anand,414.0,213.17608642578125,200.82391357421875
2025-11-17,Anantnag,225.0,182.3421173095703,42.65788269042969
2025-11-17,Anjaw,4.0,1.4817047119140625,2.5182952880859375
2025-11-17,Anugul,133.0,21.601280212402344,111.39871978759766
2025-11-17,Anuppur,170.0,124.3134765625,45.6865234375
2025-11-17,Araria,448.0,661.5045776367188,213.50457763671875
2025-11-17,Ariyalur,144.0,211.52810668945312,67.52810668945312
2025-11-17,Arwal,130.0,114.30225372314453,15.697746276855469
2025-11-17,Ashoknagar,1190.0,458.67486572265625,731.3251342773438
2025-11-17,Auraiya,243.0,68.54450988769531,174.4554901123047
2025-11-17,Aurangabad,563.0,547.376220703125,15.623779296875
2025-11-17,Azamgarh,687.0,653.9674682617188,33.03253173828125
2025-11-17,Bagalkot,0.0,-9.968185424804688,9.968185424804688
2025-11-17,Bageshwar,51.0,1.674591064453125,49.325408935546875
2025-11-17,Baghpat,280.0,48.41743469238281,231.5825653076172
2025-11-17,Bahraich,647.0,673.3375244140625,26.3375244140625
2025-11-17,Baksa,90.0,53.09266662597656,36.90733337402344
2025-11-17,Balaghat,312.0,253.00900268554688,58.990997314453125
2025-11-17,Balangir,220.0,262.6688537597656,42.668853759765625
2025-11-17,Baleshwar,0.0,-10.9571533203125,10.9571533203125
2025-11-17,Ballia,498.0,441.8902282714844,56.109771728515625
2025-11-17,Balrampur,972.0,720.12890625,251.87109375
2025-11-17,Banas Kantha,0.0,-14.6463623046875,14.6463623046875
2025-11-17,Banda,283.0,263.56121826171875,19.43878173828125
2025-11-17,Banka,461.0,509.8077392578125,48.8077392578125
2025-11-17,Bankura,494.0,389.7432861328125,104.2567138671875
2025-11-17,Banswara,379.0,117.43344116210938,261.5665588378906
2025-11-17,Bara Banki,0.0,-13.301193237304688,13.301193237304688
2025-11-17,Baramula,0.0,-10.846145629882812,10.846145629882812
2025-11-17,Baran,273.0,117.1344223022461,155.86557006835938
2025-11-17,Barddhaman,0.0,-11.570892333984375,11.570892333984375
2025-11-17,Bareilly,1100.0,688.655517578125,411.344482421875
2025-11-17,Bargarh,153.0,218.66363525390625,65.66363525390625
2025-11-17,Barmer,969.0,494.5758972167969,474.4241027832031
2025-11-17,Barnala,64.0,12.308235168457031,51.69176483154297
2025-11-17,Barpeta,354.0,345.3811950683594,8.618804931640625
2025-11-17,Barwani,276.0,246.9332275390625,29.0667724609375
2025-11-17,Bastar,363.0,214.8589630126953,148.1410369873047
2025-11-17,Basti,652.0,617.3409423828125,34.6590576171875
2025-11-17,Bathinda,136.0,46.508644104003906,89.4913558959961
2025-11-17,Begusarai,689.0,599.144775390625,89.855224609375
2025-11-17,Betul,382.0,281.3688049316406,100.63119506835938
2025-11-17,Bhadrak,230.0,237.4761962890625,7.4761962890625
2025-11-17,Bhagalpur,917.0,569.609619140625,347.390380859375
2025-11-17,Bhandara,100.0,5.081878662109375,94.91812133789062
2025-11-17,Bharatpur,952.0,389.6043395996094,562.3956298828125
2025-11-17,Bharuch,243.0,110.6234359741211,132.37655639648438
2025-11-17,Bhavnagar,471.0,262.0945129394531,208.90548706054688
2025-11-17,Bhilwara,500.0,353.61712646484375,146.38287353515625
2025-11-17,Bhind,424.0,214.6616668701172,209.3383331298828
2025-11-17,Bhiwani,239.0,134.67776489257812,104.32223510742188
2025-11-17,Bhojpur,622.0,548.559326171875,73.440673828125
2025-11-17,Bhopal,473.0,333.1512451171875,139.8487548828125
2025-11-17,Bidar,300.0,232.17828369140625,67.82171630859375
2025-11-17,Bijapur,190.0,161.18124389648438,28.818756103515625
2025-11-17,Bijnor,896.0,540.7685546875,355.2314453125
2025-11-17,Bikaner,464.0,254.9798126220703,209.0201873779297
2025-11-17,Bilaspur,401.0,341.5540771484375,59.4459228515625
2025-11-17,Birbhum,635.0,451.0326232910156,183.96737670898438
2025-11-17,Bishnupur,37.0,39.962074279785156,2.9620742797851562
2025-11-17,Bokaro,293.0,224.94290161132812,68.05709838867188
2025-11-17,Bongaigaon,125.0,41.247955322265625,83.75204467773438
2025-11-17,Budaun,579.0,346.591796875,232.408203125
2025-11-17,Bulandshahr,813.0,501.4952087402344,311.5047912597656
2025-11-17,Buldana,0.0,-12.357696533203125,12.357696533203125
2025-11-17,Bundi,213.0,48.04620361328125,164.95379638671875
2025-11-17,Burhanpur,140.0,207.3900146484375,67.3900146484375
2025-11-17,Buxar,381.0,369.09661865234375,11.90338134765625
2025-11-17,Cachar,0.0,-11.54705810546875,11.54705810546875
2025-11-17,Central,0.0,-13.896392822265625,13.896392822265625
2025-11-17,Chamba,116.0,39.03833770751953,76.96166229248047
2025-11-17,Chamoli,32.0,1.3694305419921875,30.630569458007812
2025-11-17,Champawat,28.0,12.7777099609375,15.2222900390625
2025-11-17,Champhai,33.0,-18.042236328125,51.042236328125
2025-11-17,Chamrajnagar,0.0,-8.472000122070312,8.472000122070312
2025-11-17,Chandauli,415.0,186.60166931152344,228.39833068847656
2025-11-17,Chandel,25.0,11.413833618164062,13.586166381835938
2025-11-17,Chandigarh,128.0,27.599655151367188,100.40034484863281
2025-11-17,Chandrapur,178.0,52.72187805175781,125.27812194824219
2025-11-17,Changlang,16.0,32.93101501464844,16.931015014648438
2025-11-17,Chatra,280.0,297.56170654296875,17.56170654296875
2025-11-17,Chennai,564.0,395.8966369628906,168.10336303710938
2025-11-17,Chhatarpur,642.0,304.7716064453125,337.2283935546875
2025-11-17,Chhindwara,470.0,336.002197265625,133.997802734375
2025-11-17,Chikkaballapura,170.0,127.03163146972656,42.96836853027344
2025-11-17,Chikmagalur,0.0,-8.964874267578125,8.964874267578125
2025-11-17,Chirang,89.0,6.212554931640625,82.78744506835938
2025-11-17,Chitradurga,224.0,236.5858154296875,12.5858154296875
2025-11-17,Chitrakoot,252.0,262.90203857421875,10.90203857421875
2025-11-17,Chittaurgarh,0.0,-10.680587768554688,10.680587768554688
2025-11-17,Chittoor,386.0,308.0100402832031,77.98995971679688
2025-11-17,Churachandpur,56.0,57.642738342285156,1.6427383422851562
2025-11-17,Churu,500.0,318.3251953125,181.6748046875
2025-11-17,Coimbatore,517.0,331.761474609375,185.238525390625
2025-11-17,Cuddalore,405.0,289.8827209472656,115.11727905273438
2025-11-17,Cuttack,201.0,223.3936004638672,22.393600463867188
2025-11-17,Dadra & Nagar Haveli,0.0,-13.343795776367188,13.343795776367188
2025-11-17,Dakshin Bastar Dantewada,0.0,-12.242477416992188,12.242477416992188
2025-11-17,Dakshina Kannada,465.0,339.8440246582031,125.15597534179688
2025-11-17,Damoh,264.0,224.49769592285156,39.50230407714844
2025-11-17,Darbhanga,844.0,602.9725341796875,241.0274658203125
2025-11-17,Darrang,355.0,163.76260375976562,191.23739624023438
2025-11-17,Datia,256.0,83.04065704345703,172.9593505859375
2025-11-17,Dausa,361.0,166.9432830810547,194.0567169189453
2025-11-17,Davanagere,291.0,190.6790313720703,100.32096862792969
2025-11-17,Debagarh,27.0,10.158515930175781,16.84148406982422
2025-11-17,Dehradun,312.0,222.6651611328125,89.3348388671875
2025-11-17,Deoghar,407.0,352.958251953125,54.041748046875
2025-11-17,Deoria,453.0,410.73077392578125,42.26922607421875
2025-11-17,Dewas,528.0,316.75396728515625,211.24603271484375
2025-11-17,Dhalai,65.0,15.812652587890625,49.187347412109375
2025-11-17,Dhamtari,115.0,24.736373901367188,90.26362609863281
2025-11-17,Dhanbad,475.0,403.26202392578125,71.73797607421875
2025-11-17,Dhar,488.0,398.3813171386719,89.61868286132812
2025-11-17,Dharmapuri,327.0,274.0386962890625,52.9613037109375
2025-11-17,Dharwad,385.0,213.14651489257812,171.85348510742188
2025-11-17,Dhemaji,135.0,247.97848510742188,112.97848510742188
2025-11-17,Dhenkanal,111.0,27.0911865234375,83.9088134765625
2025-11-17,Dhubri,389.0,423.0362854003906,34.036285400390625
2025-11-17,Dhule,277.0,321.37774658203125,44.37774658203125
2025-11-17,Dibang Valley,0.0,2.25830078125,2.25830078125
2025-11-17,Dibrugarh,115.0,79.16000366210938,35.839996337890625
2025-11-17,Dima Hasao,57.0,5.0302581787109375,51.96974182128906
2025-11-17,Dimapur,36.0,21.25311279296875,14.74688720703125
2025-11-17,Dindigul,341.0,218.9083251953125,122.0916748046875
2025-11-17,Dindori,88.0,49.86866760253906,38.13133239746094
2025-11-17,Diu,7.0,2.26385498046875,4.73614501953125
2025-11-17,Doda,183.0,262.5959777832031,79.59597778320312
2025-11-17,Dumka,254.0,214.63946533203125,39.36053466796875
2025-11-17,Dungarpur,316.0,149.39224243164062,166.60775756835938
2025-11-17,Durg,205.0,18.28032684326172,186.71966552734375
2025-11-17,East,0.0,-15.028060913085938,15.028060913085938
2025-11-17,East Garo Hills,21.0,84.56072998046875,63.56072998046875
2025-11-17,East Godavari,379.0,286.384521484375,92.615478515625
2025-11-17,East Kameng,16.0,14.872077941894531,1.1279220581054688
2025-11-17,East Khasi Hills,400.0,256.3531494140625,143.6468505859375
2025-11-17,East Siang,19.0,6.4349517822265625,12.565048217773438
2025-11-17,Ernakulam,383.0,301.5699462890625,81.4300537109375
2025-11-17,Erode,334.0,275.0423583984375,58.9576416015625
2025-11-17,Etah,283.0,147.1092071533203,135.8907928466797
2025-11-17,Etawah,261.0,128.35833740234375,132.64166259765625
2025-11-17,Faridabad,429.0,302.35931396484375,126.64068603515625
2025-11-17,Faridkot,69.0,3.27142333984375,65.72857666015625
2025-11-17,Farrukhabad,314.0,39.840171813964844,274.1598205566406
2025-11-17,Fatehabad,144.0,127.80497741699219,16.195022583007812
2025-11-17,Fatehgarh Sahib,54.0,3.585418701171875,50.414581298828125
2025-11-17,Fatehpur,612.0,529.3735961914062,82.62640380859375
2025-11-17,Firozabad,325.0,210.67259216308594,114.32740783691406
2025-11-17,Gadag,214.0,118.81745147705078,95.18254852294922
2025-11-17,Gajapati,96.0,22.06816864013672,73.93183135986328
2025-11-17,Ganderbal,49.0,19.33879852294922,29.66120147705078
2025-11-17,Gandhinagar,320.0,114.11045837402344,205.88954162597656
2025-11-17,Ganganagar,235.0,92.00726318359375,142.99273681640625
2025-11-17,Ganjam,448.0,285.9498291015625,162.0501708984375
2025-11-17,Garhchiroli,0.0,-12.817413330078125,12.817413330078125
2025-11-17,Garhwa,352.0,230.30520629882812,121.69479370117188
2025-11-17,Gautam Buddha Nagar,500.0,393.6233215332031,106.37667846679688
2025-11-17,Gaya,592.0,752.6826782226562,160.68267822265625
2025-11-17,Ghaziabad,741.0,545.9288330078125,195.0711669921875
2025-11-17,Ghazipur,406.0,457.7148132324219,51.714813232421875
2025-11-17,Giridih,551.0,510.9089660644531,40.091033935546875
2025-11-17,Goalpara,227.0,128.3486785888672,98.65132141113281
2025-11-17,Godda,243.0,299.66046142578125,56.66046142578125
2025-11-17,Golaghat,199.0,129.14227294921875,69.85772705078125
2025-11-17,Gonda,601.0,530.0012817382812,70.99871826171875
2025-11-17,Gondiya,0.0,-13.009658813476562,13.009658813476562
2025-11-17,Gopalganj,396.0,495.5202331542969,99.52023315429688
2025-11-17,Gorakhpur,657.0,603.7957153320312,53.20428466796875
2025-11-17,Gumla,248.0,270.42779541015625,22.42779541015625
2025-11-17,Guna,345.0,231.65682983398438,113.34317016601562
2025-11-17,Guntur,593.0,290.27911376953125,302.72088623046875
2025-11-17,Gurdaspur,251.0,138.6443634033203,112.35563659667969
2025-11-17,Gwalior,597.0,185.69662475585938,411.3033752441406
2025-11-17,Hailakandi,172.0,114.23698425292969,57.76301574707031
2025-11-17,Hamirpur,288.0,152.33851623535156,135.66148376464844
2025-11-17,Hanumangarh,213.0,56.82597351074219,156.1740264892578
2025-11-17,Harda,130.0,59.084564208984375,70.91543579101562
2025-11-17,Hardoi,646.0,578.691650390625,67.308349609375
2025-11-17,Hardwar,0.0,-12.836700439453125,12.836700439453125
2025-11-17,Hassan,246.0,88.29916381835938,157.70083618164062
2025-11-17,Haveri,271.0,195.74313354492188,75.25686645507812
2025-11-17,Hazaribagh,344.0,289.9373779296875,54.0626220703125
2025-11-17,Hingoli,129.0,164.0079345703125,35.0079345703125
2025-11-17,Hisar,268.0,257.16302490234375,10.83697509765625
2025-11-17,Hoshiarpur,175.0,42.34276580810547,132.6572265625
2025-11-17,Hyderabad,1040.0,518.2376708984375,521.7623291015625
2025-11-17,Idukki,91.0,43.216522216796875,47.783477783203125
2025-11-17,Imphal East,51.0,9.732528686523438,41.26747131347656
2025-11-17,Imphal West,59.0,8.647346496582031,50.35265350341797
2025-11-17,Indore,882.0,484.792236328125,397.207763671875
2025-11-17,Jabalpur,557.0,425.9151916503906,131.08480834960938
2025-11-17,Jagatsinghapur,160.0,263.7620849609375,103.7620849609375
2025-11-17,Jaintia Hills,0.0,-14.253097534179688,14.253097534179688
2025-11-17,Jaipur,1434.0,660.972900390625,773.027099609375
2025-11-17,Jaisalmer,122.0,41.12572479248047,80.87427520751953
2025-11-17,Jajapur,0.0,-10.710556030273438,10.710556030273438
2025-11-17,Jalandhar,216.0,149.8112030029297,66.18879699707031
2025-11-17,Jalaun,258.0,149.72239685058594,108.27760314941406
2025-11-17,Jalgaon,430.0,348.7374267578125,81.2625732421875
2025-11-17,Jalna,218.0,248.45330810546875,30.45330810546875
2025-11-17,Jalor,0.0,-14.90594482421875,14.90594482421875
2025-11-17,Jalpaiguri,367.0,327.19451904296875,39.80548095703125
2025-11-17,Jammu,238.0,245.518310546875,7.518310546875
2025-11-17,Jamnagar,265.0,189.73898315429688,75.26101684570312
2025-11-17,Jamtara,189.0,207.90313720703125,18.90313720703125
2025-11-17,Jamui,275.0,426.49267578125,151.49267578125
2025-11-17,Janjgir-Champa,222.0,209.68234252929688,12.317657470703125
2025-11-17,Jashpur,140.0,22.46441650390625,117.53558349609375
2025-11-17,Jaunpur,563.0,592.9072265625,29.9072265625
2025-11-17,Jehanabad,204.0,165.79898071289062,38.201019287109375
2025-11-17,Jhabua,353.0,218.07669067382812,134.92330932617188
2025-11-17,Jhajjar,124.0,97.76707458496094,26.232925415039062
2025-11-17,Jhalawar,404.0,145.66065979003906,258.33935546875
2025-11-17,Jhansi,387.0,233.98565673828125,153.01434326171875
2025-11-17,Jharsuguda,71.0,9.829025268554688,61.17097473144531
2025-11-17,Jhunjhunun,0.0,-10.96014404296875,10.96014404296875
2025-11-17,Jind,214.0,203.35733032226562,10.642669677734375
2025-11-17,Jodhpur,827.0,479.7372131347656,347.2627868652344
2025-11-17,Jorhat,192.0,52.66010284423828,139.33990478515625
2025-11-17,Junagadh,332.0,96.65280151367188,235.34719848632812
2025-11-17,Kachchh,542.0,285.15863037109375,256.84136962890625
2025-11-17,Kaimur (Bhabua),0.0,-15.764114379882812,15.764114379882812
2025-11-17,Kaithal,135.0,34.32823944091797,100.67176055908203
2025-11-17,Kalahandi,150.0,187.6708526611328,37.67085266113281
2025-11-17,Kamrup,311.0,273.201904296875,37.798095703125
2025-11-17,Kancheepuram,0.0,-9.176651000976562,9.176651000976562
2025-11-17,Kandhamal,112.0,76.01421356201172,35.98578643798828
2025-11-17,Kangra,226.0,195.44070434570312,30.559295654296875
2025-11-17,Kannauj,213.0,181.72854614257812,31.271453857421875
2025-11-17,Kanniyakumari,0.0,-7.49462890625,7.49462890625
2025-11-17,Kannur,439.0,264.86767578125,174.13232421875
2025-11-17,Kanpur Dehat,291.0,145.2414093017578,145.7585906982422
2025-11-17,Kanpur Nagar,757.0,619.735595703125,137.264404296875
2025-11-17,Kapurthala,144.0,33.10326385498047,110.89673614501953
2025-11-17,Karaikal,10.0,8.605621337890625,1.394378662109375
2025-11-17,Karauli,502.0,202.15426635742188,299.8457336425781
2025-11-17,Karbi Anglong,182.0,79.34512329101562,102.65487670898438
2025-11-17,Kargil,41.0,2.7164459228515625,38.28355407714844
2025-11-17,Karimganj,517.0,302.3420715332031,214.65792846679688
2025-11-17,Karimnagar,249.0,264.4913330078125,15.4913330078125
2025-11-17,Karnal,234.0,144.44735717773438,89.55264282226562
2025-11-17,Karur,203.0,236.8092041015625,33.8092041015625
2025-11-17,Kasaragod,281.0,153.99215698242188,127.00784301757812
2025-11-17,Kathua,183.0,62.729515075683594,120.2704849243164
2025-11-17,Katihar,704.0,586.7506103515625,117.2493896484375
2025-11-17,Katni,398.0,364.23529052734375,33.76470947265625
2025-11-17,Kaushambi,373.0,268.20672607421875,104.79327392578125
2025-11-17,Kendrapara,192.0,166.27684020996094,25.723159790039062
2025-11-17,Kendujhar,175.0,134.5448455810547,40.45515441894531
2025-11-17,Khagaria,356.0,391.2719421386719,35.271942138671875
2025-11-17,Khammam,183.0,261.9735107421875,78.9735107421875
2025-11-17,Kheda,571.0,249.88018798828125,321.11981201171875
2025-11-17,Kheri,0.0,-14.626129150390625,14.626129150390625
2025-11-17,Khordha,355.0,216.05978393554688,138.94021606445312
2025-11-17,Khunti,65.0,39.330299377441406,25.669700622558594
2025-11-17,Kinnaur,2.0,7.4337005615234375,5.4337005615234375
2025-11-17,Kiphire,9.0,110.15386962890625,101.15386962890625
2025-11-17,Kishanganj,408.0,526.3594970703125,118.3594970703125
2025-11-17,Kishtwar,81.0,120.55865478515625,39.55865478515625
2025-11-17,Kodagu,139.0,22.332077026367188,116.66792297363281
2025-11-17,Kodarma,165.0,122.85404968261719,42.14595031738281
2025-11-17,Kohima,22.0,50.640037536621094,28.640037536621094
2025-11-17,Kokrajhar,164.0,67.17222595214844,96.82777404785156
2025-11-17,Kolar,356.0,176.941650390625,179.058349609375
2025-11-17,Kolasib,11.0,18.074020385742188,7.0740203857421875
2025-11-17,Kolhapur,410.0,339.4077453613281,70.59225463867188
2025-11-17,Kolkata,385.0,313.53009033203125,71.46990966796875
2025-11-17,Kollam,331.0,203.98988342285156,127.01011657714844
2025-11-17,Koppal,427.0,182.50892639160156,244.49107360839844
2025-11-17,Koraput,123.0,143.10147094726562,20.101470947265625
2025-11-17,Korba,147.0,188.50653076171875,41.50653076171875
2025-11-17,Koriya,80.0,39.390785217285156,40.609214782714844
2025-11-17,Kota,403.0,241.88333129882812,161.11666870117188
2025-11-17,Kottayam,193.0,191.0306396484375,1.9693603515625
2025-11-17,Kozhikode,540.0,278.2548828125,261.7451171875
2025-11-17,Krishna,360.0,243.23699951171875,116.76300048828125
2025-11-17,Krishnagiri,280.0,274.5469970703125,5.4530029296875
2025-11-17,Kulgam,69.0,51.827049255371094,17.172950744628906
2025-11-17,Kullu,89.0,22.004989624023438,66.99501037597656
2025-11-17,Kupwara,161.0,259.568115234375,98.568115234375
2025-11-17,Kurnool,575.0,285.08721923828125,289.91278076171875
2025-11-17,Kurukshetra,156.0,56.2437744140625,99.7562255859375
2025-11-17,Kurung Kumey,13.0,4.54766845703125,8.45233154296875
2025-11-17,Kushinagar,515.0,430.50421142578125,84.49578857421875
2025-11-17,Lakhimpur,184.0,69.93437957763672,114.06562042236328
2025-11-17,Lakhisarai,285.0,114.04745483398438,170.95254516601562
2025-11-17,Lakshadweep,0.0,-7.7741241455078125,7.7741241455078125
2025-11-17,Lalitpur,351.0,166.26730346679688,184.73269653320312
2025-11-17,Latehar,152.0,22.333099365234375,129.66690063476562
2025-11-17,Latur,243.0,260.4593505859375,17.4593505859375
2025-11-17,Lawangtlai,0.0,-12.766891479492188,12.766891479492188
2025-11-17,Leh (Ladakh),0.0,-9.841873168945312,9.841873168945312
2025-11-17,Lohardaga,110.0,45.43170166015625,64.56829833984375
2025-11-17,Lohit,7.0,9.196487426757812,2.1964874267578125
2025-11-17,Longleng,0.0,38.466712951660156,38.466712951660156
2025-11-17,Lower Dibang Valley,4.0,6.380653381347656,2.3806533813476562
2025-11-17,Lower Subansiri,3.0,15.746070861816406,12.746070861816406
2025-11-17,Lucknow,939.0,716.5475463867188,222.45245361328125
2025-11-17,Ludhiana,490.0,255.76852416992188,234.23147583007812
2025-11-17,Lunglei,31.0,22.86583709716797,8.134162902832031
2025-11-17,Madhepura,351.0,476.0232238769531,125.02322387695312
2025-11-17,Madhubani,886.0,712.4811401367188,173.51885986328125
2025-11-17,Madurai,537.0,354.56500244140625,182.43499755859375
2025-11-17,Maharajganj,471.0,422.3851623535156,48.614837646484375
2025-11-17,Mahasamund,186.0,227.19015502929688,41.190155029296875
2025-11-17,Mahbubnagar,0.0,-10.8275146484375,10.8275146484375
2025-11-17,Mahendragarh,151.0,159.9055633544922,8.905563354492188
2025-11-17,Mahesana,353.0,112.78347778320312,240.21652221679688
2025-11-17,Mahoba,153.0,97.31391906738281,55.68608093261719
2025-11-17,Mainpuri,348.0,293.5148620605469,54.485137939453125
2025-11-17,Malappuram,955.0,405.9925842285156,549.0074462890625
2025-11-17,Maldah,0.0,-13.437667846679688,13.437667846679688
2025-11-17,Malkangiri,74.0,28.830093383789062,45.16990661621094
2025-11-17,Mamit,30.0,-32.22181701660156,62.22181701660156
2025-11-17,Mandi,159.0,79.39277648925781,79.60722351074219
2025-11-17,Mandla,261.0,239.97433471679688,21.025665283203125
2025-11-17,Mandsaur,542.0,297.1802978515625,244.8197021484375
2025-11-17,Mandya,243.0,168.497314453125,74.502685546875
2025-11-17,Mansa,74.0,-15.630233764648438,89.63023376464844
2025-11-17,Marigaon,204.0,162.88784790039062,41.112152099609375
2025-11-17,Mathura,528.0,411.09210205078125,116.90789794921875
2025-11-17,Mau,366.0,283.4052734375,82.5947265625
2025-11-17,Mayurbhanj,316.0,313.0090637207031,2.990936279296875
2025-11-17,Medak,393.0,311.50701904296875,81.49298095703125
2025-11-17,Meerut,869.0,624.594482421875,244.405517578125
2025-11-17,Mirzapur,364.0,313.7762756347656,50.223724365234375
2025-11-17,Moga,109.0,7.310997009277344,101.68900299072266
2025-11-17,Mokokchung,6.0,28.92218780517578,22.92218780517578
2025-11-17,Mon,19.0,112.14213562011719,93.14213562011719
2025-11-17,Moradabad,783.0,455.0045166015625,327.9954833984375
2025-11-17,Morena,633.0,185.41990661621094,447.580078125
2025-11-17,Muktsar,0.0,-11.619049072265625,11.619049072265625
2025-11-17,Mumbai,1842.0,568.8831176757812,1273.116943359375
2025-11-17,Munger,212.0,191.07305908203125,20.92694091796875
2025-11-17,Murshidabad,1360.0,601.7456665039062,758.2543334960938
2025-11-17,Muzaffarnagar,568.0,479.6398620605469,88.36013793945312
2025-11-17,Muzaffarpur,874.0,629.0016479492188,244.99835205078125
2025-11-17,Nabarangapur,0.0,-15.758544921875,15.758544921875
2025-11-17,Nadia,493.0,425.9376220703125,67.0623779296875
2025-11-17,Nagaon,383.0,279.90228271484375,103.09771728515625
2025-11-17,Nagappattinam,0.0,-8.631179809570312,8.631179809570312
2025-11-17,Nagaur,716.0,450.3205261230469,265.6794738769531
2025-11-17,Nagpur,519.0,314.88134765625,204.11865234375
2025-11-17,Nainital,186.0,141.2167205810547,44.78327941894531
2025-11-17,Nalanda,437.0,514.0103759765625,77.0103759765625
2025-11-17,Nalbari,108.0,208.2892608642578,100.28926086425781
2025-11-17,Nalgonda,320.0,309.89068603515625,10.10931396484375
2025-11-17,Namakkal,241.0,235.96435546875,5.03564453125
2025-11-17,Nanded,300.0,335.461181640625,35.461181640625
2025-11-17,Nandurbar,238.0,272.85626220703125,34.85626220703125
2025-11-17,Narayanpur,67.0,143.2445526123047,76.24455261230469
2025-11-17,Narmada,78.0,24.712440490722656,53.287559509277344
2025-11-17,Nashik,918.0,577.9196166992188,340.08038330078125
2025-11-17,Navsari,232.0,56.305992126464844,175.69400024414062
2025-11-17,Nawada,269.0,583.9039306640625,314.9039306640625
2025-11-17,Nayagarh,102.0,45.231849670410156,56.768150329589844
2025-11-17,Neemuch,331.0,201.14234924316406,129.85765075683594
2025-11-17,New Delhi,9.0,8.799751281738281,0.20024871826171875
2025-11-17,Nicobar,0.0,-8.906295776367188,8.906295776367188
2025-11-17,Nizamabad,247.0,250.81573486328125,3.81573486328125
2025-11-17,North,0.0,-15.943069458007812,15.943069458007812
2025-11-17,North & Middle Andaman,0.0,-9.701690673828125,9.701690673828125
2025-11-17,North 24 Parganas,1128.0,569.0982666015625,558.9017333984375
2025-11-17,North Goa,51.0,1.0994873046875,49.9005126953125
2025-11-17,North Tripura,66.0,3.2732391357421875,62.72676086425781
2025-11-17,Nuapada,58.0,38.08404541015625,19.91595458984375
2025-11-17,Pakur,147.0,15.96282958984375,131.03717041015625
2025-11-17,Palakkad,422.0,279.54248046875,142.45751953125
2025-11-17,Palamu,858.0,339.74249267578125,518.2575073242188
2025-11-17,Pali,453.0,263.5723571777344,189.42764282226562
2025-11-17,Palwal,383.0,229.1771240234375,153.8228759765625
2025-11-17,Panch Mahals,0.0,-12.391494750976562,12.391494750976562
2025-11-17,Panchkula,95.0,21.570632934570312,73.42936706542969
2025-11-17,Panipat,257.0,138.80271911621094,118.19728088378906
2025-11-17,Panna,295.0,258.77508544921875,36.22491455078125
2025-11-17,Papum Pare,18.0,11.111602783203125,6.888397216796875
2025-11-17,Parbhani,277.0,282.1103515625,5.1103515625
2025-11-17,Pashchim Champaran,2766.0,898.0457763671875,1867.9542236328125
2025-11-17,Pashchim Medinipur,0.0,-12.578277587890625,12.578277587890625
2025-11-17,Pashchimi Singhbhum,719.0,554.365966796875,164.634033203125
2025-11-17,Patan,347.0,113.00872802734375,233.99127197265625
2025-11-17,Pathanamthitta,123.0,50.34373474121094,72.65626525878906
2025-11-17,Patiala,196.0,85.08232116699219,110.91767883300781
2025-11-17,Patna,871.0,606.6594848632812,264.34051513671875
2025-11-17,Perambalur,112.0,65.89032745361328,46.10967254638672
2025-11-17,Peren,2.0,60.81745147705078,58.81745147705078
2025-11-17,Phek,11.0,73.85403442382812,62.854034423828125
2025-11-17,Pilibhit,312.0,165.4664764404297,146.5335235595703
2025-11-17,Pithoragarh,54.0,3.254425048828125,50.745574951171875
2025-11-17,Porbandar,74.0,60.31819152832031,13.681808471679688
2025-11-17,Prakasam,318.0,285.02099609375,32.97900390625
2025-11-17,Pratapgarh,578.0,563.2208251953125,14.7791748046875
2025-11-17,Puducherry,91.0,44.420936584472656,46.579063415527344
2025-11-17,Pudukkottai,354.0,264.2758483886719,89.72415161132812
2025-11-17,Pulwama,61.0,25.526107788085938,35.47389221191406
2025-11-17,Punch,132.0,187.175048828125,55.175048828125
2025-11-17,Pune,1421.0,627.2225952148438,793.7774047851562
2025-11-17,Purba Champaran,12.0,-3.9098968505859375,15.909896850585938
2025-11-17,Purba Medinipur,662.0,434.807373046875,227.192626953125
2025-11-17,Purbi Singhbhum,49.0,1.8332366943359375,47.16676330566406
2025-11-17,Puri,252.0,124.36741638183594,127.63258361816406
2025-11-17,Puruliya,0.0,-13.330841064453125,13.330841064453125
2025-11-17,Rae Bareli,489.0,433.9049377441406,55.095062255859375
2025-11-17,Raichur,645.0,344.8832702636719,300.1167297363281
2025-11-17,Raigarh,172.0,62.01814270019531,109.98185729980469
2025-11-17,Raipur,477.0,227.2595977783203,249.7404022216797
2025-11-17,Raisen,278.0,256.88031005859375,21.11968994140625
2025-11-17,Rajgarh,396.0,209.71835327148438,186.28164672851562
2025-11-17,Rajkot,667.0,328.260498046875,338.739501953125
2025-11-17,Rajnandgaon,231.0,139.04820251464844,91.95179748535156
2025-11-17,Rajouri,208.0,42.25616455078125,165.74383544921875
2025-11-17,Rajsamand,252.0,161.204833984375,90.795166015625
2025-11-17,Ramanagara,0.0,16.605987548828125,16.605987548828125
2025-11-17,Ramanathapuram,235.0,202.7787322998047,32.22126770019531
2025-11-17,Ramban,91.0,121.1668930053711,30.166893005371094
2025-11-17,Ramgarh,146.0,61.114898681640625,84.88510131835938
2025-11-17,Ranchi,495.0,416.939697265625,78.060302734375
2025-11-17,Rangareddy,0.0,-9.537673950195312,9.537673950195312
2025-11-17,Ratlam,581.0,284.72119140625,296.27880859375
2025-11-17,Ratnagiri,126.0,87.50920104980469,38.49079895019531
2025-11-17,Rayagada,108.0,62.041656494140625,45.958343505859375
2025-11-17,Reasi,123.0,72.56764221191406,50.43235778808594
2025-11-17,Rewa,533.0,397.92181396484375,135.07818603515625
2025-11-17,Rewari,162.0,112.27897644042969,49.72102355957031
2025-11-17,Ri Bhoi,131.0,108.44786834716797,22.55213165283203
2025-11-17,Rohtak,209.0,88.1537857055664,120.8462142944336
2025-11-17,Rohtas,549.0,281.64019775390625,267.35980224609375
2025-11-17,Rudraprayag,37.0,6.997962951660156,30.002037048339844
2025-11-17,Rupnagar,96.0,-1.78741455078125,97.78741455078125
2025-11-17,Sabar Kantha,0.0,-12.051803588867188,12.051803588867188
2025-11-17,Sagar,0.0,-11.6859130859375,11.6859130859375
2025-11-17,Saharanpur,824.0,515.2275390625,308.7724609375
2025-11-17,Saharsa,451.0,549.377685546875,98.377685546875
2025-11-17,Sahibganj,454.0,305.5340881347656,148.46591186523438
2025-11-17,Sahibzada Ajit Singh Nagar,198.0,62.30815887451172,135.69183349609375
2025-11-17,Saiha,6.0,-43.66822814941406,49.66822814941406
2025-11-17,Salem,555.0,339.211669921875,215.788330078125
2025-11-17,Samastipur,1023.0,650.2521362304688,372.74786376953125
2025-11-17,Samba,30.0,1.20245361328125,28.79754638671875
2025-11-17,Sambalpur,119.0,39.296913146972656,79.70308685302734
2025-11-17,Sangli,296.0,235.85183715820312,60.148162841796875
2025-11-17,Sangrur,140.0,15.105720520019531,124.89427947998047
2025-11-17,Sant Kabir Nagar,335.0,300.01605224609375,34.98394775390625
2025-11-17,Sant Ravi Das Nagar(Bhadohi),0.0,-12.649337768554688,12.649337768554688
2025-11-17,Saraikela-Kharsawan,0.0,-13.235076904296875,13.235076904296875
2025-11-17,Satara,269.0,166.8992919921875,102.1007080078125
2025-11-17,Satna,533.0,446.6960754394531,86.30392456054688
2025-11-17,Sawai Madhopur,275.0,199.4762725830078,75.52372741699219
2025-11-17,Sehore,194.0,95.10939025878906,98.89060974121094
2025-11-17,Senapati,81.0,56.08073425292969,24.919265747070312
2025-11-17,Seoni,288.0,287.8798828125,0.1201171875
2025-11-17,Serchhip,2.0,-16.432144165039062,18.432144165039062
2025-11-17,Shahdol,171.0,280.2994689941406,109.29946899414062
2025-11-17,Shahid Bhagat Singh Nagar,117.0,-6.8810272216796875,123.88102722167969
2025-11-17,Shahjahanpur,531.0,422.9847412109375,108.0152587890625
2025-11-17,Shajapur,395.0,186.5836181640625,208.4163818359375
2025-11-17,Sheikhpura,137.0,177.9538116455078,40.95381164550781
2025-11-17,Sheohar,160.0,148.46331787109375,11.53668212890625
2025-11-17,Sheopur,167.0,108.85533905029297,58.14466094970703
2025-11-17,Shimla,93.0,6.851470947265625,86.14852905273438
2025-11-17,Shivpuri,619.0,492.75286865234375,126.24713134765625
2025-11-17,Siddharth Nagar,582.0,462.7682800292969,119.23171997070312
2025-11-17,Sidhi,300.0,268.64739990234375,31.35260009765625
2025-11-17,Sikar,490.0,281.2986755371094,208.70132446289062
2025-11-17,Simdega,56.0,81.61831665039062,25.618316650390625
2025-11-17,Sindhudurg,76.0,-2.0261077880859375,78.02610778808594
2025-11-17,Singrauli,343.0,292.15789794921875,50.84210205078125
2025-11-17,Sirmaur,135.0,34.96626281738281,100.03373718261719
2025-11-17,Sirohi,389.0,138.97418212890625,250.02581787109375
2025-11-17,Sirsa,225.0,159.6051483154297,65.39485168457031
2025-11-17,Sitamarhi,792.0,666.423095703125,125.576904296875
2025-11-17,Sitapur,979.0,594.5203857421875,384.4796142578125
2025-11-17,Sivaganga,255.0,245.56900024414062,9.430999755859375
2025-11-17,Sivasagar,106.0,79.69186401367188,26.308135986328125
2025-11-17,Siwan,606.0,615.4989013671875,9.4989013671875
2025-11-17,Solan,73.0,7.595039367675781,65.40496063232422
2025-11-17,Solapur,536.0,434.8076171875,101.1923828125
2025-11-17,Sonbhadra,301.0,82.1461181640625,218.8538818359375
2025-11-17,Sonipat,286.0,193.1980743408203,92.80192565917969
2025-11-17,Sonitpur,489.0,287.99151611328125,201.00848388671875
2025-11-17,South,0.0,-14.436676025390625,14.436676025390625
2025-11-17,South 24 Parganas,1475.0,619.1848754882812,855.8151245117188
2025-11-17,South Andaman,0.0,-8.959671020507812,8.959671020507812
2025-11-17,South Garo Hills,40.0,-18.8892822265625,58.8892822265625
2025-11-17,South Goa,68.0,-5.61407470703125,73.61407470703125
2025-11-17,South Tripura,132.0,10.7542724609375,121.2457275390625
2025-11-17,Sri Potti Sriramulu Nellore,366.0,237.07205200195312,128.92794799804688
2025-11-17,Srikakulam,227.0,202.7009735107422,24.299026489257812
2025-11-17,Srinagar,139.0,206.966796875,67.966796875
2025-11-17,Subarnapur,75.0,21.662193298339844,53.337806701660156
2025-11-17,Sultanpur,342.0,398.58526611328125,56.58526611328125
2025-11-17,Sundargarh,195.0,74.49110412597656,120.50889587402344
2025-11-17,Supaul,380.0,590.721435546875,210.721435546875
2025-11-17,Surat,1128.0,509.0414733886719,618.95849609375
2025-11-17,Surendranagar,364.0,185.04331970214844,178.95668029785156
2025-11-17,Surguja,186.0,110.37093353271484,75.62906646728516
2025-11-17,Tamenglong,52.0,51.57843017578125,0.42156982421875
2025-11-17,Tapi,93.0,57.10858917236328,35.89141082763672
2025-11-17,Tarn Taran,169.0,48.77226257324219,120.22773742675781
2025-11-17,Tawang,12.0,-7.718902587890625,19.718902587890625
2025-11-17,Tehri Garhwal,126.0,76.27542114257812,49.724578857421875
2025-11-17,Thane,1675.0,650.5921630859375,1024.4078369140625
2025-11-17,Thanjavur,396.0,281.8084716796875,114.1915283203125
2025-11-17,The Dangs,0.0,-12.79119873046875,12.79119873046875
2025-11-17,The Nilgiris,101.0,37.02229309082031,63.97770690917969
2025-11-17,Theni,184.0,246.73080444335938,62.730804443359375
2025-11-17,Thiruvallur,0.0,-9.289794921875,9.289794921875
2025-11-17,Thiruvananthapuram,582.0,298.13946533203125,283.86053466796875
2025-11-17,Thiruvarur,0.0,-7.5998382568359375,7.5998382568359375
2025-11-17,Thoothukkudi,0.0,-7.3880767822265625,7.3880767822265625
2025-11-17,Thoubal,61.0,-0.0419158935546875,61.04191589355469
2025-11-17,Thrissur,770.0,326.3396911621094,443.6603088378906
2025-11-17,Tikamgarh,431.0,274.47308349609375,156.52691650390625
2025-11-17,Tinsukia,187.0,179.9988250732422,7.0011749267578125
2025-11-17,Tirap,4.0,4.4256744384765625,0.4256744384765625
2025-11-17,Tiruchirappalli,429.0,307.7310791015625,121.2689208984375
2025-11-17,Tirunelveli,573.0,365.36651611328125,207.63348388671875
2025-11-17,Tiruppur,368.0,293.9828186035156,74.01718139648438
2025-11-17,Tiruvannamalai,359.0,303.1695556640625,55.8304443359375
2025-11-17,Tonk,249.0,104.23412322998047,144.765869140625
2025-11-17,Tuensang,10.0,-42.097625732421875,52.097625732421875
2025-11-17,Tumkur,0.0,-8.627899169921875,8.627899169921875
2025-11-17,Udaipur,902.0,525.251953125,376.748046875
2025-11-17,Udalguri,146.0,56.97845458984375,89.02154541015625
2025-11-17,Udham Singh Nagar,284.0,265.72088623046875,18.27911376953125
2025-11-17,Udhampur,189.0,44.16490173339844,144.83509826660156
2025-11-17,Udupi,204.0,201.71524047851562,2.284759521484375
2025-11-17,Ujjain,755.0,497.9625549316406,257.0374450683594
2025-11-17,Ukhrul,73.0,94.75752258300781,21.757522583007812
2025-11-17,Umaria,195.0,271.7799072265625,76.7799072265625
2025-11-17,Una,64.0,12.059974670410156,51.940025329589844
2025-11-17,Unnao,746.0,362.58819580078125,383.41180419921875
2025-11-17,Upper Siang,1.0,2.1982574462890625,1.1982574462890625
2025-11-17,Upper Subansiri,9.0,49.965904235839844,40.965904235839844
2025-11-17,Uttar Bastar Kanker,0.0,-12.28387451171875,12.28387451171875
2025-11-17,Uttara Kannada,310.0,154.65399169921875,155.34600830078125
2025-11-17,Uttarkashi,59.0,-16.538986206054688,75.53898620605469
2025-11-17,Vadodara,791.0,314.7755126953125,476.2244873046875
2025-11-17,Vaishali,726.0,726.491455078125,0.491455078125
2025-11-17,Valsad,385.0,181.50982666015625,203.49017333984375
2025-11-17,Varanasi,589.0,546.648193359375,42.351806640625
2025-11-17,Vellore,489.0,342.64996337890625,146.35003662109375
2025-11-17,Vidisha,319.0,255.9413299560547,63.05867004394531
2025-11-17,Viluppuram,621.0,325.0397644042969,295.9602355957031
2025-11-17,Virudunagar,0.0,-7.285003662109375,7.285003662109375
2025-11-17,Visakhapatnam,405.0,280.0945129394531,124.90548706054688
2025-11-17,Vizianagaram,207.0,186.48529052734375,20.51470947265625
2025-11-17,Warangal,160.0,243.632568359375,83.632568359375
2025-11-17,Wardha,75.0,6.208160400390625,68.79183959960938
2025-11-17,Washim,100.0,77.64746856689453,22.35253143310547
2025-11-17,Wayanad,116.0,13.277641296386719,102.72235870361328
2025-11-17,West,0.0,-15.6693115234375,15.6693115234375
2025-11-17,West Garo Hills,173.0,165.5733184814453,7.4266815185546875
2025-11-17,West Godavari,368.0,244.17059326171875,123.82940673828125
2025-11-17,West Kameng,16.0,4.641021728515625,11.358978271484375
2025-11-17,West Khasi Hills,25.0,233.0218505859375,208.0218505859375
2025-11-17,West Tripura,136.0,80.83873748779297,55.16126251220703
2025-11-17,Wokha,7.0,45.773231506347656,38.773231506347656
2025-11-17,Yadgir,381.0,231.79661560058594,149.20338439941406
2025-11-17,Yamunanagar,244.0,98.99562072753906,145.00437927246094
2025-11-17,Yanam,1.0,-0.4915313720703125,1.4915313720703125
2025-11-17,Yavatmal,154.0,258.90521240234375,104.90521240234375
2025-11-17,Zunheboto,8.0,49.557640075683594,41.557640075683594
2025-11-24,Adilabad,62.0,83.63356018066406,21.633560180664062
2025-11-24,Agra,0.0,-16.187774658203125,16.187774658203125
2025-11-24,Ahmadabad,0.0,-14.470794677734375,14.470794677734375
2025-11-24,Ahmadnagar,0.0,-12.626693725585938,12.626693725585938
2025-11-24,Aizawl,10.0,-81.11015319824219,91.11015319824219
2025-11-24,Ajmer,162.0,188.21681213378906,26.216812133789062
2025-11-24,Akola,77.0,53.177337646484375,23.822662353515625
2025-11-24,Alappuzha,59.0,186.2481689453125,127.2481689453125
2025-11-24,Aligarh,119.0,366.56640625,247.56640625
2025-11-24,Alirajpur,55.0,212.58981323242188,157.58981323242188
2025-11-24,Almora,20.0,-21.924392700195312,41.92439270019531
2025-11-24,Alwar,159.0,424.9642333984375,265.9642333984375
2025-11-24,Ambala,43.0,67.63800811767578,24.63800811767578
2025-11-24,Ambedkar Nagar,94.0,168.40696716308594,74.40696716308594
2025-11-24,Amravati,85.0,129.4441680908203,44.44416809082031
2025-11-24,Amreli,48.0,-12.186981201171875,60.186981201171875
2025-11-24,Amritsar,39.0,164.14013671875,125.14013671875
2025-11-24,Anand,84.0,-4.3311309814453125,88.33113098144531
2025-11-24,Anantnag,66.0,106.47642517089844,40.47642517089844
2025-11-24,Anjaw,0.0,-2.6744232177734375,2.6744232177734375
2025-11-24,Anugul,46.0,-14.98175048828125,60.98175048828125
2025-11-24,Anuppur,34.0,100.1816635131836,66.1816635131836
2025-11-24,Araria,97.0,365.9394836425781,268.9394836425781
2025-11-24,Ariyalur,60.0,121.96932983398438,61.969329833984375
2025-11-24,Arwal,45.0,4.3538970947265625,40.64610290527344
2025-11-24,Ashoknagar,259.0,401.50994873046875,142.50994873046875
2025-11-24,Auraiya,42.0,35.01368713378906,6.9863128662109375
2025-11-24,Aurangabad,159.0,320.150390625,161.150390625
2025-11-24,Azamgarh,146.0,509.0035400390625,363.0035400390625
2025-11-24,Bagalkot,0.0,-12.5145263671875,12.5145263671875
2025-11-24,Bageshwar,14.0,-12.56640625,26.56640625
2025-11-24,Baghpat,62.0,246.7755126953125,184.7755126953125
2025-11-24,Bahraich,133.0,546.4862060546875,413.4862060546875
2025-11-24,Baksa,24.0,77.1495132446289,53.149513244628906
2025-11-24,Balaghat,96.0,194.5959930419922,98.59599304199219
2025-11-24,Balangir,82.0,114.27140045166016,32.271400451660156
2025-11-24,Baleshwar,0.0,-14.856155395507812,14.856155395507812
2025-11-24,Ballia,103.0,262.8211669921875,159.8211669921875
2025-11-24,Balrampur,226.0,508.6617431640625,282.6617431640625
2025-11-24,Banas Kantha,0.0,-15.688156127929688,15.688156127929688
2025-11-24,Banda,62.0,264.122314453125,202.122314453125
2025-11-24,Banka,61.0,251.44198608398438,190.44198608398438
2025-11-24,Bankura,175.0,149.86203002929688,25.137969970703125
2025-11-24,Banswara,85.0,170.92556762695312,85.92556762695312
2025-11-24,Bara Banki,0.0,-16.0155029296875,16.0155029296875
2025-11-24,Baramula,0.0,-12.257431030273438,12.257431030273438
2025-11-24,Baran,134.0,129.73406982421875,4.26593017578125
2025-11-24,Barddhaman,0.0,-15.24517822265625,15.24517822265625
2025-11-24,Bareilly,172.0,466.0869445800781,294.0869445800781
2025-11-24,Bargarh,82.0,105.25044250488281,23.250442504882812
2025-11-24,Barmer,156.0,365.0168762207031,209.01687622070312
2025-11-24,Barnala,6.0,-16.9810791015625,22.9810791015625
2025-11-24,Barpeta,54.0,255.98220825195312,201.98220825195312
2025-11-24,Barwani,93.0,262.3065185546875,169.3065185546875
2025-11-24,Bastar,457.0,162.89675903320312,294.1032409667969
2025-11-24,Basti,159.0,398.52020263671875,239.52020263671875
2025-11-24,Bathinda,21.0,1.707000732421875,19.292999267578125
2025-11-24,Begusarai,116.0,281.63525390625,165.63525390625
2025-11-24,Betul,105.0,210.58132934570312,105.58132934570312
2025-11-24,Bhadrak,75.0,79.07278442382812,4.072784423828125
2025-11-24,Bhagalpur,162.0,300.75921630859375,138.75921630859375
2025-11-24,Bhandara,42.0,-14.152389526367188,56.15238952636719
2025-11-24,Bharatpur,102.0,265.906005859375,163.906005859375
2025-11-24,Bharuch,66.0,-10.972000122070312,76.97200012207031
2025-11-24,Bhavnagar,110.0,71.8555908203125,38.1444091796875
2025-11-24,Bhilwara,160.0,239.68637084960938,79.68637084960938
2025-11-24,Bhind,83.0,283.90380859375,200.90380859375
2025-11-24,Bhiwani,27.0,84.42622375488281,57.42622375488281
2025-11-24,Bhojpur,159.0,348.48773193359375,189.48773193359375
2025-11-24,Bhopal,151.0,277.4447326660156,126.44473266601562
2025-11-24,Bidar,72.0,145.9500274658203,73.95002746582031
2025-11-24,Bijapur,54.0,319.17376708984375,265.17376708984375
2025-11-24,Bijnor,212.0,417.5199279785156,205.51992797851562
2025-11-24,Bikaner,106.0,288.1495361328125,182.1495361328125
2025-11-24,Bilaspur,102.0,264.3929748535156,162.39297485351562
2025-11-24,Birbhum,195.0,234.39993286132812,39.399932861328125
2025-11-24,Bishnupur,13.0,12.610214233398438,0.3897857666015625
2025-11-24,Bokaro,100.0,105.57374572753906,5.5737457275390625
2025-11-24,Bongaigaon,32.0,-29.960540771484375,61.960540771484375
2025-11-24,Budaun,95.0,300.0529479980469,205.05294799804688
2025-11-24,Bulandshahr,165.0,368.279541015625,203.279541015625
2025-11-24,Buldana,0.0,-15.117889404296875,15.117889404296875
2025-11-24,Bundi,95.0,41.46563720703125,53.53436279296875
2025-11-24,Burhanpur,38.0,144.7313995361328,106.73139953613281
2025-11-24,Buxar,68.0,197.14125061035156,129.14125061035156
2025-11-24,Cachar,0.0,-13.93646240234375,13.93646240234375
2025-11-24,Central,0.0,-15.94964599609375,15.94964599609375
2025-11-24,Chamba,26.0,-6.3646697998046875,32.36466979980469
2025-11-24,Chamoli,12.0,-19.886016845703125,31.886016845703125
2025-11-24,Champawat,13.0,-19.947433471679688,32.94743347167969
2025-11-24,Champhai,1.0,-55.86616516113281,56.86616516113281
2025-11-24,Chamrajnagar,0.0,-11.11083984375,11.11083984375
2025-11-24,Chandauli,61.0,135.41180419921875,74.41180419921875
2025-11-24,Chandel,3.0,-3.7174530029296875,6.7174530029296875
2025-11-24,Chandigarh,57.0,5.99627685546875,51.00372314453125
2025-11-24,Chandrapur,71.0,-24.46728515625,95.46728515625
2025-11-24,Changlang,3.0,3.178314208984375,0.178314208984375
2025-11-24,Chatra,61.0,180.10366821289062,119.10366821289062
2025-11-24,Chennai,264.0,210.19430541992188,53.805694580078125
2025-11-24,Chhatarpur,158.0,326.08624267578125,168.08624267578125
2025-11-24,Chhindwara,128.0,232.58523559570312,104.58523559570312
2025-11-24,Chikkaballapura,54.0,58.33088684082031,4.3308868408203125
2025-11-24,Chikmagalur,0.0,-11.555953979492188,11.555953979492188
2025-11-24,Chirang,26.0,-7.041778564453125,33.041778564453125
2025-11-24,Chitradurga,95.0,112.09330749511719,17.093307495117188
2025-11-24,Chitrakoot,58.0,220.81263732910156,162.81263732910156
2025-11-24,Chittaurgarh,0.0,-13.898605346679688,13.898605346679688
2025-11-24,Chittoor,239.0,171.53501892089844,67.46498107910156
2025-11-24,Churachandpur,19.0,-3.8011932373046875,22.801193237304688
2025-11-24,Churu,129.0,316.87335205078125,187.87335205078125
2025-11-24,Coimbatore,227.0,200.53640747070312,26.463592529296875
2025-11-24,Cuddalore,151.0,168.87094116210938,17.870941162109375
2025-11-24,Cuttack,65.0,80.33760070800781,15.337600708007812
2025-11-24,Dadra & Nagar Haveli,0.0,-14.219375610351562,14.219375610351562
2025-11-24,Dakshin Bastar Dantewada,0.0,-15.06182861328125,15.06182861328125
2025-11-24,Dakshina Kannada,205.0,183.31224060058594,21.687759399414062
2025-11-24,Damoh,99.0,212.8512725830078,113.85127258300781
2025-11-24,Darbhanga,169.0,339.67498779296875,170.67498779296875
2025-11-24,Darrang,77.0,171.58480834960938,94.58480834960938
2025-11-24,Datia,55.0,121.81967163085938,66.81967163085938
2025-11-24,Dausa,110.0,145.21507263183594,35.21507263183594
2025-11-24,Davanagere,98.0,78.15596008300781,19.844039916992188
2025-11-24,Debagarh,10.0,-9.655471801757812,19.655471801757812
2025-11-24,Dehradun,68.0,181.27487182617188,113.27487182617188
2025-11-24,Deoghar,89.0,282.70538330078125,193.70538330078125
2025-11-24,Deoria,91.0,292.9870300292969,201.98703002929688
2025-11-24,Dewas,103.0,250.57086181640625,147.57086181640625
2025-11-24,Dhalai,21.0,-12.220474243164062,33.22047424316406
2025-11-24,Dhamtari,21.0,-20.076446533203125,41.076446533203125
2025-11-24,Dhanbad,169.0,177.04559326171875,8.04559326171875
2025-11-24,Dhar,145.0,265.80999755859375,120.80999755859375
2025-11-24,Dharmapuri,148.0,179.46170043945312,31.461700439453125
2025-11-24,Dharwad,143.0,141.52162170410156,1.4783782958984375
2025-11-24,Dhemaji,31.0,71.92694091796875,40.92694091796875
2025-11-24,Dhenkanal,39.0,-12.17742919921875,51.17742919921875
2025-11-24,Dhubri,63.0,202.86123657226562,139.86123657226562
2025-11-24,Dhule,122.0,195.2190704345703,73.21907043457031
2025-11-24,Dibang Valley,0.0,-1.822174072265625,1.822174072265625
2025-11-24,Dibrugarh,70.0,174.8009033203125,104.8009033203125
2025-11-24,Dima Hasao,7.0,-26.888961791992188,33.88896179199219
2025-11-24,Dimapur,12.0,12.75799560546875,0.75799560546875
2025-11-24,Dindigul,110.0,181.85983276367188,71.85983276367188
2025-11-24,Dindori,28.0,-11.96197509765625,39.96197509765625
2025-11-24,Diu,0.0,-3.8201751708984375,3.8201751708984375
2025-11-24,Doda,64.0,191.83595275878906,127.83595275878906
2025-11-24,Dumka,77.0,102.42045593261719,25.420455932617188
2025-11-24,Dungarpur,87.0,170.8439483642578,83.84394836425781
2025-11-24,Durg,47.0,-14.15399169921875,61.15399169921875
2025-11-24,East,0.0,-15.888214111328125,15.888214111328125
2025-11-24,East Garo Hills,13.0,76.14469909667969,63.14469909667969
2025-11-24,East Godavari,179.0,138.0601806640625,40.9398193359375
2025-11-24,East Kameng,0.0,-8.732406616210938,8.732406616210938
2025-11-24,East Khasi Hills,121.0,321.5552978515625,200.5552978515625
2025-11-24,East Siang,5.0,-1.611572265625,6.611572265625
2025-11-24,Ernakulam,103.0,251.31094360351562,148.31094360351562
2025-11-24,Erode,92.0,173.04437255859375,81.04437255859375
2025-11-24,Etah,61.0,172.39352416992188,111.39352416992188
2025-11-24,Etawah,55.0,224.74151611328125,169.74151611328125
2025-11-24,Faridabad,88.0,221.59796142578125,133.59796142578125
2025-11-24,Faridkot,4.0,-11.804092407226562,15.804092407226562
2025-11-24,Farrukhabad,62.0,203.63265991210938,141.63265991210938
2025-11-24,Fatehabad,32.0,104.61817932128906,72.61817932128906
2025-11-24,Fatehgarh Sahib,6.0,-31.063507080078125,37.063507080078125
2025-11-24,Fatehpur,149.0,378.39337158203125,229.39337158203125
2025-11-24,Firozabad,56.0,231.07916259765625,175.07916259765625
2025-11-24,Gadag,208.0,83.71694946289062,124.28305053710938
2025-11-24,Gajapati,29.0,-11.22509765625,40.22509765625
2025-11-24,Ganderbal,19.0,-16.214706420898438,35.21470642089844
2025-11-24,Gandhinagar,63.0,102.40434265136719,39.40434265136719
2025-11-24,Ganganagar,71.0,71.53009033203125,0.53009033203125
2025-11-24,Ganjam,135.0,120.22142791748047,14.778572082519531
2025-11-24,Garhchiroli,0.0,-15.778945922851562,15.778945922851562
2025-11-24,Garhwa,55.0,109.79087829589844,54.79087829589844
2025-11-24,Gautam Buddha Nagar,115.0,304.9703369140625,189.9703369140625
2025-11-24,Gaya,177.0,448.3447265625,271.3447265625
2025-11-24,Ghaziabad,177.0,451.2102966308594,274.2102966308594
2025-11-24,Ghazipur,95.0,267.52166748046875,172.52166748046875
2025-11-24,Giridih,125.0,350.12493896484375,225.12493896484375
2025-11-24,Goalpara,29.0,181.464111328125,152.464111328125
2025-11-24,Godda,78.0,199.9300079345703,121.93000793457031
2025-11-24,Golaghat,51.0,172.17266845703125,121.17266845703125
2025-11-24,Gonda,156.0,308.59002685546875,152.59002685546875
2025-11-24,Gondiya,0.0,-16.047439575195312,16.047439575195312
2025-11-24,Gopalganj,75.0,295.31182861328125,220.31182861328125
2025-11-24,Gorakhpur,223.0,413.7490234375,190.7490234375
2025-11-24,Gumla,75.0,150.69395446777344,75.69395446777344
2025-11-24,Guna,66.0,194.58810424804688,128.58810424804688
2025-11-24,Guntur,291.0,160.41909790039062,130.58090209960938
2025-11-24,Gurdaspur,20.0,116.30641174316406,96.30641174316406
2025-11-24,Gwalior,157.0,280.7615966796875,123.7615966796875
2025-11-24,Hailakandi,31.0,173.81797790527344,142.81797790527344
2025-11-24,Hamirpur,74.0,94.3072509765625,20.3072509765625
2025-11-24,Hanumangarh,64.0,51.736846923828125,12.263153076171875
2025-11-24,Harda,31.0,23.816688537597656,7.183311462402344
2025-11-24,Hardoi,155.0,422.46343994140625,267.46343994140625
2025-11-24,Hardwar,0.0,-15.038055419921875,15.038055419921875
2025-11-24,Hassan,62.0,40.012351989746094,21.987648010253906
2025-11-24,Haveri,141.0,99.95091247558594,41.04908752441406
2025-11-24,Hazaribagh,104.0,144.38380432128906,40.38380432128906
2025-11-24,Hingoli,62.0,53.48651123046875,8.51348876953125
2025-11-24,Hisar,55.0,189.6881561279297,134.6881561279297
2025-11-24,Hoshiarpur,26.0,63.28209686279297,37.28209686279297
2025-11-24,Hyderabad,313.0,415.2144775390625,102.2144775390625
2025-11-24,Idukki,34.0,-7.766021728515625,41.766021728515625
2025-11-24,Imphal East,20.0,-30.787643432617188,50.78764343261719
2025-11-24,Imphal West,5.0,-11.295852661132812,16.295852661132812
2025-11-24,Indore,254.0,426.0621643066406,172.06216430664062
2025-11-24,Jabalpur,136.0,293.5381774902344,157.53817749023438
2025-11-24,Jagatsinghapur,57.0,59.5869140625,2.5869140625
2025-11-24,Jaintia Hills,0.0,-13.690704345703125,13.690704345703125
2025-11-24,Jaipur,445.0,477.7647399902344,32.764739990234375
2025-11-24,Jaisalmer,21.0,32.89051055908203,11.890510559082031
2025-11-24,Jajapur,0.0,-14.820343017578125,14.820343017578125
2025-11-24,Jalandhar,62.0,125.85301208496094,63.85301208496094
2025-11-24,Jalaun,70.0,166.03977966308594,96.03977966308594
2025-11-24,Jalgaon,143.0,115.88864135742188,27.111358642578125
2025-11-24,Jalna,85.0,165.4521484375,80.4521484375
2025-11-24,Jalor,0.0,-16.012664794921875,16.012664794921875
2025-11-24,Jalpaiguri,149.0,161.0966796875,12.0966796875
2025-11-24,Jammu,73.0,127.23593139648438,54.235931396484375
2025-11-24,Jamnagar,53.0,38.84941864013672,14.150581359863281
2025-11-24,Jamtara,70.0,174.11390686035156,104.11390686035156
2025-11-24,Jamui,62.0,281.7242431640625,219.7242431640625
2025-11-24,Janjgir-Champa,81.0,153.2741241455078,72.27412414550781
2025-11-24,Jashpur,23.0,-6.2098388671875,29.2098388671875
2025-11-24,Jaunpur,118.0,378.724609375,260.724609375
2025-11-24,Jehanabad,75.0,126.17790985107422,51.17790985107422
2025-11-24,Jhabua,101.0,357.0726318359375,256.0726318359375
2025-11-24,Jhajjar,28.0,38.594520568847656,10.594520568847656
2025-11-24,Jhalawar,101.0,157.39076232910156,56.39076232910156
2025-11-24,Jhansi,68.0,221.47265625,153.47265625
2025-11-24,Jharsuguda,19.0,-16.278793334960938,35.27879333496094
2025-11-24,Jhunjhunun,0.0,-14.017181396484375,14.017181396484375
2025-11-24,Jind,34.0,139.85858154296875,105.85858154296875
2025-11-24,Jodhpur,252.0,354.63995361328125,102.63995361328125
2025-11-24,Jorhat,53.0,156.36795043945312,103.36795043945312
2025-11-24,Junagadh,94.0,38.640296936035156,55.359703063964844
2025-11-24,Kachchh,158.0,32.604400634765625,125.39559936523438
2025-11-24,Kaimur (Bhabua),0.0,-17.174057006835938,17.174057006835938
2025-11-24,Kaithal,22.0,-3.1179046630859375,25.117904663085938
2025-11-24,Kalahandi,51.0,92.50888061523438,41.508880615234375
2025-11-24,Kamrup,36.0,227.43179321289062,191.43179321289062
2025-11-24,Kancheepuram,0.0,-11.59283447265625,11.59283447265625
2025-11-24,Kandhamal,44.0,-17.919937133789062,61.91993713378906
2025-11-24,Kangra,87.0,94.97592163085938,7.975921630859375
2025-11-24,Kannauj,72.0,175.06558227539062,103.06558227539062
2025-11-24,Kanniyakumari,0.0,-10.0582275390625,10.0582275390625
2025-11-24,Kannur,112.0,231.50466918945312,119.50466918945312
2025-11-24,Kanpur Dehat,55.0,171.51046752929688,116.51046752929688
2025-11-24,Kanpur Nagar,201.0,472.73651123046875,271.73651123046875
2025-11-24,Kapurthala,16.0,129.62445068359375,113.62445068359375
2025-11-24,Karaikal,6.0,-10.76776123046875,16.76776123046875
2025-11-24,Karauli,105.0,170.57872009277344,65.57872009277344
2025-11-24,Karbi Anglong,55.0,248.35960388183594,193.35960388183594
2025-11-24,Kargil,15.0,-10.98345947265625,25.98345947265625
2025-11-24,Karimganj,91.0,196.35694885253906,105.35694885253906
2025-11-24,Karimnagar,86.0,159.3831024169922,73.38310241699219
2025-11-24,Karnal,32.0,67.30548858642578,35.30548858642578
2025-11-24,Karur,67.0,132.21112060546875,65.21112060546875
2025-11-24,Kasaragod,78.0,191.59085083007812,113.59085083007812
2025-11-24,Kathua,67.0,25.824058532714844,41.175941467285156
2025-11-24,Katihar,160.0,300.3212890625,140.3212890625
2025-11-24,Katni,147.0,300.847900390625,153.847900390625
2025-11-24,Kaushambi,69.0,211.0794677734375,142.0794677734375
2025-11-24,Kendrapara,53.0,30.804100036621094,22.195899963378906
2025-11-24,Kendujhar,83.0,13.043876647949219,69.95612335205078
2025-11-24,Khagaria,119.0,219.5074462890625,100.5074462890625
2025-11-24,Khammam,64.0,146.7703399658203,82.77033996582031
2025-11-24,Kheda,99.0,46.91609191894531,52.08390808105469
2025-11-24,Kheri,0.0,-16.220367431640625,16.220367431640625
2025-11-24,Khordha,104.0,118.08099365234375,14.08099365234375
2025-11-24,Khunti,27.0,-17.784591674804688,44.78459167480469
2025-11-24,Kinnaur,7.0,-11.812545776367188,18.812545776367188
2025-11-24,Kiphire,1.0,108.58091735839844,107.58091735839844
2025-11-24,Kishanganj,115.0,190.9931640625,75.9931640625
2025-11-24,Kishtwar,24.0,62.120567321777344,38.120567321777344
2025-11-24,Kodagu,30.0,-14.9378662109375,44.9378662109375
2025-11-24,Kodarma,38.0,16.693382263183594,21.306617736816406
2025-11-24,Kohima,5.0,83.27960205078125,78.27960205078125
2025-11-24,Kokrajhar,21.0,37.967552185058594,16.967552185058594
2025-11-24,Kolar,87.0,112.27149200439453,25.27149200439453
2025-11-24,Kolasib,0.0,-56.64894104003906,56.64894104003906
2025-11-24,Kolhapur,149.0,165.7457275390625,16.7457275390625
2025-11-24,Kolkata,117.0,193.8275146484375,76.8275146484375
2025-11-24,Kollam,97.0,224.91275024414062,127.91275024414062
2025-11-24,Koppal,92.0,162.4320526123047,70.43205261230469
2025-11-24,Koraput,45.0,16.597442626953125,28.402557373046875
2025-11-24,Korba,41.0,119.88032531738281,78.88032531738281
2025-11-24,Koriya,11.0,4.9835052490234375,6.0164947509765625
2025-11-24,Kota,240.0,158.38299560546875,81.61700439453125
2025-11-24,Kottayam,60.0,110.25960540771484,50.259605407714844
2025-11-24,Kozhikode,132.0,235.11447143554688,103.11447143554688
2025-11-24,Krishna,114.0,129.63050842285156,15.630508422851562
2025-11-24,Krishnagiri,104.0,165.05233764648438,61.052337646484375
2025-11-24,Kulgam,25.0,17.751571655273438,7.2484283447265625
2025-11-24,Kullu,22.0,-17.560989379882812,39.56098937988281
2025-11-24,Kupwara,52.0,195.155517578125,143.155517578125
2025-11-24,Kurnool,246.0,189.42315673828125,56.57684326171875
2025-11-24,Kurukshetra,22.0,1.4085845947265625,20.591415405273438
2025-11-24,Kurung Kumey,0.0,0.6070709228515625,0.6070709228515625
2025-11-24,Kushinagar,132.0,307.548095703125,175.548095703125
2025-11-24,Lakhimpur,33.0,129.13668823242188,96.13668823242188
2025-11-24,Lakhisarai,60.0,25.392860412597656,34.607139587402344
2025-11-24,Lakshadweep,0.0,-10.291778564453125,10.291778564453125
2025-11-24,Lalitpur,56.0,185.25901794433594,129.25901794433594
2025-11-24,Latehar,26.0,-18.278076171875,44.278076171875
2025-11-24,Latur,106.0,208.4487762451172,102.44877624511719
2025-11-24,Lawangtlai,0.0,-13.640426635742188,13.640426635742188
2025-11-24,Leh (Ladakh),0.0,-12.969802856445312,12.969802856445312
2025-11-24,Lohardaga,20.0,0.4891510009765625,19.510848999023438
2025-11-24,Lohit,1.0,3.5951385498046875,2.5951385498046875
2025-11-24,Longleng,1.0,27.396095275878906,26.396095275878906
2025-11-24,Lower Dibang Valley,0.0,-1.7049560546875,1.7049560546875
2025-11-24,Lower Subansiri,0.0,4.7700042724609375,4.7700042724609375
2025-11-24,Lucknow,215.0,549.7066650390625,334.7066650390625
2025-11-24,Ludhiana,79.0,213.68356323242188,134.68356323242188
2025-11-24,Lunglei,3.0,-92.12571716308594,95.12571716308594
2025-11-24,Madhepura,89.0,231.57461547851562,142.57461547851562
2025-11-24,Madhubani,239.0,469.4408874511719,230.44088745117188
2025-11-24,Madurai,173.0,210.04815673828125,37.04815673828125
2025-11-24,Maharajganj,114.0,293.94189453125,179.94189453125
2025-11-24,Mahasamund,47.0,165.31297302246094,118.31297302246094
2025-11-24,Mahbubnagar,0.0,-13.365768432617188,13.365768432617188
2025-11-24,Mahendragarh,27.0,134.50982666015625,107.50982666015625
2025-11-24,Mahesana,77.0,9.473808288574219,67.52619171142578
2025-11-24,Mahoba,24.0,28.311019897460938,4.3110198974609375
2025-11-24,Mainpuri,59.0,263.23712158203125,204.23712158203125
2025-11-24,Malappuram,260.0,369.14453125,109.14453125
2025-11-24,Maldah,0.0,-16.08197021484375,16.08197021484375
2025-11-24,Malkangiri,39.0,-9.27301025390625,48.27301025390625
2025-11-24,Mamit,4.0,1.7408599853515625,2.2591400146484375
2025-11-24,Mandi,41.0,18.210418701171875,22.789581298828125
2025-11-24,Mandla,85.0,169.27154541015625,84.27154541015625
2025-11-24,Mandsaur,113.0,230.73789978027344,117.73789978027344
2025-11-24,Mandya,84.0,111.64285278320312,27.642852783203125
2025-11-24,Mansa,7.0,-22.708755493164062,29.708755493164062
2025-11-24,Marigaon,46.0,162.00106811523438,116.00106811523438
2025-11-24,Mathura,118.0,284.4559326171875,166.4559326171875
2025-11-24,Mau,74.0,190.18470764160156,116.18470764160156
2025-11-24,Mayurbhanj,82.0,152.01235961914062,70.01235961914062
2025-11-24,Medak,140.0,217.23171997070312,77.23171997070312
2025-11-24,Meerut,141.0,476.7178039550781,335.7178039550781
2025-11-24,Mirzapur,69.0,222.58973693847656,153.58973693847656
2025-11-24,Moga,4.0,-51.26905822753906,55.26905822753906
2025-11-24,Mokokchung,4.0,-1.325958251953125,5.325958251953125
2025-11-24,Mon,2.0,214.0861053466797,212.0861053466797
2025-11-24,Moradabad,110.0,289.2402038574219,179.24020385742188
2025-11-24,Morena,141.0,324.86468505859375,183.86468505859375
2025-11-24,Muktsar,0.0,-13.886093139648438,13.886093139648438
2025-11-24,Mumbai,575.0,353.6983642578125,221.3016357421875
2025-11-24,Munger,47.0,59.30675506591797,12.306755065917969
2025-11-24,Murshidabad,372.0,374.395751953125,2.395751953125
2025-11-24,Muzaffarnagar,98.0,381.0681457519531,283.0681457519531
2025-11-24,Muzaffarpur,228.0,370.12896728515625,142.12896728515625
2025-11-24,Nabarangapur,0.0,-16.421600341796875,16.421600341796875
2025-11-24,Nadia,154.0,242.98809814453125,88.98809814453125
2025-11-24,Nagaon,85.0,230.59307861328125,145.59307861328125
2025-11-24,Nagappattinam,0.0,-11.089706420898438,11.089706420898438
2025-11-24,Nagaur,177.0,360.55108642578125,183.55108642578125
2025-11-24,Nagpur,194.0,199.13229370117188,5.132293701171875
2025-11-24,Nainital,61.0,73.98621368408203,12.986213684082031
2025-11-24,Nalanda,106.0,342.2940673828125,236.2940673828125
2025-11-24,Nalbari,30.0,107.9462661743164,77.9462661743164
2025-11-24,Nalgonda,103.0,187.30230712890625,84.30230712890625
2025-11-24,Namakkal,74.0,149.64663696289062,75.64663696289062
2025-11-24,Nanded,107.0,230.3993377685547,123.39933776855469
2025-11-24,Nandurbar,97.0,168.5233154296875,71.5233154296875
2025-11-24,Narayanpur,9.0,55.87312316894531,46.87312316894531
2025-11-24,Narmada,26.0,-90.48590087890625,116.48590087890625
2025-11-24,Nashik,292.0,308.3370666503906,16.337066650390625
2025-11-24,Navsari,55.0,-55.51737976074219,110.51737976074219
2025-11-24,Nawada,81.0,368.57061767578125,287.57061767578125
2025-11-24,Nayagarh,28.0,-20.509246826171875,48.509246826171875
2025-11-24,Neemuch,67.0,172.1229248046875,105.1229248046875
2025-11-24,New Delhi,4.0,-42.645843505859375,46.645843505859375
2025-11-24,Nicobar,0.0,-10.6019287109375,10.6019287109375
2025-11-24,Nizamabad,70.0,157.046142578125,87.046142578125
2025-11-24,North,0.0,-15.909271240234375,15.909271240234375
2025-11-24,North & Middle Andaman,0.0,-11.328887939453125,11.328887939453125
2025-11-24,North 24 Parganas,345.0,331.5852966308594,13.414703369140625
2025-11-24,North Goa,29.0,-20.060317993164062,49.06031799316406
2025-11-24,North Tripura,21.0,-17.138504028320312,38.13850402832031
2025-11-24,Nuapada,29.0,-8.90020751953125,37.90020751953125
2025-11-24,Pakur,13.0,-10.720138549804688,23.720138549804688
2025-11-24,Palakkad,117.0,240.56771850585938,123.56771850585938
2025-11-24,Palamu,111.0,234.15553283691406,123.15553283691406
2025-11-24,Pali,142.0,177.66859436035156,35.66859436035156
2025-11-24,Palwal,36.0,180.2423095703125,144.2423095703125
2025-11-24,Panch Mahals,0.0,-14.773910522460938,14.773910522460938
2025-11-24,Panchkula,20.0,-19.437530517578125,39.437530517578125
2025-11-24,Panipat,38.0,110.56552124023438,72.56552124023438
2025-11-24,Panna,121.0,270.8055419921875,149.8055419921875
2025-11-24,Papum Pare,3.0,1.06915283203125,1.93084716796875
2025-11-24,Parbhani,111.0,223.54708862304688,112.54708862304688
2025-11-24,Pashchim Champaran,693.0,755.5714111328125,62.5714111328125
2025-11-24,Pashchim Medinipur,0.0,-15.509689331054688,15.509689331054688
2025-11-24,Pashchimi Singhbhum,249.0,285.49609375,36.49609375
2025-11-24,Patan,56.0,11.0885009765625,44.9114990234375
2025-11-24,Pathanamthitta,28.0,-21.436019897460938,49.43601989746094
2025-11-24,Patiala,26.0,43.56208038330078,17.56208038330078
2025-11-24,Patna,233.0,385.5922546386719,152.59225463867188
2025-11-24,Perambalur,28.0,5.588623046875,22.411376953125
2025-11-24,Peren,1.0,197.70193481445312,196.70193481445312
2025-11-24,Phek,4.0,14.072929382324219,10.072929382324219
2025-11-24,Pilibhit,55.0,230.10067749023438,175.10067749023438
2025-11-24,Pithoragarh,11.0,-32.042572021484375,43.042572021484375
2025-11-24,Porbandar,20.0,-57.185516357421875,77.18551635742188
2025-11-24,Prakasam,141.0,140.16392517089844,0.8360748291015625
2025-11-24,Pratapgarh,127.0,309.9412536621094,182.94125366210938
2025-11-24,Puducherry,38.0,28.078834533691406,9.921165466308594
2025-11-24,Pudukkottai,96.0,175.1724853515625,79.1724853515625
2025-11-24,Pulwama,37.0,65.77716064453125,28.77716064453125
2025-11-24,Punch,27.0,142.8458709716797,115.84587097167969
2025-11-24,Pune,503.0,409.8721618652344,93.12783813476562
2025-11-24,Purba Champaran,0.0,-6.575103759765625,6.575103759765625
2025-11-24,Purba Medinipur,248.0,187.0647735595703,60.93522644042969
2025-11-24,Purbi Singhbhum,13.0,-14.013595581054688,27.013595581054688
2025-11-24,Puri,58.0,29.50714111328125,28.49285888671875
2025-11-24,Puruliya,0.0,-16.2484130859375,16.2484130859375
2025-11-24,Rae Bareli,88.0,234.83663940429688,146.83663940429688
2025-11-24,Raichur,142.0,308.628173828125,166.628173828125
2025-11-24,Raigarh,53.0,12.124748229980469,40.87525177001953
2025-11-24,Raipur,115.0,164.84393310546875,49.84393310546875
2025-11-24,Raisen,80.0,207.33364868164062,127.33364868164062
2025-11-24,Rajgarh,80.0,211.82278442382812,131.82278442382812
2025-11-24,Rajkot,143.0,134.71409606933594,8.285903930664062
2025-11-24,Rajnandgaon,147.0,122.74909210205078,24.25090789794922
2025-11-24,Rajouri,58.0,28.010589599609375,29.989410400390625
2025-11-24,Rajsamand,72.0,80.42669677734375,8.42669677734375
2025-11-24,Ramanagara,0.0,-2.709197998046875,2.709197998046875
2025-11-24,Ramanathapuram,65.0,166.78424072265625,101.78424072265625
2025-11-24,Ramban,29.0,97.70938873291016,68.70938873291016
2025-11-24,Ramgarh,32.0,1.604583740234375,30.395416259765625
2025-11-24,Ranchi,166.0,255.57418823242188,89.57418823242188
2025-11-24,Rangareddy,0.0,-12.980361938476562,12.980361938476562
2025-11-24,Ratlam,134.0,235.40565490722656,101.40565490722656
2025-11-24,Ratnagiri,50.0,6.052093505859375,43.947906494140625
2025-11-24,Rayagada,43.0,-4.699615478515625,47.699615478515625
2025-11-24,Reasi,40.0,12.019157409667969,27.98084259033203
2025-11-24,Rewa,145.0,298.9750061035156,153.97500610351562
2025-11-24,Rewari,34.0,51.705482482910156,17.705482482910156
2025-11-24,Ri Bhoi,9.0,148.1072540283203,139.1072540283203
2025-11-24,Rohtak,40.0,20.911605834960938,19.088394165039062
2025-11-24,Rohtas,162.0,183.51956176757812,21.519561767578125
2025-11-24,Rudraprayag,12.0,-13.890518188476562,25.890518188476562
2025-11-24,Rupnagar,8.0,-28.604644775390625,36.604644775390625
2025-11-24,Sabar Kantha,0.0,-14.038299560546875,14.038299560546875
2025-11-24,Sagar,0.0,-15.257492065429688,15.257492065429688
2025-11-24,Saharanpur,124.0,358.6527099609375,234.6527099609375
2025-11-24,Saharsa,103.0,238.01622009277344,135.01622009277344
2025-11-24,Sahibganj,67.0,245.54119873046875,178.54119873046875
2025-11-24,Sahibzada Ajit Singh Nagar,31.0,22.049514770507812,8.950485229492188
2025-11-24,Saiha,1.0,50.04911804199219,49.04911804199219
2025-11-24,Salem,173.0,207.08807373046875,34.08807373046875
2025-11-24,Samastipur,218.0,385.2894287109375,167.2894287109375
2025-11-24,Samba,10.0,-12.467910766601562,22.467910766601562
2025-11-24,Sambalpur,34.0,-13.776718139648438,47.77671813964844
2025-11-24,Sangli,81.0,127.44866943359375,46.44866943359375
2025-11-24,Sangrur,19.0,-24.319671630859375,43.319671630859375
2025-11-24,Sant Kabir Nagar,80.0,208.9044189453125,128.9044189453125
2025-11-24,Sant Ravi Das Nagar(Bhadohi),0.0,-15.799224853515625,15.799224853515625
2025-11-24,Saraikela-Kharsawan,0.0,-16.22589111328125,16.22589111328125
2025-11-24,Satara,91.0,136.39466857910156,45.39466857910156
2025-11-24,Satna,171.0,314.02740478515625,143.02740478515625
2025-11-24,Sawai Madhopur,116.0,158.31063842773438,42.310638427734375
2025-11-24,Sehore,45.0,76.77520751953125,31.77520751953125
2025-11-24,Senapati,31.0,16.65412139892578,14.345878601074219
2025-11-24,Seoni,97.0,200.80917358398438,103.80917358398438
2025-11-24,Serchhip,0.0,-70.636474609375,70.636474609375
2025-11-24,Shahdol,54.0,187.3767852783203,133.3767852783203
2025-11-24,Shahid Bhagat Singh Nagar,12.0,-45.53959655761719,57.53959655761719
2025-11-24,Shahjahanpur,112.0,287.120849609375,175.120849609375
2025-11-24,Shajapur,64.0,173.739990234375,109.739990234375
2025-11-24,Sheikhpura,35.0,36.975990295410156,1.9759902954101562
2025-11-24,Sheohar,33.0,25.51336669921875,7.48663330078125
2025-11-24,Sheopur,46.0,79.67396545410156,33.67396545410156
2025-11-24,Shimla,44.0,-7.774383544921875,51.774383544921875
2025-11-24,Shivpuri,89.0,217.69378662109375,128.69378662109375
2025-11-24,Siddharth Nagar,110.0,308.5980224609375,198.5980224609375
2025-11-24,Sidhi,76.0,188.43624877929688,112.43624877929688
2025-11-24,Sikar,132.0,178.006591796875,46.006591796875
2025-11-24,Simdega,34.0,-3.0873565673828125,37.08735656738281
2025-11-24,Sindhudurg,20.0,-13.038360595703125,33.038360595703125
2025-11-24,Singrauli,68.0,212.12454223632812,144.12454223632812
2025-11-24,Sirmaur,21.0,-8.601837158203125,29.601837158203125
2025-11-24,Sirohi,75.0,189.54519653320312,114.54519653320312
2025-11-24,Sirsa,39.0,105.10478210449219,66.10478210449219
2025-11-24,Sitamarhi,239.0,344.24908447265625,105.24908447265625
2025-11-24,Sitapur,143.0,371.47833251953125,228.47833251953125
2025-11-24,Sivaganga,69.0,148.13107299804688,79.13107299804688
2025-11-24,Sivasagar,39.0,205.322265625,166.322265625
2025-11-24,Siwan,134.0,340.69091796875,206.69091796875
2025-11-24,Solan,27.0,-16.710113525390625,43.710113525390625
2025-11-24,Solapur,223.0,231.63967895507812,8.639678955078125
2025-11-24,Sonbhadra,45.0,15.92755126953125,29.07244873046875
2025-11-24,Sonipat,46.0,136.50404357910156,90.50404357910156
2025-11-24,Sonitpur,62.0,187.1212615966797,125.12126159667969
2025-11-24,South,0.0,-16.3636474609375,16.3636474609375
2025-11-24,South 24 Parganas,422.0,472.2870178222656,50.287017822265625
2025-11-24,South Andaman,0.0,-11.119873046875,11.119873046875
2025-11-24,South Garo Hills,94.0,98.32743835449219,4.3274383544921875
2025-11-24,South Goa,16.0,-6.4588623046875,22.4588623046875
2025-11-24,South Tripura,56.0,-10.506912231445312,66.50691223144531
2025-11-24,Sri Potti Sriramulu Nellore,88.0,190.06643676757812,102.06643676757812
2025-11-24,Srikakulam,98.0,90.12452697753906,7.8754730224609375
2025-11-24,Srinagar,61.0,122.68474578857422,61.68474578857422
2025-11-24,Subarnapur,13.0,-15.376480102539062,28.376480102539062
2025-11-24,Sultanpur,107.0,283.5442199707031,176.54421997070312
2025-11-24,Sundargarh,63.0,-5.4669647216796875,68.46696472167969
2025-11-24,Supaul,128.0,290.6671142578125,162.6671142578125
2025-11-24,Surat,309.0,274.7734375,34.2265625
2025-11-24,Surendranagar,90.0,33.44562530517578,56.55437469482422
2025-11-24,Surguja,30.0,56.497047424316406,26.497047424316406
2025-11-24,Tamenglong,11.0,26.83246612548828,15.832466125488281
2025-11-24,Tapi,33.0,16.42603302001953,16.57396697998047
2025-11-24,Tarn Taran,19.0,-24.525146484375,43.525146484375
2025-11-24,Tawang,1.0,-51.31034851074219,52.31034851074219
2025-11-24,Tehri Garhwal,27.0,32.81330108642578,5.813301086425781
2025-11-24,Thane,551.0,455.2906494140625,95.7093505859375
2025-11-24,Thanjavur,100.0,174.83126831054688,74.83126831054688
2025-11-24,The Dangs,0.0,-15.229782104492188,15.229782104492188
2025-11-24,The Nilgiris,31.0,2.4797515869140625,28.520248413085938
2025-11-24,Theni,65.0,144.63873291015625,79.63873291015625
2025-11-24,Thiruvallur,0.0,-11.781585693359375,11.781585693359375
2025-11-24,Thiruvananthapuram,103.0,246.47409057617188,143.47409057617188
2025-11-24,Thiruvarur,0.0,-10.49176025390625,10.49176025390625
2025-11-24,Thoothukkudi,0.0,-10.057327270507812,10.057327270507812
2025-11-24,Thoubal,13.0,4.3249664306640625,8.675033569335938
2025-11-24,Thrissur,127.0,257.25079345703125,130.25079345703125
2025-11-24,Tikamgarh,81.0,211.38406372070312,130.38406372070312
2025-11-24,Tinsukia,17.0,82.51974487304688,65.51974487304688
2025-11-24,Tirap,0.0,5.4328765869140625,5.4328765869140625
2025-11-24,Tiruchirappalli,149.0,219.77464294433594,70.77464294433594
2025-11-24,Tirunelveli,150.0,207.8668975830078,57.86689758300781
2025-11-24,Tiruppur,99.0,172.19151306152344,73.19151306152344
2025-11-24,Tiruvannamalai,94.0,140.429443359375,46.429443359375
2025-11-24,Tonk,141.0,65.92440032958984,75.07559967041016
2025-11-24,Tuensang,2.0,24.82513427734375,22.82513427734375
2025-11-24,Tumkur,0.0,-11.606399536132812,11.606399536132812
2025-11-24,Udaipur,207.0,367.8980712890625,160.8980712890625
2025-11-24,Udalguri,25.0,106.13673400878906,81.13673400878906
2025-11-24,Udham Singh Nagar,59.0,185.38558959960938,126.38558959960938
2025-11-24,Udhampur,63.0,15.141166687011719,47.85883331298828
2025-11-24,Udupi,102.0,54.65516662597656,47.34483337402344
2025-11-24,Ujjain,165.0,343.4792175292969,178.47921752929688
2025-11-24,Ukhrul,5.0,15.183738708496094,10.183738708496094
2025-11-24,Umaria,53.0,181.767578125,128.767578125
2025-11-24,Una,16.0,-17.593551635742188,33.59355163574219
2025-11-24,Unnao,108.0,351.2876281738281,243.28762817382812
2025-11-24,Upper Siang,0.0,-2.3809967041015625,2.3809967041015625
2025-11-24,Upper Subansiri,1.0,-35.09318542480469,36.09318542480469
2025-11-24,Uttar Bastar Kanker,0.0,-15.1553955078125,15.1553955078125
2025-11-24,Uttara Kannada,116.0,125.3547592163086,9.354759216308594
2025-11-24,Uttarkashi,10.0,-7.0201416015625,17.0201416015625
2025-11-24,Vadodara,194.0,122.81961822509766,71.18038177490234
2025-11-24,Vaishali,152.0,417.0289001464844,265.0289001464844
2025-11-24,Valsad,91.0,70.13916778564453,20.86083221435547
2025-11-24,Varanasi,181.0,393.9427490234375,212.9427490234375
2025-11-24,Vellore,193.0,163.14068603515625,29.85931396484375
2025-11-24,Vidisha,73.0,221.9805450439453,148.9805450439453
2025-11-24,Viluppuram,236.0,204.83187866210938,31.168121337890625
2025-11-24,Virudunagar,0.0,-9.959747314453125,9.959747314453125
2025-11-24,Visakhapatnam,141.0,129.85508728027344,11.144912719726562
2025-11-24,Vizianagaram,77.0,82.93365478515625,5.93365478515625
2025-11-24,Warangal,50.0,95.49493408203125,45.49493408203125
2025-11-24,Wardha,35.0,-20.638534545898438,55.63853454589844
2025-11-24,Washim,43.0,-30.036239624023438,73.03623962402344
2025-11-24,Wayanad,34.0,-0.362396240234375,34.362396240234375
2025-11-24,West,0.0,-16.0780029296875,16.0780029296875
2025-11-24,West Garo Hills,69.0,365.5799865722656,296.5799865722656
2025-11-24,West Godavari,133.0,117.24702453613281,15.752975463867188
2025-11-24,West Kameng,0.0,0.2303314208984375,0.2303314208984375
2025-11-24,West Khasi Hills,10.0,232.03636169433594,222.03636169433594
2025-11-24,West Tripura,34.0,46.601478576660156,12.601478576660156
2025-11-24,Wokha,0.0,2.7099761962890625,2.7099761962890625
2025-11-24,Yadgir,82.0,146.81640625,64.81640625
2025-11-24,Yamunanagar,49.0,62.11399841308594,13.113998413085938
2025-11-24,Yanam,1.0,-4.6371917724609375,5.6371917724609375
2025-11-24,Yavatmal,93.0,166.56011962890625,73.56011962890625
2025-11-24,Zunheboto,0.0,7.87579345703125,7.87579345703125
2025-12-01,Adilabad,0.0,-11.174331665039062,11.174331665039062
2025-12-01,Agra,0.0,-19.565460205078125,19.565460205078125
2025-12-01,Ahmadabad,0.0,-18.13861083984375,18.13861083984375
2025-12-01,Ahmadnagar,0.0,-16.634918212890625,16.634918212890625
2025-12-01,Aizawl,0.0,17.82939910888672,17.82939910888672
2025-12-01,Ajmer,0.0,159.2939453125,159.2939453125
2025-12-01,Akola,0.0,-3.6143341064453125,3.6143341064453125
2025-12-01,Alappuzha,0.0,86.4843521118164,86.4843521118164
2025-12-01,Aligarh,0.0,349.53546142578125,349.53546142578125
2025-12-01,Alirajpur,0.0,182.0770263671875,182.0770263671875
2025-12-01,Almora,0.0,-35.027130126953125,35.027130126953125
2025-12-01,Alwar,0.0,438.46746826171875,438.46746826171875
2025-12-01,Ambala,0.0,35.44120788574219,35.44120788574219
2025-12-01,Ambedkar Nagar,0.0,124.66764831542969,124.66764831542969
2025-12-01,Amravati,0.0,86.89482116699219,86.89482116699219
2025-12-01,Amreli,0.0,14.907363891601562,14.907363891601562
2025-12-01,Amritsar,0.0,150.04014587402344,150.04014587402344
2025-12-01,Anand,0.0,33.89227294921875,33.89227294921875
2025-12-01,Anantnag,0.0,8.628303527832031,8.628303527832031
2025-12-01,Anjaw,0.0,29.64820098876953,29.64820098876953
2025-12-01,Anugul,0.0,-34.42161560058594,34.42161560058594
2025-12-01,Anuppur,0.0,69.37960052490234,69.37960052490234
2025-12-01,Araria,0.0,296.7767333984375,296.7767333984375
2025-12-01,Ariyalur,0.0,128.80238342285156,128.80238342285156
2025-12-01,Arwal,0.0,2.9565582275390625,2.9565582275390625
2025-12-01,Ashoknagar,0.0,403.0330505371094,403.0330505371094
2025-12-01,Auraiya,0.0,5.5169830322265625,5.5169830322265625
2025-12-01,Aurangabad,0.0,306.4276428222656,306.4276428222656
2025-12-01,Azamgarh,0.0,474.41241455078125,474.41241455078125
2025-12-01,Bagalkot,0.0,-16.600418090820312,16.600418090820312
2025-12-01,Bageshwar,0.0,-24.002456665039062,24.002456665039062
2025-12-01,Baghpat,0.0,133.43463134765625,133.43463134765625
2025-12-01,Bahraich,0.0,474.0599060058594,474.0599060058594
2025-12-01,Baksa,0.0,71.6459732055664,71.6459732055664
2025-12-01,Balaghat,0.0,157.47804260253906,157.47804260253906
2025-12-01,Balangir,0.0,-6.9250946044921875,6.9250946044921875
2025-12-01,Baleshwar,0.0,-18.235794067382812,18.235794067382812
2025-12-01,Ballia,0.0,229.1318359375,229.1318359375
2025-12-01,Balrampur,0.0,504.2644348144531,504.2644348144531
2025-12-01,Banas Kantha,0.0,-18.152740478515625,18.152740478515625
2025-12-01,Banda,0.0,190.41195678710938,190.41195678710938
2025-12-01,Banka,0.0,228.666015625,228.666015625
2025-12-01,Bankura,0.0,160.34902954101562,160.34902954101562
2025-12-01,Banswara,0.0,175.5446319580078,175.5446319580078
2025-12-01,Bara Banki,0.0,-19.069320678710938,19.069320678710938
2025-12-01,Baramula,0.0,-15.535369873046875,15.535369873046875
2025-12-01,Baran,0.0,161.43115234375,161.43115234375
2025-12-01,Barddhaman,0.0,-18.373062133789062,18.373062133789062
2025-12-01,Bareilly,0.0,451.80499267578125,451.80499267578125
2025-12-01,Bargarh,0.0,39.404640197753906,39.404640197753906
2025-12-01,Barmer,0.0,378.9427490234375,378.9427490234375
2025-12-01,Barnala,0.0,-25.705398559570312,25.705398559570312
2025-12-01,Barpeta,0.0,224.61712646484375,224.61712646484375
2025-12-01,Barwani,0.0,236.88934326171875,236.88934326171875
2025-12-01,Bastar,0.0,105.60501098632812,105.60501098632812
2025-12-01,Basti,0.0,369.86798095703125,369.86798095703125
2025-12-01,Bathinda,0.0,-34.93913269042969,34.93913269042969
2025-12-01,Begusarai,0.0,195.88153076171875,195.88153076171875
2025-12-01,Betul,0.0,190.74879455566406,190.74879455566406
2025-12-01,Bhadrak,0.0,4.5059814453125,4.5059814453125
2025-12-01,Bhagalpur,0.0,274.45025634765625,274.45025634765625
2025-12-01,Bhandara,0.0,-35.856842041015625,35.856842041015625
2025-12-01,Bharatpur,0.0,282.21502685546875,282.21502685546875
2025-12-01,Bharuch,0.0,-37.47796630859375,37.47796630859375
2025-12-01,Bhavnagar,0.0,103.18275451660156,103.18275451660156
2025-12-01,Bhilwara,0.0,195.97409057617188,195.97409057617188
2025-12-01,Bhind,0.0,219.7425994873047,219.7425994873047
2025-12-01,Bhiwani,0.0,26.514617919921875,26.514617919921875
2025-12-01,Bhojpur,0.0,281.3459167480469,281.3459167480469
2025-12-01,Bhopal,0.0,259.7367858886719,259.7367858886719
2025-12-01,Bidar,0.0,89.08798217773438,89.08798217773438
2025-12-01,Bijapur,0.0,68.57258605957031,68.57258605957031
2025-12-01,Bijnor,0.0,393.4326477050781,393.4326477050781
2025-12-01,Bikaner,0.0,260.1984558105469,260.1984558105469
2025-12-01,Bilaspur,0.0,227.50767517089844,227.50767517089844
2025-12-01,Birbhum,0.0,220.83914184570312,220.83914184570312
2025-12-01,Bishnupur,0.0,-38.32600402832031,38.32600402832031
2025-12-01,Bokaro,0.0,76.14382934570312,76.14382934570312
2025-12-01,Bongaigaon,0.0,-33.62852478027344,33.62852478027344
2025-12-01,Budaun,0.0,230.35403442382812,230.35403442382812
2025-12-01,Bulandshahr,0.0,348.6959228515625,348.6959228515625
2025-12-01,Buldana,0.0,-18.806182861328125,18.806182861328125
2025-12-01,Bundi,0.0,77.28280639648438,77.28280639648438
2025-12-01,Burhanpur,0.0,144.550537109375,144.550537109375
2025-12-01,Buxar,0.0,89.84214782714844,89.84214782714844
2025-12-01,Cachar,0.0,-16.575531005859375,16.575531005859375
2025-12-01,Central,0.0,-19.03790283203125,19.03790283203125
2025-12-01,Chamba,0.0,-39.36433410644531,39.36433410644531
2025-12-01,Chamoli,0.0,-25.937973022460938,25.937973022460938
2025-12-01,Champawat,0.0,-17.392303466796875,17.392303466796875
2025-12-01,Champhai,0.0,7.725593566894531,7.725593566894531
2025-12-01,Chamrajnagar,0.0,-15.248260498046875,15.248260498046875
2025-12-01,Chandauli,0.0,156.33335876464844,156.33335876464844
2025-12-01,Chandel,0.0,-14.222061157226562,14.222061157226562
2025-12-01,Chandigarh,0.0,-22.96600341796875,22.96600341796875
2025-12-01,Chandrapur,0.0,-26.980636596679688,26.980636596679688
2025-12-01,Changlang,0.0,12.406806945800781,12.406806945800781
2025-12-01,Chatra,0.0,124.03439331054688,124.03439331054688
2025-12-01,Chennai,0.0,230.79559326171875,230.79559326171875
2025-12-01,Chhatarpur,0.0,272.38079833984375,272.38079833984375
2025-12-01,Chhindwara,0.0,206.84962463378906,206.84962463378906
2025-12-01,Chikkaballapura,0.0,16.59278106689453,16.59278106689453
2025-12-01,Chikmagalur,0.0,-15.751678466796875,15.751678466796875
2025-12-01,Chirang,0.0,-26.369033813476562,26.369033813476562
2025-12-01,Chitradurga,0.0,54.497520446777344,54.497520446777344
2025-12-01,Chitrakoot,0.0,132.92616271972656,132.92616271972656
2025-12-01,Chittaurgarh,0.0,-18.120315551757812,18.120315551757812
2025-12-01,Chittoor,0.0,156.70596313476562,156.70596313476562
2025-12-01,Churachandpur,0.0,-60.84297180175781,60.84297180175781
2025-12-01,Churu,0.0,275.2244873046875,275.2244873046875
2025-12-01,Coimbatore,0.0,206.0506134033203,206.0506134033203
2025-12-01,Cuddalore,0.0,196.7980499267578,196.7980499267578
2025-12-01,Cuttack,0.0,14.351631164550781,14.351631164550781
2025-12-01,Dadra & Nagar Haveli,0.0,-16.62493896484375,16.62493896484375
2025-12-01,Dakshin Bastar Dantewada,0.0,-18.549880981445312,18.549880981445312
2025-12-01,Dakshina Kannada,0.0,158.73623657226562,158.73623657226562
2025-12-01,Damoh,0.0,156.93426513671875,156.93426513671875
2025-12-01,Darbhanga,0.0,296.76715087890625,296.76715087890625
2025-12-01,Darrang,0.0,172.9765625,172.9765625
2025-12-01,Datia,0.0,127.18384552001953,127.18384552001953
2025-12-01,Dausa,0.0,118.46441650390625,118.46441650390625
2025-12-01,Davanagere,0.0,5.99420166015625,5.99420166015625
2025-12-01,Debagarh,0.0,-14.914657592773438,14.914657592773438
2025-12-01,Dehradun,0.0,141.31983947753906,141.31983947753906
2025-12-01,Deoghar,0.0,222.703125,222.703125
2025-12-01,Deoria,0.0,216.77371215820312,216.77371215820312
2025-12-01,Dewas,0.0,241.892578125,241.892578125
2025-12-01,Dhalai,0.0,-3.0326080322265625,3.0326080322265625
2025-12-01,Dhamtari,0.0,-18.832046508789062,18.832046508789062
2025-12-01,Dhanbad,0.0,145.12777709960938,145.12777709960938
2025-12-01,Dhar,0.0,254.04107666015625,254.04107666015625
2025-12-01,Dharmapuri,0.0,177.2771759033203,177.2771759033203
2025-12-01,Dharwad,0.0,130.9187774658203,130.9187774658203
2025-12-01,Dhemaji,0.0,102.92037200927734,102.92037200927734
2025-12-01,Dhenkanal,0.0,-30.306716918945312,30.306716918945312
2025-12-01,Dhubri,0.0,146.19615173339844,146.19615173339844
2025-12-01,Dhule,0.0,162.64920043945312,162.64920043945312
2025-12-01,Dibang Valley,0.0,-7.9367523193359375,7.9367523193359375
2025-12-01,Dibrugarh,0.0,83.08111572265625,83.08111572265625
2025-12-01,Dima Hasao,0.0,5.9583892822265625,5.9583892822265625
2025-12-01,Dimapur,0.0,-110.13690185546875,110.13690185546875
2025-12-01,Dindigul,0.0,182.8568115234375,182.8568115234375
2025-12-01,Dindori,0.0,-15.4290771484375,15.4290771484375
2025-12-01,Diu,0.0,-12.222671508789062,12.222671508789062
2025-12-01,Doda,0.0,132.20162963867188,132.20162963867188
2025-12-01,Dumka,0.0,142.04519653320312,142.04519653320312
2025-12-01,Dungarpur,0.0,126.9808578491211,126.9808578491211
2025-12-01,Durg,0.0,-30.334732055664062,30.334732055664062
2025-12-01,East,0.0,-18.581939697265625,18.581939697265625
2025-12-01,East Garo Hills,0.0,94.69697570800781,94.69697570800781
2025-12-01,East Godavari,0.0,82.69657897949219,82.69657897949219
2025-12-01,East Kameng,0.0,-1.1331939697265625,1.1331939697265625
2025-12-01,East Khasi Hills,0.0,317.75604248046875,317.75604248046875
2025-12-01,East Siang,0.0,17.44232940673828,17.44232940673828
2025-12-01,Ernakulam,0.0,172.58242797851562,172.58242797851562
2025-12-01,Erode,0.0,186.04205322265625,186.04205322265625
2025-12-01,Etah,0.0,124.45146179199219,124.45146179199219
2025-12-01,Etawah,0.0,146.88352966308594,146.88352966308594
2025-12-01,Faridabad,0.0,196.2200927734375,196.2200927734375
2025-12-01,Faridkot,0.0,-15.793182373046875,15.793182373046875
2025-12-01,Farrukhabad,0.0,116.58973693847656,116.58973693847656
2025-12-01,Fatehabad,0.0,34.331199645996094,34.331199645996094
2025-12-01,Fatehgarh Sahib,0.0,-28.788284301757812,28.788284301757812
2025-12-01,Fatehpur,0.0,333.35186767578125,333.35186767578125
2025-12-01,Firozabad,0.0,168.38034057617188,168.38034057617188
2025-12-01,Gadag,0.0,48.48643493652344,48.48643493652344
2025-12-01,Gajapati,0.0,-14.717193603515625,14.717193603515625
2025-12-01,Ganderbal,0.0,-18.906829833984375,18.906829833984375
2025-12-01,Gandhinagar,0.0,29.13420867919922,29.13420867919922
2025-12-01,Ganganagar,0.0,46.97441101074219,46.97441101074219
2025-12-01,Ganjam,0.0,76.2891616821289,76.2891616821289
2025-12-01,Garhchiroli,0.0,-19.086959838867188,19.086959838867188
2025-12-01,Garhwa,0.0,83.40847778320312,83.40847778320312
2025-12-01,Gautam Buddha Nagar,0.0,276.1557922363281,276.1557922363281
2025-12-01,Gaya,0.0,463.9074401855469,463.9074401855469
2025-12-01,Ghaziabad,0.0,445.1364440917969,445.1364440917969
2025-12-01,Ghazipur,0.0,240.70521545410156,240.70521545410156
2025-12-01,Giridih,0.0,342.57452392578125,342.57452392578125
2025-12-01,Goalpara,0.0,82.95928192138672,82.95928192138672
2025-12-01,Godda,0.0,174.49908447265625,174.49908447265625
2025-12-01,Golaghat,0.0,168.6239471435547,168.6239471435547
2025-12-01,Gonda,0.0,255.95777893066406,255.95777893066406
2025-12-01,Gondiya,0.0,-19.429031372070312,19.429031372070312
2025-12-01,Gopalganj,0.0,185.70071411132812,185.70071411132812
2025-12-01,Gorakhpur,0.0,381.0562744140625,381.0562744140625
2025-12-01,Gumla,0.0,110.00666809082031,110.00666809082031
2025-12-01,Guna,0.0,158.1924285888672,158.1924285888672
2025-12-01,Guntur,0.0,122.1861572265625,122.1861572265625
2025-12-01,Gurdaspur,0.0,54.107460021972656,54.107460021972656
2025-12-01,Gwalior,0.0,289.37432861328125,289.37432861328125
2025-12-01,Hailakandi,0.0,95.12301635742188,95.12301635742188
2025-12-01,Hamirpur,0.0,60.43194580078125,60.43194580078125
2025-12-01,Hanumangarh,0.0,23.398406982421875,23.398406982421875
2025-12-01,Harda,0.0,11.420608520507812,11.420608520507812
2025-12-01,Hardoi,0.0,425.2267761230469,425.2267761230469
2025-12-01,Hardwar,0.0,-18.158065795898438,18.158065795898438
2025-12-01,Hassan,0.0,18.855812072753906,18.855812072753906
2025-12-01,Haveri,0.0,34.443450927734375,34.443450927734375
2025-12-01,Hazaribagh,0.0,81.91009521484375,81.91009521484375
2025-12-01,Hingoli,0.0,53.29613494873047,53.29613494873047
2025-12-01,Hisar,0.0,133.5380859375,133.5380859375
2025-12-01,Hoshiarpur,0.0,-4.835723876953125,4.835723876953125
2025-12-01,Hyderabad,0.0,408.22607421875,408.22607421875
2025-12-01,Idukki,0.0,-50.8485107421875,50.8485107421875
2025-12-01,Imphal East,0.0,-35.89453125,35.89453125
2025-12-01,Imphal West,0.0,-28.345306396484375,28.345306396484375
2025-12-01,Indore,0.0,427.6949157714844,427.6949157714844
2025-12-01,Jabalpur,0.0,284.6683349609375,284.6683349609375
2025-12-01,Jagatsinghapur,0.0,-3.50689697265625,3.50689697265625
2025-12-01,Jaintia Hills,0.0,-16.644317626953125,16.644317626953125
2025-12-01,Jaipur,0.0,546.3345947265625,546.3345947265625
2025-12-01,Jaisalmer,0.0,-36.38519287109375,36.38519287109375
2025-12-01,Jajapur,0.0,-18.258193969726562,18.258193969726562
2025-12-01,Jalandhar,0.0,61.402931213378906,61.402931213378906
2025-12-01,Jalaun,0.0,80.93576049804688,80.93576049804688
2025-12-01,Jalgaon,0.0,94.39480590820312,94.39480590820312
2025-12-01,Jalna,0.0,99.34260559082031,99.34260559082031
2025-12-01,Jalor,0.0,-19.0218505859375,19.0218505859375
2025-12-01,Jalpaiguri,0.0,113.665771484375,113.665771484375
2025-12-01,Jammu,0.0,83.53416442871094,83.53416442871094
2025-12-01,Jamnagar,0.0,-7.753265380859375,7.753265380859375
2025-12-01,Jamtara,0.0,115.10652160644531,115.10652160644531
2025-12-01,Jamui,0.0,223.42308044433594,223.42308044433594
2025-12-01,Janjgir-Champa,0.0,82.25965881347656,82.25965881347656
2025-12-01,Jashpur,0.0,-18.387908935546875,18.387908935546875
2025-12-01,Jaunpur,0.0,377.7713623046875,377.7713623046875
2025-12-01,Jehanabad,0.0,19.043106079101562,19.043106079101562
2025-12-01,Jhabua,0.0,365.0265808105469,365.0265808105469
2025-12-01,Jhajjar,0.0,-22.685211181640625,22.685211181640625
2025-12-01,Jhalawar,0.0,157.37664794921875,157.37664794921875
2025-12-01,Jhansi,0.0,155.238525390625,155.238525390625
2025-12-01,Jharsuguda,0.0,-22.386093139648438,22.386093139648438
2025-12-01,Jhunjhunun,0.0,-17.989913940429688,17.989913940429688
2025-12-01,Jind,0.0,81.02224731445312,81.02224731445312
2025-12-01,Jodhpur,0.0,431.1355285644531,431.1355285644531
2025-12-01,Jorhat,0.0,140.8450164794922,140.8450164794922
2025-12-01,Junagadh,0.0,54.361297607421875,54.361297607421875
2025-12-01,Kachchh,0.0,104.74476623535156,104.74476623535156
2025-12-01,Kaimur (Bhabua),0.0,-20.265182495117188,20.265182495117188
2025-12-01,Kaithal,0.0,-20.934036254882812,20.934036254882812
2025-12-01,Kalahandi,0.0,-10.861862182617188,10.861862182617188
2025-12-01,Kamrup,0.0,158.28524780273438,158.28524780273438
2025-12-01,Kancheepuram,0.0,-15.519241333007812,15.519241333007812
2025-12-01,Kandhamal,0.0,-26.58477783203125,26.58477783203125
2025-12-01,Kangra,0.0,54.336273193359375,54.336273193359375
2025-12-01,Kannauj,0.0,113.84132385253906,113.84132385253906
2025-12-01,Kanniyakumari,0.0,-13.619781494140625,13.619781494140625
2025-12-01,Kannur,0.0,200.9099578857422,200.9099578857422
2025-12-01,Kanpur Dehat,0.0,103.69580078125,103.69580078125
2025-12-01,Kanpur Nagar,0.0,472.57623291015625,472.57623291015625
2025-12-01,Kapurthala,0.0,111.5654296875,111.5654296875
2025-12-01,Karaikal,0.0,-38.63592529296875,38.63592529296875
2025-12-01,Karauli,0.0,159.82937622070312,159.82937622070312
2025-12-01,Karbi Anglong,0.0,197.12254333496094,197.12254333496094
2025-12-01,Kargil,0.0,-22.421585083007812,22.421585083007812
2025-12-01,Karimganj,0.0,148.01197814941406,148.01197814941406
2025-12-01,Karimnagar,0.0,94.77946472167969,94.77946472167969
2025-12-01,Karnal,0.0,37.326393127441406,37.326393127441406
2025-12-01,Karur,0.0,125.63389587402344,125.63389587402344
2025-12-01,Kasaragod,0.0,112.53633117675781,112.53633117675781
2025-12-01,Kathua,0.0,-1.9991607666015625,1.9991607666015625
2025-12-01,Katihar,0.0,261.41778564453125,261.41778564453125
2025-12-01,Katni,0.0,245.09121704101562,245.09121704101562
2025-12-01,Kaushambi,0.0,135.97976684570312,135.97976684570312
2025-12-01,Kendrapara,0.0,16.068931579589844,16.068931579589844
2025-12-01,Kendujhar,0.0,-23.93511962890625,23.93511962890625
2025-12-01,Khagaria,0.0,119.04386901855469,119.04386901855469
2025-12-01,Khammam,0.0,62.702301025390625,62.702301025390625
2025-12-01,Kheda,0.0,31.75555419921875,31.75555419921875
2025-12-01,Kheri,0.0,-19.484954833984375,19.484954833984375
2025-12-01,Khordha,0.0,68.36457061767578,68.36457061767578
2025-12-01,Khunti,0.0,-21.711715698242188,21.711715698242188
2025-12-01,Kinnaur,0.0,-52.839691162109375,52.839691162109375
2025-12-01,Kiphire,0.0,-70.98968505859375,70.98968505859375
2025-12-01,Kishanganj,0.0,116.19636535644531,116.19636535644531
2025-12-01,Kishtwar,0.0,9.07965087890625,9.07965087890625
2025-12-01,Kodagu,0.0,-59.31459045410156,59.31459045410156
2025-12-01,Kodarma,0.0,1.247283935546875,1.247283935546875
2025-12-01,Kohima,0.0,-119.43922424316406,119.43922424316406
2025-12-01,Kokrajhar,0.0,7.123802185058594,7.123802185058594
2025-12-01,Kolar,0.0,79.85518646240234,79.85518646240234
2025-12-01,Kolasib,0.0,-88.15577697753906,88.15577697753906
2025-12-01,Kolhapur,0.0,150.3997039794922,150.3997039794922
2025-12-01,Kolkata,0.0,178.5316925048828,178.5316925048828
2025-12-01,Kollam,0.0,192.4413604736328,192.4413604736328
2025-12-01,Koppal,0.0,102.12651062011719,102.12651062011719
2025-12-01,Koraput,0.0,-34.89678955078125,34.89678955078125
2025-12-01,Korba,0.0,22.700164794921875,22.700164794921875
2025-12-01,Koriya,0.0,-18.870086669921875,18.870086669921875
2025-12-01,Kota,0.0,132.03501892089844,132.03501892089844
2025-12-01,Kottayam,0.0,51.801002502441406,51.801002502441406
2025-12-01,Kozhikode,0.0,194.70652770996094,194.70652770996094
2025-12-01,Krishna,0.0,89.9280014038086,89.9280014038086
2025-12-01,Krishnagiri,0.0,140.01744079589844,140.01744079589844
2025-12-01,Kulgam,0.0,-62.80549621582031,62.80549621582031
2025-12-01,Kullu,0.0,-42.55174255371094,42.55174255371094
2025-12-01,Kupwara,0.0,100.21339416503906,100.21339416503906
2025-12-01,Kurnool,0.0,185.25062561035156,185.25062561035156
2025-12-01,Kurukshetra,0.0,-15.797454833984375,15.797454833984375
2025-12-01,Kurung Kumey,0.0,36.174781799316406,36.174781799316406
2025-12-01,Kushinagar,0.0,253.23606872558594,253.23606872558594
2025-12-01,Lakhimpur,0.0,53.49006652832031,53.49006652832031
2025-12-01,Lakhisarai,0.0,14.542808532714844,14.542808532714844
2025-12-01,Lakshadweep,0.0,-14.31890869140625,14.31890869140625
2025-12-01,Lalitpur,0.0,142.3387451171875,142.3387451171875
2025-12-01,Latehar,0.0,-14.208694458007812,14.208694458007812
2025-12-01,Latur,0.0,147.86387634277344,147.86387634277344
2025-12-01,Lawangtlai,0.0,-16.451507568359375,16.451507568359375
2025-12-01,Leh (Ladakh),0.0,-16.605255126953125,16.605255126953125
2025-12-01,Lohardaga,0.0,-6.88629150390625,6.88629150390625
2025-12-01,Lohit,0.0,3.3905181884765625,3.3905181884765625
2025-12-01,Longleng,0.0,-108.31642150878906,108.31642150878906
2025-12-01,Lower Dibang Valley,0.0,19.05449676513672,19.05449676513672
2025-12-01,Lower Subansiri,0.0,-8.979141235351562,8.979141235351562
2025-12-01,Lucknow,0.0,536.59423828125,536.59423828125
2025-12-01,Ludhiana,0.0,226.94952392578125,226.94952392578125
2025-12-01,Lunglei,0.0,29.343154907226562,29.343154907226562
2025-12-01,Madhepura,0.0,158.79110717773438,158.79110717773438
2025-12-01,Madhubani,0.0,455.8276062011719,455.8276062011719
2025-12-01,Madurai,0.0,235.99681091308594,235.99681091308594
2025-12-01,Maharajganj,0.0,253.81048583984375,253.81048583984375
2025-12-01,Mahasamund,0.0,87.92144012451172,87.92144012451172
2025-12-01,Mahbubnagar,0.0,-17.344085693359375,17.344085693359375
2025-12-01,Mahendragarh,0.0,77.38153076171875,77.38153076171875
2025-12-01,Mahesana,0.0,-1.3746185302734375,1.3746185302734375
2025-12-01,Mahoba,0.0,-1.8357086181640625,1.8357086181640625
2025-12-01,Mainpuri,0.0,197.975341796875,197.975341796875
2025-12-01,Malappuram,0.0,373.65447998046875,373.65447998046875
2025-12-01,Maldah,0.0,-18.4635009765625,18.4635009765625
2025-12-01,Malkangiri,0.0,-31.469940185546875,31.469940185546875
2025-12-01,Mamit,0.0,-15.249038696289062,15.249038696289062
2025-12-01,Mandi,0.0,-22.859588623046875,22.859588623046875
2025-12-01,Mandla,0.0,136.35523986816406,136.35523986816406
2025-12-01,Mandsaur,0.0,231.54632568359375,231.54632568359375
2025-12-01,Mandya,0.0,99.33198547363281,99.33198547363281
2025-12-01,Mansa,0.0,-17.194564819335938,17.194564819335938
2025-12-01,Marigaon,0.0,142.51319885253906,142.51319885253906
2025-12-01,Mathura,0.0,263.7156066894531,263.7156066894531
2025-12-01,Mau,0.0,134.39808654785156,134.39808654785156
2025-12-01,Mayurbhanj,0.0,129.07688903808594,129.07688903808594
2025-12-01,Medak,0.0,175.08108520507812,175.08108520507812
2025-12-01,Meerut,0.0,473.0167541503906,473.0167541503906
2025-12-01,Mirzapur,0.0,177.2522430419922,177.2522430419922
2025-12-01,Moga,0.0,-7.170745849609375,7.170745849609375
2025-12-01,Mokokchung,0.0,-127.29736328125,127.29736328125
2025-12-01,Mon,0.0,-43.24827575683594,43.24827575683594
2025-12-01,Moradabad,0.0,283.1164245605469,283.1164245605469
2025-12-01,Morena,0.0,305.3951721191406,305.3951721191406
2025-12-01,Muktsar,0.0,-17.475601196289062,17.475601196289062
2025-12-01,Mumbai,0.0,388.0379333496094,388.0379333496094
2025-12-01,Munger,0.0,12.359596252441406,12.359596252441406
2025-12-01,Murshidabad,0.0,377.9595642089844,377.9595642089844
2025-12-01,Muzaffarnagar,0.0,341.3246154785156,341.3246154785156
2025-12-01,Muzaffarpur,0.0,302.96295166015625,302.96295166015625
2025-12-01,Nabarangapur,0.0,-19.418182373046875,19.418182373046875
2025-12-01,Nadia,0.0,235.1279296875,235.1279296875
2025-12-01,Nagaon,0.0,189.3817901611328,189.3817901611328
2025-12-01,Nagappattinam,0.0,-15.0787353515625,15.0787353515625
2025-12-01,Nagaur,0.0,359.21343994140625,359.21343994140625
2025-12-01,Nagpur,0.0,179.15945434570312,179.15945434570312
2025-12-01,Nainital,0.0,19.555809020996094,19.555809020996094
2025-12-01,Nalanda,0.0,251.5878448486328,251.5878448486328
2025-12-01,Nalbari,0.0,17.668167114257812,17.668167114257812
2025-12-01,Nalgonda,0.0,130.2913818359375,130.2913818359375
2025-12-01,Namakkal,0.0,141.0270538330078,141.0270538330078
2025-12-01,Nanded,0.0,180.26504516601562,180.26504516601562
2025-12-01,Nandurbar,0.0,138.67202758789062,138.67202758789062
2025-12-01,Narayanpur,0.0,29.922569274902344,29.922569274902344
2025-12-01,Narmada,0.0,-28.279342651367188,28.279342651367188
2025-12-01,Nashik,0.0,321.19659423828125,321.19659423828125
2025-12-01,Navsari,0.0,-33.32078552246094,33.32078552246094
2025-12-01,Nawada,0.0,293.2164306640625,293.2164306640625
2025-12-01,Nayagarh,0.0,-45.76670837402344,45.76670837402344
2025-12-01,Neemuch,0.0,154.93479919433594,154.93479919433594
2025-12-01,New Delhi,0.0,-61.961700439453125,61.961700439453125
2025-12-01,Nicobar,0.0,-12.421295166015625,12.421295166015625
2025-12-01,Nizamabad,0.0,110.53154754638672,110.53154754638672
2025-12-01,North,0.0,-18.442459106445312,18.442459106445312
2025-12-01,North & Middle Andaman,0.0,-13.77886962890625,13.77886962890625
2025-12-01,North 24 Parganas,0.0,351.6726989746094,351.6726989746094
2025-12-01,North Goa,0.0,-7.184967041015625,7.184967041015625
2025-12-01,North Tripura,0.0,-40.37947082519531,40.37947082519531
2025-12-01,Nuapada,0.0,-17.834396362304688,17.834396362304688
2025-12-01,Pakur,0.0,-44.700714111328125,44.700714111328125
2025-12-01,Palakkad,0.0,201.96910095214844,201.96910095214844
2025-12-01,Palamu,0.0,211.943359375,211.943359375
2025-12-01,Pali,0.0,174.06533813476562,174.06533813476562
2025-12-01,Palwal,0.0,141.0094451904297,141.0094451904297
2025-12-01,Panch Mahals,0.0,-18.489639282226562,18.489639282226562
2025-12-01,Panchkula,0.0,-33.56439208984375,33.56439208984375
2025-12-01,Panipat,0.0,58.367027282714844,58.367027282714844
2025-12-01,Panna,0.0,201.84393310546875,201.84393310546875
2025-12-01,Papum Pare,0.0,10.884902954101562,10.884902954101562
2025-12-01,Parbhani,0.0,178.0097198486328,178.0097198486328
2025-12-01,Pashchim Champaran,0.0,759.5680541992188,759.5680541992188
2025-12-01,Pashchim Medinipur,0.0,-18.271224975585938,18.271224975585938
2025-12-01,Pashchimi Singhbhum,0.0,257.8465270996094,257.8465270996094
2025-12-01,Patan,0.0,68.52397918701172,68.52397918701172
2025-12-01,Pathanamthitta,0.0,-44.0765380859375,44.0765380859375
2025-12-01,Patiala,0.0,-8.68670654296875,8.68670654296875
2025-12-01,Patna,0.0,325.5080871582031,325.5080871582031
2025-12-01,Perambalur,0.0,-12.017669677734375,12.017669677734375
2025-12-01,Peren,0.0,16.476699829101562,16.476699829101562
2025-12-01,Phek,0.0,-106.74885559082031,106.74885559082031
2025-12-01,Pilibhit,0.0,128.2045440673828,128.2045440673828
2025-12-01,Pithoragarh,0.0,-35.32484436035156,35.32484436035156
2025-12-01,Porbandar,0.0,-92.28363037109375,92.28363037109375
2025-12-01,Prakasam,0.0,118.54375457763672,118.54375457763672
2025-12-01,Pratapgarh,0.0,277.10162353515625,277.10162353515625
2025-12-01,Puducherry,0.0,-2.5251312255859375,2.5251312255859375
2025-12-01,Pudukkottai,0.0,199.47445678710938,199.47445678710938
2025-12-01,Pulwama,0.0,-25.399169921875,25.399169921875
2025-12-01,Punch,0.0,51.10913848876953,51.10913848876953
2025-12-01,Pune,0.0,479.1484069824219,479.1484069824219
2025-12-01,Purba Champaran,0.0,-12.110305786132812,12.110305786132812
2025-12-01,Purba Medinipur,0.0,185.07672119140625,185.07672119140625
2025-12-01,Purbi Singhbhum,0.0,-19.812515258789062,19.812515258789062
2025-12-01,Puri,0.0,-1.519744873046875,1.519744873046875
2025-12-01,Puruliya,0.0,-18.750457763671875,18.750457763671875
2025-12-01,Rae Bareli,0.0,184.88980102539062,184.88980102539062
2025-12-01,Raichur,0.0,292.93701171875,292.93701171875
2025-12-01,Raigarh,0.0,-11.297088623046875,11.297088623046875
2025-12-01,Raipur,0.0,138.6781768798828,138.6781768798828
2025-12-01,Raisen,0.0,176.59048461914062,176.59048461914062
2025-12-01,Rajgarh,0.0,146.39859008789062,146.39859008789062
2025-12-01,Rajkot,0.0,171.75067138671875,171.75067138671875
2025-12-01,Rajnandgaon,0.0,127.17526245117188,127.17526245117188
2025-12-01,Rajouri,0.0,18.594436645507812,18.594436645507812
2025-12-01,Rajsamand,0.0,28.373367309570312,28.373367309570312
2025-12-01,Ramanagara,0.0,-22.259735107421875,22.259735107421875
2025-12-01,Ramanathapuram,0.0,162.19857788085938,162.19857788085938
2025-12-01,Ramban,0.0,5.096343994140625,5.096343994140625
2025-12-01,Ramgarh,0.0,-28.691253662109375,28.691253662109375
2025-12-01,Ranchi,0.0,230.22076416015625,230.22076416015625
2025-12-01,Rangareddy,0.0,-17.358688354492188,17.358688354492188
2025-12-01,Ratlam,0.0,207.3782196044922,207.3782196044922
2025-12-01,Ratnagiri,0.0,-47.660125732421875,47.660125732421875
2025-12-01,Rayagada,0.0,-26.4796142578125,26.4796142578125
2025-12-01,Reasi,0.0,7.562164306640625,7.562164306640625
2025-12-01,Rewa,0.0,266.53448486328125,266.53448486328125
2025-12-01,Rewari,0.0,10.866477966308594,10.866477966308594
2025-12-01,Ri Bhoi,0.0,151.6644744873047,151.6644744873047
2025-12-01,Rohtak,0.0,-17.13189697265625,17.13189697265625
2025-12-01,Rohtas,0.0,154.07896423339844,154.07896423339844
2025-12-01,Rudraprayag,0.0,-28.06341552734375,28.06341552734375
2025-12-01,Rupnagar,0.0,-22.81207275390625,22.81207275390625
2025-12-01,Sabar Kantha,0.0,-18.015975952148438,18.015975952148438
2025-12-01,Sagar,0.0,-18.999542236328125,18.999542236328125
2025-12-01,Saharanpur,0.0,331.9129638671875,331.9129638671875
2025-12-01,Saharsa,0.0,176.55010986328125,176.55010986328125
2025-12-01,Sahibganj,0.0,229.86634826660156,229.86634826660156
2025-12-01,Sahibzada Ajit Singh Nagar,0.0,-9.168014526367188,9.168014526367188
2025-12-01,Saiha,0.0,7.3039703369140625,7.3039703369140625
2025-12-01,Salem,0.0,238.5396728515625,238.5396728515625
2025-12-01,Samastipur,0.0,354.5926513671875,354.5926513671875
2025-12-01,Samba,0.0,-20.033538818359375,20.033538818359375
2025-12-01,Sambalpur,0.0,-31.026962280273438,31.026962280273438
2025-12-01,Sangli,0.0,78.90385437011719,78.90385437011719
2025-12-01,Sangrur,0.0,-13.478286743164062,13.478286743164062
2025-12-01,Sant Kabir Nagar,0.0,157.71267700195312,157.71267700195312
2025-12-01,Sant Ravi Das Nagar(Bhadohi),0.0,-19.04840087890625,19.04840087890625
2025-12-01,Saraikela-Kharsawan,0.0,-19.010421752929688,19.010421752929688
2025-12-01,Satara,0.0,92.51355743408203,92.51355743408203
2025-12-01,Satna,0.0,266.728271484375,266.728271484375
2025-12-01,Sawai Madhopur,0.0,117.67738342285156,117.67738342285156
2025-12-01,Sehore,0.0,50.880027770996094,50.880027770996094
2025-12-01,Senapati,0.0,-35.10990905761719,35.10990905761719
2025-12-01,Seoni,0.0,140.85569763183594,140.85569763183594
2025-12-01,Serchhip,0.0,-40.96038818359375,40.96038818359375
2025-12-01,Shahdol,0.0,71.52255249023438,71.52255249023438
2025-12-01,Shahid Bhagat Singh Nagar,0.0,-5.7294464111328125,5.7294464111328125
2025-12-01,Shahjahanpur,0.0,264.0272216796875,264.0272216796875
2025-12-01,Shajapur,0.0,156.72128295898438,156.72128295898438
2025-12-01,Sheikhpura,0.0,-19.86834716796875,19.86834716796875
2025-12-01,Sheohar,0.0,0.9574127197265625,0.9574127197265625
2025-12-01,Sheopur,0.0,77.55854034423828,77.55854034423828
2025-12-01,Shimla,0.0,-30.184707641601562,30.184707641601562
2025-12-01,Shivpuri,0.0,200.63327026367188,200.63327026367188
2025-12-01,Siddharth Nagar,0.0,296.2666015625,296.2666015625
2025-12-01,Sidhi,0.0,130.3686981201172,130.3686981201172
2025-12-01,Sikar,0.0,189.2050018310547,189.2050018310547
2025-12-01,Simdega,0.0,-70.50396728515625,70.50396728515625
2025-12-01,Sindhudurg,0.0,-41.15953063964844,41.15953063964844
2025-12-01,Singrauli,0.0,135.82260131835938,135.82260131835938
2025-12-01,Sirmaur,0.0,-32.53010559082031,32.53010559082031
2025-12-01,Sirohi,0.0,227.8190460205078,227.8190460205078
2025-12-01,Sirsa,0.0,48.10601806640625,48.10601806640625
2025-12-01,Sitamarhi,0.0,350.29339599609375,350.29339599609375
2025-12-01,Sitapur,0.0,385.0819091796875,385.0819091796875
2025-12-01,Sivaganga,0.0,157.96803283691406,157.96803283691406
2025-12-01,Sivasagar,0.0,44.3045654296875,44.3045654296875
2025-12-01,Siwan,0.0,309.8438415527344,309.8438415527344
2025-12-01,Solan,0.0,-32.973388671875,32.973388671875
2025-12-01,Solapur,0.0,224.24156188964844,224.24156188964844
2025-12-01,Sonbhadra,0.0,20.02953338623047,20.02953338623047
2025-12-01,Sonipat,0.0,86.23405456542969,86.23405456542969
2025-12-01,Sonitpur,0.0,190.68743896484375,190.68743896484375
2025-12-01,South,0.0,-18.953079223632812,18.953079223632812
2025-12-01,South 24 Parganas,0.0,468.1119384765625,468.1119384765625
2025-12-01,South Andaman,0.0,-13.423248291015625,13.423248291015625
2025-12-01,South Garo Hills,0.0,42.034996032714844,42.034996032714844
2025-12-01,South Goa,0.0,-5.9022064208984375,5.9022064208984375
2025-12-01,South Tripura,0.0,-24.934356689453125,24.934356689453125
2025-12-01,Sri Potti Sriramulu Nellore,0.0,162.94082641601562,162.94082641601562
2025-12-01,Srikakulam,0.0,39.909584045410156,39.909584045410156
2025-12-01,Srinagar,0.0,28.30060577392578,28.30060577392578
2025-12-01,Subarnapur,0.0,-28.313552856445312,28.313552856445312
2025-12-01,Sultanpur,0.0,216.00668334960938,216.00668334960938
2025-12-01,Sundargarh,0.0,-33.053955078125,33.053955078125
2025-12-01,Supaul,0.0,314.45709228515625,314.45709228515625
2025-12-01,Surat,0.0,301.10076904296875,301.10076904296875
2025-12-01,Surendranagar,0.0,60.30494689941406,60.30494689941406
2025-12-01,Surguja,0.0,39.642364501953125,39.642364501953125
2025-12-01,Tamenglong,0.0,-37.4400634765625,37.4400634765625
2025-12-01,Tapi,0.0,-43.68040466308594,43.68040466308594
2025-12-01,Tarn Taran,0.0,-18.025543212890625,18.025543212890625
2025-12-01,Tawang,0.0,11.27362060546875,11.27362060546875
2025-12-01,Tehri Garhwal,0.0,-15.978805541992188,15.978805541992188
2025-12-01,Thane,0.0,482.5646057128906,482.5646057128906
2025-12-01,Thanjavur,0.0,185.49481201171875,185.49481201171875
2025-12-01,The Dangs,0.0,-18.665313720703125,18.665313720703125
2025-12-01,The Nilgiris,0.0,-9.851760864257812,9.851760864257812
2025-12-01,Theni,0.0,130.13438415527344,130.13438415527344
2025-12-01,Thiruvallur,0.0,-15.749771118164062,15.749771118164062
2025-12-01,Thiruvananthapuram,0.0,224.44415283203125,224.44415283203125
2025-12-01,Thiruvarur,0.0,-14.7711181640625,14.7711181640625
2025-12-01,Thoothukkudi,0.0,-13.797897338867188,13.797897338867188
2025-12-01,Thoubal,0.0,-16.173660278320312,16.173660278320312
2025-12-01,Thrissur,0.0,226.2703857421875,226.2703857421875
2025-12-01,Tikamgarh,0.0,159.59292602539062,159.59292602539062
2025-12-01,Tinsukia,0.0,64.193359375,64.193359375
2025-12-01,Tirap,0.0,-22.23492431640625,22.23492431640625
2025-12-01,Tiruchirappalli,0.0,236.00494384765625,236.00494384765625
2025-12-01,Tirunelveli,0.0,240.71974182128906,240.71974182128906
2025-12-01,Tiruppur,0.0,182.77735900878906,182.77735900878906
2025-12-01,Tiruvannamalai,0.0,146.748046875,146.748046875
2025-12-01,Tonk,0.0,105.50650024414062,105.50650024414062
2025-12-01,Tuensang,0.0,-33.49407958984375,33.49407958984375
2025-12-01,Tumkur,0.0,-15.877731323242188,15.877731323242188
2025-12-01,Udaipur,0.0,412.3836975097656,412.3836975097656
2025-12-01,Udalguri,0.0,41.72624969482422,41.72624969482422
2025-12-01,Udham Singh Nagar,0.0,129.07797241210938,129.07797241210938
2025-12-01,Udhampur,0.0,21.649673461914062,21.649673461914062
2025-12-01,Udupi,0.0,-10.660858154296875,10.660858154296875
2025-12-01,Ujjain,0.0,372.5732727050781,372.5732727050781
2025-12-01,Ukhrul,0.0,-12.721588134765625,12.721588134765625
2025-12-01,Umaria,0.0,118.352294921875,118.352294921875
2025-12-01,Una,0.0,-25.7191162109375,25.7191162109375
2025-12-01,Unnao,0.0,278.4718017578125,278.4718017578125
2025-12-01,Upper Siang,0.0,17.992599487304688,17.992599487304688
2025-12-01,Upper Subansiri,0.0,-29.166229248046875,29.166229248046875
2025-12-01,Uttar Bastar Kanker,0.0,-18.796417236328125,18.796417236328125
2025-12-01,Uttara Kannada,0.0,93.64691162109375,93.64691162109375
2025-12-01,Uttarkashi,0.0,-37.18389892578125,37.18389892578125
2025-12-01,Vadodara,0.0,142.1216278076172,142.1216278076172
2025-12-01,Vaishali,0.0,359.4515686035156,359.4515686035156
2025-12-01,Valsad,0.0,67.68248748779297,67.68248748779297
2025-12-01,Varanasi,0.0,353.7960205078125,353.7960205078125
2025-12-01,Vellore,0.0,175.76498413085938,175.76498413085938
2025-12-01,Vidisha,0.0,146.5650634765625,146.5650634765625
2025-12-01,Viluppuram,0.0,217.95925903320312,217.95925903320312
2025-12-01,Virudunagar,0.0,-14.118316650390625,14.118316650390625
2025-12-01,Visakhapatnam,0.0,89.09872436523438,89.09872436523438
2025-12-01,Vizianagaram,0.0,20.112709045410156,20.112709045410156
2025-12-01,Warangal,0.0,2.99627685546875,2.99627685546875
2025-12-01,Wardha,0.0,-28.498397827148438,28.498397827148438
2025-12-01,Washim,0.0,-46.81201171875,46.81201171875
2025-12-01,Wayanad,0.0,-38.40266418457031,38.40266418457031
2025-12-01,West,0.0,-18.763320922851562,18.763320922851562
2025-12-01,West Garo Hills,0.0,145.25662231445312,145.25662231445312
2025-12-01,West Godavari,0.0,62.64154052734375,62.64154052734375
2025-12-01,West Kameng,0.0,-3.5155792236328125,3.5155792236328125
2025-12-01,West Khasi Hills,0.0,76.05247497558594,76.05247497558594
2025-12-01,West Tripura,0.0,-6.244598388671875,6.244598388671875
2025-12-01,Wokha,0.0,-117.82177734375,117.82177734375
2025-12-01,Yadgir,0.0,127.95113372802734,127.95113372802734
2025-12-01,Yamunanagar,0.0,34.84223175048828,34.84223175048828
2025-12-01,Yanam,0.0,-12.0609130859375,12.0609130859375
2025-12-01,Yavatmal,0.0,82.80381774902344,82.80381774902344
2025-12-01,Zunheboto,0.0,-99.46246337890625,99.46246337890625
2025-12-08,Adilabad,0.0,-22.813400268554688,22.813400268554688
2025-12-08,Agra,0.0,-16.52294921875,16.52294921875
2025-12-08,Ahmadabad,0.0,-13.308547973632812,13.308547973632812
2025-12-08,Ahmadnagar,0.0,-11.045013427734375,11.045013427734375
2025-12-08,Aizawl,0.0,-19.513534545898438,19.513534545898438
2025-12-08,Ajmer,0.0,236.76873779296875,236.76873779296875
2025-12-08,Akola,0.0,-7.1286163330078125,7.1286163330078125
2025-12-08,Alappuzha,0.0,98.97157287597656,98.97157287597656
2025-12-08,Aligarh,0.0,379.8165588378906,379.8165588378906
2025-12-08,Alirajpur,0.0,241.92462158203125,241.92462158203125
2025-12-08,Almora,0.0,-35.99163818359375,35.99163818359375
2025-12-08,Alwar,0.0,460.0036926269531,460.0036926269531
2025-12-08,Ambala,0.0,51.80174255371094,51.80174255371094
2025-12-08,Ambedkar Nagar,0.0,159.3920440673828,159.3920440673828
2025-12-08,Amravati,0.0,106.66350555419922,106.66350555419922
2025-12-08,Amreli,0.0,37.651947021484375,37.651947021484375
2025-12-08,Amritsar,0.0,47.189430236816406,47.189430236816406
2025-12-08,Anand,0.0,127.90608215332031,127.90608215332031
2025-12-08,Anantnag,0.0,93.61129760742188,93.61129760742188
2025-12-08,Anjaw,0.0,36.781463623046875,36.781463623046875
2025-12-08,Anugul,0.0,-30.866485595703125,30.866485595703125
2025-12-08,Anuppur,0.0,67.267822265625,67.267822265625
2025-12-08,Araria,0.0,307.41534423828125,307.41534423828125
2025-12-08,Ariyalur,0.0,106.91871643066406,106.91871643066406
2025-12-08,Arwal,0.0,30.84227752685547,30.84227752685547
2025-12-08,Ashoknagar,0.0,440.3502197265625,440.3502197265625
2025-12-08,Auraiya,0.0,14.181510925292969,14.181510925292969
2025-12-08,Aurangabad,0.0,359.3861083984375,359.3861083984375
2025-12-08,Azamgarh,0.0,550.5439453125,550.5439453125
2025-12-08,Bagalkot,0.0,-11.213958740234375,11.213958740234375
2025-12-08,Bageshwar,0.0,-25.025711059570312,25.025711059570312
2025-12-08,Baghpat,0.0,137.43768310546875,137.43768310546875
2025-12-08,Bahraich,0.0,469.0323486328125,469.0323486328125
2025-12-08,Baksa,0.0,-24.94976806640625,24.94976806640625
2025-12-08,Balaghat,0.0,161.805419921875,161.805419921875
2025-12-08,Balangir,0.0,31.349716186523438,31.349716186523438
2025-12-08,Baleshwar,0.0,-13.092376708984375,13.092376708984375
2025-12-08,Ballia,0.0,368.0029296875,368.0029296875
2025-12-08,Balrampur,0.0,558.8975830078125,558.8975830078125
2025-12-08,Banas Kantha,0.0,-16.40313720703125,16.40313720703125
2025-12-08,Banda,0.0,235.1236572265625,235.1236572265625
2025-12-08,Banka,0.0,239.77566528320312,239.77566528320312
2025-12-08,Bankura,0.0,220.57302856445312,220.57302856445312
2025-12-08,Banswara,0.0,244.26885986328125,244.26885986328125
2025-12-08,Bara Banki,0.0,-14.2579345703125,14.2579345703125
2025-12-08,Baramula,0.0,-12.39202880859375,12.39202880859375
2025-12-08,Baran,0.0,262.3905334472656,262.3905334472656
2025-12-08,Barddhaman,0.0,-13.424041748046875,13.424041748046875
2025-12-08,Bareilly,0.0,469.1492614746094,469.1492614746094
2025-12-08,Bargarh,0.0,10.564399719238281,10.564399719238281
2025-12-08,Barmer,0.0,404.33770751953125,404.33770751953125
2025-12-08,Barnala,0.0,-54.79032897949219,54.79032897949219
2025-12-08,Barpeta,0.0,226.16775512695312,226.16775512695312
2025-12-08,Barwani,0.0,290.82952880859375,290.82952880859375
2025-12-08,Bastar,0.0,204.83392333984375,204.83392333984375
2025-12-08,Basti,0.0,455.60137939453125,455.60137939453125
2025-12-08,Bathinda,0.0,-54.92665100097656,54.92665100097656
2025-12-08,Begusarai,0.0,309.690185546875,309.690185546875
2025-12-08,Betul,0.0,225.21875,225.21875
2025-12-08,Bhadrak,0.0,3.72613525390625,3.72613525390625
2025-12-08,Bhagalpur,0.0,326.18890380859375,326.18890380859375
2025-12-08,Bhandara,0.0,-38.03997802734375,38.03997802734375
2025-12-08,Bharatpur,0.0,305.78753662109375,305.78753662109375
2025-12-08,Bharuch,0.0,59.431793212890625,59.431793212890625
2025-12-08,Bhavnagar,0.0,183.40884399414062,183.40884399414062
2025-12-08,Bhilwara,0.0,279.74920654296875,279.74920654296875
2025-12-08,Bhind,0.0,231.67857360839844,231.67857360839844
2025-12-08,Bhiwani,0.0,5.4713134765625,5.4713134765625
2025-12-08,Bhojpur,0.0,394.7893981933594,394.7893981933594
2025-12-08,Bhopal,0.0,299.85455322265625,299.85455322265625
2025-12-08,Bidar,0.0,120.44612121582031,120.44612121582031
2025-12-08,Bijapur,0.0,199.7616424560547,199.7616424560547
2025-12-08,Bijnor,0.0,391.243408203125,391.243408203125
2025-12-08,Bikaner,0.0,297.1370849609375,297.1370849609375
2025-12-08,Bilaspur,0.0,162.1756591796875,162.1756591796875
2025-12-08,Birbhum,0.0,231.97564697265625,231.97564697265625
2025-12-08,Bishnupur,0.0,-2.3240203857421875,2.3240203857421875
2025-12-08,Bokaro,0.0,111.89615631103516,111.89615631103516
2025-12-08,Bongaigaon,0.0,-18.37615966796875,18.37615966796875
2025-12-08,Budaun,0.0,305.7601623535156,305.7601623535156
2025-12-08,Bulandshahr,0.0,385.4493103027344,385.4493103027344
2025-12-08,Buldana,0.0,-13.226837158203125,13.226837158203125
2025-12-08,Bundi,0.0,95.29435729980469,95.29435729980469
2025-12-08,Burhanpur,0.0,168.56033325195312,168.56033325195312
2025-12-08,Buxar,0.0,182.47119140625,182.47119140625
2025-12-08,Cachar,0.0,-12.728469848632812,12.728469848632812
2025-12-08,Central,0.0,-15.739761352539062,15.739761352539062
2025-12-08,Chamba,0.0,-24.63629150390625,24.63629150390625
2025-12-08,Chamoli,0.0,-22.451400756835938,22.451400756835938
2025-12-08,Champawat,0.0,-15.748931884765625,15.748931884765625
2025-12-08,Champhai,0.0,-69.78045654296875,69.78045654296875
2025-12-08,Chamrajnagar,0.0,-11.183258056640625,11.183258056640625
2025-12-08,Chandauli,0.0,198.96783447265625,198.96783447265625
2025-12-08,Chandel,0.0,-0.0677032470703125,0.0677032470703125
2025-12-08,Chandigarh,0.0,-47.25325012207031,47.25325012207031
2025-12-08,Chandrapur,0.0,-13.9166259765625,13.9166259765625
2025-12-08,Changlang,0.0,-14.42559814453125,14.42559814453125
2025-12-08,Chatra,0.0,262.1319580078125,262.1319580078125
2025-12-08,Chennai,0.0,271.5791320800781,271.5791320800781
2025-12-08,Chhatarpur,0.0,355.77276611328125,355.77276611328125
2025-12-08,Chhindwara,0.0,204.26580810546875,204.26580810546875
2025-12-08,Chikkaballapura,0.0,13.680915832519531,13.680915832519531
2025-12-08,Chikmagalur,0.0,-11.4329833984375,11.4329833984375
2025-12-08,Chirang,0.0,-30.206924438476562,30.206924438476562
2025-12-08,Chitradurga,0.0,59.26868438720703,59.26868438720703
2025-12-08,Chitrakoot,0.0,195.18983459472656,195.18983459472656
2025-12-08,Chittaurgarh,0.0,-12.434982299804688,12.434982299804688
2025-12-08,Chittoor,0.0,191.3145751953125,191.3145751953125
2025-12-08,Churachandpur,0.0,2.48004150390625,2.48004150390625
2025-12-08,Churu,0.0,325.15216064453125,325.15216064453125
2025-12-08,Coimbatore,0.0,228.82916259765625,228.82916259765625
2025-12-08,Cuddalore,0.0,244.08154296875,244.08154296875
2025-12-08,Cuttack,0.0,-24.55780029296875,24.55780029296875
2025-12-08,Dadra & Nagar Haveli,0.0,-15.130264282226562,15.130264282226562
2025-12-08,Dakshin Bastar Dantewada,0.0,-12.400634765625,12.400634765625
2025-12-08,Dakshina Kannada,0.0,130.46163940429688,130.46163940429688
2025-12-08,Damoh,0.0,205.22535705566406,205.22535705566406
2025-12-08,Darbhanga,0.0,376.7427978515625,376.7427978515625
2025-12-08,Darrang,0.0,361.3929443359375,361.3929443359375
2025-12-08,Datia,0.0,224.51113891601562,224.51113891601562
2025-12-08,Dausa,0.0,185.45050048828125,185.45050048828125
2025-12-08,Davanagere,0.0,73.22470092773438,73.22470092773438
2025-12-08,Debagarh,0.0,-19.25738525390625,19.25738525390625
2025-12-08,Dehradun,0.0,97.08291625976562,97.08291625976562
2025-12-08,Deoghar,0.0,352.06036376953125,352.06036376953125
2025-12-08,Deoria,0.0,306.6836242675781,306.6836242675781
2025-12-08,Dewas,0.0,290.64990234375,290.64990234375
2025-12-08,Dhalai,0.0,4.4578094482421875,4.4578094482421875
2025-12-08,Dhamtari,0.0,-28.279556274414062,28.279556274414062
2025-12-08,Dhanbad,0.0,266.6641845703125,266.6641845703125
2025-12-08,Dhar,0.0,283.0550537109375,283.0550537109375
2025-12-08,Dharmapuri,0.0,197.9656524658203,197.9656524658203
2025-12-08,Dharwad,0.0,69.03005981445312,69.03005981445312
2025-12-08,Dhemaji,0.0,144.53704833984375,144.53704833984375
2025-12-08,Dhenkanal,0.0,-30.597702026367188,30.597702026367188
2025-12-08,Dhubri,0.0,214.85391235351562,214.85391235351562
2025-12-08,Dhule,0.0,214.1092987060547,214.1092987060547
2025-12-08,Dibang Valley,0.0,-5.326690673828125,5.326690673828125
2025-12-08,Dibrugarh,0.0,227.88223266601562,227.88223266601562
2025-12-08,Dima Hasao,0.0,-18.043136596679688,18.043136596679688
2025-12-08,Dimapur,0.0,-11.232772827148438,11.232772827148438
2025-12-08,Dindigul,0.0,180.79566955566406,180.79566955566406
2025-12-08,Dindori,0.0,-16.989181518554688,16.989181518554688
2025-12-08,Diu,0.0,-7.9774932861328125,7.9774932861328125
2025-12-08,Doda,0.0,114.41584777832031,114.41584777832031
2025-12-08,Dumka,0.0,189.41085815429688,189.41085815429688
2025-12-08,Dungarpur,0.0,161.9676971435547,161.9676971435547
2025-12-08,Durg,0.0,-19.301071166992188,19.301071166992188
2025-12-08,East,0.0,-15.32257080078125,15.32257080078125
2025-12-08,East Garo Hills,0.0,120.58961486816406,120.58961486816406
2025-12-08,East Godavari,0.0,142.09518432617188,142.09518432617188
2025-12-08,East Kameng,0.0,37.19464111328125,37.19464111328125
2025-12-08,East Khasi Hills,0.0,305.6477966308594,305.6477966308594
2025-12-08,East Siang,0.0,8.336441040039062,8.336441040039062
2025-12-08,Ernakulam,0.0,235.42449951171875,235.42449951171875
2025-12-08,Erode,0.0,176.207763671875,176.207763671875
2025-12-08,Etah,0.0,213.67575073242188,213.67575073242188
2025-12-08,Etawah,0.0,173.87686157226562,173.87686157226562
2025-12-08,Faridabad,0.0,258.6882629394531,258.6882629394531
2025-12-08,Faridkot,0.0,-20.62884521484375,20.62884521484375
2025-12-08,Farrukhabad,0.0,154.8413543701172,154.8413543701172
2025-12-08,Fatehabad,0.0,18.763694763183594,18.763694763183594
2025-12-08,Fatehgarh Sahib,0.0,-31.652908325195312,31.652908325195312
2025-12-08,Fatehpur,0.0,358.78265380859375,358.78265380859375
2025-12-08,Firozabad,0.0,169.44081115722656,169.44081115722656
2025-12-08,Gadag,0.0,74.33074951171875,74.33074951171875
2025-12-08,Gajapati,0.0,-38.40159606933594,38.40159606933594
2025-12-08,Ganderbal,0.0,3.0363922119140625,3.0363922119140625
2025-12-08,Gandhinagar,0.0,195.21868896484375,195.21868896484375
2025-12-08,Ganganagar,0.0,71.94281005859375,71.94281005859375
2025-12-08,Ganjam,0.0,89.9852523803711,89.9852523803711
2025-12-08,Garhchiroli,0.0,-14.252029418945312,14.252029418945312
2025-12-08,Garhwa,0.0,149.871826171875,149.871826171875
2025-12-08,Gautam Buddha Nagar,0.0,296.38037109375,296.38037109375
2025-12-08,Gaya,0.0,504.69635009765625,504.69635009765625
2025-12-08,Ghaziabad,0.0,517.5514526367188,517.5514526367188
2025-12-08,Ghazipur,0.0,365.23297119140625,365.23297119140625
2025-12-08,Giridih,0.0,565.0677490234375,565.0677490234375
2025-12-08,Goalpara,0.0,127.35380554199219,127.35380554199219
2025-12-08,Godda,0.0,239.6345977783203,239.6345977783203
2025-12-08,Golaghat,0.0,198.5732879638672,198.5732879638672
2025-12-08,Gonda,0.0,335.89373779296875,335.89373779296875
2025-12-08,Gondiya,0.0,-13.555267333984375,13.555267333984375
2025-12-08,Gopalganj,0.0,293.5460205078125,293.5460205078125
2025-12-08,Gorakhpur,0.0,469.4583740234375,469.4583740234375
2025-12-08,Gumla,0.0,151.7605438232422,151.7605438232422
2025-12-08,Guna,0.0,202.228515625,202.228515625
2025-12-08,Guntur,0.0,169.17770385742188,169.17770385742188
2025-12-08,Gurdaspur,0.0,-20.170700073242188,20.170700073242188
2025-12-08,Gwalior,0.0,415.4488830566406,415.4488830566406
2025-12-08,Hailakandi,0.0,69.2029800415039,69.2029800415039
2025-12-08,Hamirpur,0.0,46.833526611328125,46.833526611328125
2025-12-08,Hanumangarh,0.0,27.327293395996094,27.327293395996094
2025-12-08,Harda,0.0,84.3721923828125,84.3721923828125
2025-12-08,Hardoi,0.0,463.74566650390625,463.74566650390625
2025-12-08,Hardwar,0.0,-14.603897094726562,14.603897094726562
2025-12-08,Hassan,0.0,11.494575500488281,11.494575500488281
2025-12-08,Haveri,0.0,82.16232299804688,82.16232299804688
2025-12-08,Hazaribagh,0.0,151.71011352539062,151.71011352539062
2025-12-08,Hingoli,0.0,121.65071105957031,121.65071105957031
2025-12-08,Hisar,0.0,156.63702392578125,156.63702392578125
2025-12-08,Hoshiarpur,0.0,-60.46403503417969,60.46403503417969
2025-12-08,Hyderabad,0.0,401.5357360839844,401.5357360839844
2025-12-08,Idukki,0.0,-20.718994140625,20.718994140625
2025-12-08,Imphal East,0.0,-6.1116943359375,6.1116943359375
2025-12-08,Imphal West,0.0,-9.4610595703125,9.4610595703125
2025-12-08,Indore,0.0,434.4233703613281,434.4233703613281
2025-12-08,Jabalpur,0.0,308.9566650390625,308.9566650390625
2025-12-08,Jagatsinghapur,0.0,-45.51579284667969,45.51579284667969
2025-12-08,Jaintia Hills,0.0,-14.878341674804688,14.878341674804688
2025-12-08,Jaipur,0.0,641.8968505859375,641.8968505859375
2025-12-08,Jaisalmer,0.0,-56.10676574707031,56.10676574707031
2025-12-08,Jajapur,0.0,-12.995773315429688,12.995773315429688
2025-12-08,Jalandhar,0.0,2.683135986328125,2.683135986328125
2025-12-08,Jalaun,0.0,154.2659912109375,154.2659912109375
2025-12-08,Jalgaon,0.0,139.1493377685547,139.1493377685547
2025-12-08,Jalna,0.0,113.12861633300781,113.12861633300781
2025-12-08,Jalor,0.0,-17.464431762695312,17.464431762695312
2025-12-08,Jalpaiguri,0.0,165.54136657714844,165.54136657714844
2025-12-08,Jammu,0.0,65.35066986083984,65.35066986083984
2025-12-08,Jamnagar,0.0,96.58997344970703,96.58997344970703
2025-12-08,Jamtara,0.0,179.48548889160156,179.48548889160156
2025-12-08,Jamui,0.0,279.083251953125,279.083251953125
2025-12-08,Janjgir-Champa,0.0,97.58824157714844,97.58824157714844
2025-12-08,Jashpur,0.0,-5.923583984375,5.923583984375
2025-12-08,Jaunpur,0.0,415.5501403808594,415.5501403808594
2025-12-08,Jehanabad,0.0,18.492202758789062,18.492202758789062
2025-12-08,Jhabua,0.0,261.873046875,261.873046875
2025-12-08,Jhajjar,0.0,-33.4117431640625,33.4117431640625
2025-12-08,Jhalawar,0.0,204.6188507080078,204.6188507080078
2025-12-08,Jhansi,0.0,185.97531127929688,185.97531127929688
2025-12-08,Jharsuguda,0.0,-24.889114379882812,24.889114379882812
2025-12-08,Jhunjhunun,0.0,-12.422271728515625,12.422271728515625
2025-12-08,Jind,0.0,58.94624328613281,58.94624328613281
2025-12-08,Jodhpur,0.0,535.77099609375,535.77099609375
2025-12-08,Jorhat,0.0,90.63691711425781,90.63691711425781
2025-12-08,Junagadh,0.0,114.79142761230469,114.79142761230469
2025-12-08,Kachchh,0.0,251.11886596679688,251.11886596679688
2025-12-08,Kaimur (Bhabua),0.0,-16.735321044921875,16.735321044921875
2025-12-08,Kaithal,0.0,-19.424392700195312,19.424392700195312
2025-12-08,Kalahandi,0.0,9.899711608886719,9.899711608886719
2025-12-08,Kamrup,0.0,149.56553649902344,149.56553649902344
2025-12-08,Kancheepuram,0.0,-10.712631225585938,10.712631225585938
2025-12-08,Kandhamal,0.0,-31.403366088867188,31.403366088867188
2025-12-08,Kangra,0.0,43.94255065917969,43.94255065917969
2025-12-08,Kannauj,0.0,176.05184936523438,176.05184936523438
2025-12-08,Kanniyakumari,0.0,-10.378173828125,10.378173828125
2025-12-08,Kannur,0.0,189.49517822265625,189.49517822265625
2025-12-08,Kanpur Dehat,0.0,112.53964233398438,112.53964233398438
2025-12-08,Kanpur Nagar,0.0,567.451171875,567.451171875
2025-12-08,Kapurthala,0.0,96.27189636230469,96.27189636230469
2025-12-08,Karaikal,0.0,-9.945343017578125,9.945343017578125
2025-12-08,Karauli,0.0,191.48464965820312,191.48464965820312
2025-12-08,Karbi Anglong,0.0,218.52676391601562,218.52676391601562
2025-12-08,Kargil,0.0,-16.781326293945312,16.781326293945312
2025-12-08,Karimganj,0.0,221.59326171875,221.59326171875
2025-12-08,Karimnagar,0.0,47.893028259277344,47.893028259277344
2025-12-08,Karnal,0.0,32.171653747558594,32.171653747558594
2025-12-08,Karur,0.0,148.86753845214844,148.86753845214844
2025-12-08,Kasaragod,0.0,101.81088256835938,101.81088256835938
2025-12-08,Kathua,0.0,77.90432739257812,77.90432739257812
2025-12-08,Katihar,0.0,330.49609375,330.49609375
2025-12-08,Katni,0.0,250.40966796875,250.40966796875
2025-12-08,Kaushambi,0.0,197.74874877929688,197.74874877929688
2025-12-08,Kendrapara,0.0,-11.346267700195312,11.346267700195312
2025-12-08,Kendujhar,0.0,-33.78144836425781,33.78144836425781
2025-12-08,Khagaria,0.0,228.63626098632812,228.63626098632812
2025-12-08,Khammam,0.0,48.67457580566406,48.67457580566406
2025-12-08,Kheda,0.0,147.10337829589844,147.10337829589844
2025-12-08,Kheri,0.0,-16.400360107421875,16.400360107421875
2025-12-08,Khordha,0.0,46.054840087890625,46.054840087890625
2025-12-08,Khunti,0.0,-1.39947509765625,1.39947509765625
2025-12-08,Kinnaur,0.0,-32.753814697265625,32.753814697265625
2025-12-08,Kiphire,0.0,11.734275817871094,11.734275817871094
2025-12-08,Kishanganj,0.0,161.81326293945312,161.81326293945312
2025-12-08,Kishtwar,0.0,57.35166931152344,57.35166931152344
2025-12-08,Kodagu,0.0,-72.42158508300781,72.42158508300781
2025-12-08,Kodarma,0.0,105.10517120361328,105.10517120361328
2025-12-08,Kohima,0.0,-2.80682373046875,2.80682373046875
2025-12-08,Kokrajhar,0.0,87.115478515625,87.115478515625
2025-12-08,Kolar,0.0,87.81651306152344,87.81651306152344
2025-12-08,Kolasib,0.0,-25.660797119140625,25.660797119140625
2025-12-08,Kolhapur,0.0,144.18975830078125,144.18975830078125
2025-12-08,Kolkata,0.0,231.06085205078125,231.06085205078125
2025-12-08,Kollam,0.0,171.94525146484375,171.94525146484375
2025-12-08,Koppal,0.0,106.38681030273438,106.38681030273438
2025-12-08,Koraput,0.0,-16.133743286132812,16.133743286132812
2025-12-08,Korba,0.0,-7.495880126953125,7.495880126953125
2025-12-08,Koriya,0.0,-19.975814819335938,19.975814819335938
2025-12-08,Kota,0.0,200.45584106445312,200.45584106445312
2025-12-08,Kottayam,0.0,36.26579284667969,36.26579284667969
2025-12-08,Kozhikode,0.0,217.0365753173828,217.0365753173828
2025-12-08,Krishna,0.0,125.32052612304688,125.32052612304688
2025-12-08,Krishnagiri,0.0,167.2694549560547,167.2694549560547
2025-12-08,Kulgam,0.0,66.29774475097656,66.29774475097656
2025-12-08,Kullu,0.0,-28.049118041992188,28.049118041992188
2025-12-08,Kupwara,0.0,208.26925659179688,208.26925659179688
2025-12-08,Kurnool,0.0,190.31935119628906,190.31935119628906
2025-12-08,Kurukshetra,0.0,-10.95416259765625,10.95416259765625
2025-12-08,Kurung Kumey,0.0,51.576568603515625,51.576568603515625
2025-12-08,Kushinagar,0.0,367.04144287109375,367.04144287109375
2025-12-08,Lakhimpur,0.0,115.19975280761719,115.19975280761719
2025-12-08,Lakhisarai,0.0,163.27835083007812,163.27835083007812
2025-12-08,Lakshadweep,0.0,-11.0308837890625,11.0308837890625
2025-12-08,Lalitpur,0.0,194.3076934814453,194.3076934814453
2025-12-08,Latehar,0.0,48.6602783203125,48.6602783203125
2025-12-08,Latur,0.0,197.361572265625,197.361572265625
2025-12-08,Lawangtlai,0.0,-13.300949096679688,13.300949096679688
2025-12-08,Leh (Ladakh),0.0,-12.371109008789062,12.371109008789062
2025-12-08,Lohardaga,0.0,-6.4529571533203125,6.4529571533203125
2025-12-08,Lohit,0.0,-17.527679443359375,17.527679443359375
2025-12-08,Longleng,0.0,-60.67924499511719,60.67924499511719
2025-12-08,Lower Dibang Valley,0.0,24.648239135742188,24.648239135742188
2025-12-08,Lower Subansiri,0.0,-9.277664184570312,9.277664184570312
2025-12-08,Lucknow,0.0,498.55682373046875,498.55682373046875
2025-12-08,Ludhiana,0.0,166.3814239501953,166.3814239501953
2025-12-08,Lunglei,0.0,-24.5787353515625,24.5787353515625
2025-12-08,Madhepura,0.0,203.95755004882812,203.95755004882812
2025-12-08,Madhubani,0.0,531.9393310546875,531.9393310546875
2025-12-08,Madurai,0.0,244.22039794921875,244.22039794921875
2025-12-08,Maharajganj,0.0,332.5166320800781,332.5166320800781
2025-12-08,Mahasamund,0.0,120.45455932617188,120.45455932617188
2025-12-08,Mahbubnagar,0.0,-11.790130615234375,11.790130615234375
2025-12-08,Mahendragarh,0.0,91.51776123046875,91.51776123046875
2025-12-08,Mahesana,0.0,78.67607116699219,78.67607116699219
2025-12-08,Mahoba,0.0,30.023330688476562,30.023330688476562
2025-12-08,Mainpuri,0.0,234.580322265625,234.580322265625
2025-12-08,Malappuram,0.0,302.9329833984375,302.9329833984375
2025-12-08,Maldah,0.0,-12.838241577148438,12.838241577148438
2025-12-08,Malkangiri,0.0,-8.687728881835938,8.687728881835938
2025-12-08,Mamit,0.0,-13.508270263671875,13.508270263671875
2025-12-08,Mandi,0.0,-36.95196533203125,36.95196533203125
2025-12-08,Mandla,0.0,175.6900177001953,175.6900177001953
2025-12-08,Mandsaur,0.0,291.91650390625,291.91650390625
2025-12-08,Mandya,0.0,80.61151123046875,80.61151123046875
2025-12-08,Mansa,0.0,-22.17486572265625,22.17486572265625
2025-12-08,Marigaon,0.0,157.44247436523438,157.44247436523438
2025-12-08,Mathura,0.0,333.90118408203125,333.90118408203125
2025-12-08,Mau,0.0,164.721435546875,164.721435546875
2025-12-08,Mayurbhanj,0.0,69.71659851074219,69.71659851074219
2025-12-08,Medak,0.0,135.1299285888672,135.1299285888672
2025-12-08,Meerut,0.0,461.2320861816406,461.2320861816406
2025-12-08,Mirzapur,0.0,244.16928100585938,244.16928100585938
2025-12-08,Moga,0.0,-35.52430725097656,35.52430725097656
2025-12-08,Mokokchung,0.0,24.473464965820312,24.473464965820312
2025-12-08,Mon,0.0,48.80066680908203,48.80066680908203
2025-12-08,Moradabad,0.0,304.245849609375,304.245849609375
2025-12-08,Morena,0.0,369.2025146484375,369.2025146484375
2025-12-08,Muktsar,0.0,-12.463088989257812,12.463088989257812
2025-12-08,Mumbai,0.0,416.1540832519531,416.1540832519531
2025-12-08,Munger,0.0,198.11419677734375,198.11419677734375
2025-12-08,Murshidabad,0.0,420.30767822265625,420.30767822265625
2025-12-08,Muzaffarnagar,0.0,354.5400390625,354.5400390625
2025-12-08,Muzaffarpur,0.0,463.7153625488281,463.7153625488281
2025-12-08,Nabarangapur,0.0,-17.17950439453125,17.17950439453125
2025-12-08,Nadia,0.0,245.21047973632812,245.21047973632812
2025-12-08,Nagaon,0.0,189.2758026123047,189.2758026123047
2025-12-08,Nagappattinam,0.0,-11.428924560546875,11.428924560546875
2025-12-08,Nagaur,0.0,446.68548583984375,446.68548583984375
2025-12-08,Nagpur,0.0,190.6995849609375,190.6995849609375
2025-12-08,Nainital,0.0,1.7270355224609375,1.7270355224609375
2025-12-08,Nalanda,0.0,244.1610107421875,244.1610107421875
2025-12-08,Nalbari,0.0,44.91686248779297,44.91686248779297
2025-12-08,Nalgonda,0.0,136.6949920654297,136.6949920654297
2025-12-08,Namakkal,0.0,118.5141372680664,118.5141372680664
2025-12-08,Nanded,0.0,199.0596466064453,199.0596466064453
2025-12-08,Nandurbar,0.0,170.93539428710938,170.93539428710938
2025-12-08,Narayanpur,0.0,60.40428924560547,60.40428924560547
2025-12-08,Narmada,0.0,-23.94329833984375,23.94329833984375
2025-12-08,Nashik,0.0,386.12158203125,386.12158203125
2025-12-08,Navsari,0.0,-18.597091674804688,18.597091674804688
2025-12-08,Nawada,0.0,238.12094116210938,238.12094116210938
2025-12-08,Nayagarh,0.0,-32.912353515625,32.912353515625
2025-12-08,Neemuch,0.0,215.4300537109375,215.4300537109375
2025-12-08,New Delhi,0.0,-29.927474975585938,29.927474975585938
2025-12-08,Nicobar,0.0,-9.787811279296875,9.787811279296875
2025-12-08,Nizamabad,0.0,98.83381652832031,98.83381652832031
2025-12-08,North,0.0,-16.39666748046875,16.39666748046875
2025-12-08,North & Middle Andaman,0.0,-11.034927368164062,11.034927368164062
2025-12-08,North 24 Parganas,0.0,358.60675048828125,358.60675048828125
2025-12-08,North Goa,0.0,-5.881134033203125,5.881134033203125
2025-12-08,North Tripura,0.0,-26.873367309570312,26.873367309570312
2025-12-08,Nuapada,0.0,4.7810821533203125,4.7810821533203125
2025-12-08,Pakur,0.0,-21.969223022460938,21.969223022460938
2025-12-08,Palakkad,0.0,191.3478546142578,191.3478546142578
2025-12-08,Palamu,0.0,307.4189147949219,307.4189147949219
2025-12-08,Pali,0.0,246.55979919433594,246.55979919433594
2025-12-08,Palwal,0.0,183.26345825195312,183.26345825195312
2025-12-08,Panch Mahals,0.0,-13.108062744140625,13.108062744140625
2025-12-08,Panchkula,0.0,-36.95970153808594,36.95970153808594
2025-12-08,Panipat,0.0,41.982940673828125,41.982940673828125
2025-12-08,Panna,0.0,210.30496215820312,210.30496215820312
2025-12-08,Papum Pare,0.0,-11.0350341796875,11.0350341796875
2025-12-08,Parbhani,0.0,249.82418823242188,249.82418823242188
2025-12-08,Pashchim Champaran,0.0,937.8555297851562,937.8555297851562
2025-12-08,Pashchim Medinipur,0.0,-12.694412231445312,12.694412231445312
2025-12-08,Pashchimi Singhbhum,0.0,388.7110595703125,388.7110595703125
2025-12-08,Patan,0.0,137.62362670898438,137.62362670898438
2025-12-08,Pathanamthitta,0.0,-40.39390563964844,40.39390563964844
2025-12-08,Patiala,0.0,-39.04656982421875,39.04656982421875
2025-12-08,Patna,0.0,405.71142578125,405.71142578125
2025-12-08,Perambalur,0.0,-11.099166870117188,11.099166870117188
2025-12-08,Peren,0.0,0.8846282958984375,0.8846282958984375
2025-12-08,Phek,0.0,28.839324951171875,28.839324951171875
2025-12-08,Pilibhit,0.0,208.25936889648438,208.25936889648438
2025-12-08,Pithoragarh,0.0,-22.305252075195312,22.305252075195312
2025-12-08,Porbandar,0.0,-22.286376953125,22.286376953125
2025-12-08,Prakasam,0.0,157.06002807617188,157.06002807617188
2025-12-08,Pratapgarh,0.0,367.21258544921875,367.21258544921875
2025-12-08,Puducherry,0.0,-4.3529510498046875,4.3529510498046875
2025-12-08,Pudukkottai,0.0,213.7295379638672,213.7295379638672
2025-12-08,Pulwama,0.0,-23.9420166015625,23.9420166015625
2025-12-08,Punch,0.0,128.4944610595703,128.4944610595703
2025-12-08,Pune,0.0,516.1025390625,516.1025390625
2025-12-08,Purba Champaran,0.0,-5.5191650390625,5.5191650390625
2025-12-08,Purba Medinipur,0.0,198.79684448242188,198.79684448242188
2025-12-08,Purbi Singhbhum,0.0,-15.074172973632812,15.074172973632812
2025-12-08,Puri,0.0,-10.052536010742188,10.052536010742188
2025-12-08,Puruliya,0.0,-12.805831909179688,12.805831909179688
2025-12-08,Rae Bareli,0.0,216.13531494140625,216.13531494140625
2025-12-08,Raichur,0.0,232.21441650390625,232.21441650390625
2025-12-08,Raigarh,0.0,21.136886596679688,21.136886596679688
2025-12-08,Raipur,0.0,161.8756561279297,161.8756561279297
2025-12-08,Raisen,0.0,213.35830688476562,213.35830688476562
2025-12-08,Rajgarh,0.0,199.9200439453125,199.9200439453125
2025-12-08,Rajkot,0.0,247.4313201904297,247.4313201904297
2025-12-08,Rajnandgaon,0.0,201.51763916015625,201.51763916015625
2025-12-08,Rajouri,0.0,69.33818817138672,69.33818817138672
2025-12-08,Rajsamand,0.0,81.92826843261719,81.92826843261719
2025-12-08,Ramanagara,0.0,1.953399658203125,1.953399658203125
2025-12-08,Ramanathapuram,0.0,121.1498031616211,121.1498031616211
2025-12-08,Ramban,0.0,69.41043090820312,69.41043090820312
2025-12-08,Ramgarh,0.0,-7.6973114013671875,7.6973114013671875
2025-12-08,Ranchi,0.0,456.7937316894531,456.7937316894531
2025-12-08,Rangareddy,0.0,-11.809066772460938,11.809066772460938
2025-12-08,Ratlam,0.0,334.5381164550781,334.5381164550781
2025-12-08,Ratnagiri,0.0,-22.116912841796875,22.116912841796875
2025-12-08,Rayagada,0.0,-19.764724731445312,19.764724731445312
2025-12-08,Reasi,0.0,24.947547912597656,24.947547912597656
2025-12-08,Rewa,0.0,262.30828857421875,262.30828857421875
2025-12-08,Rewari,0.0,2.1831817626953125,2.1831817626953125
2025-12-08,Ri Bhoi,0.0,155.34957885742188,155.34957885742188
2025-12-08,Rohtak,0.0,-14.744720458984375,14.744720458984375
2025-12-08,Rohtas,0.0,149.49859619140625,149.49859619140625
2025-12-08,Rudraprayag,0.0,-22.94219970703125,22.94219970703125
2025-12-08,Rupnagar,0.0,-28.344192504882812,28.344192504882812
2025-12-08,Sabar Kantha,0.0,-12.41461181640625,12.41461181640625
2025-12-08,Sagar,0.0,-12.824005126953125,12.824005126953125
2025-12-08,Saharanpur,0.0,337.6490478515625,337.6490478515625
2025-12-08,Saharsa,0.0,260.69580078125,260.69580078125
2025-12-08,Sahibganj,0.0,381.57647705078125,381.57647705078125
2025-12-08,Sahibzada Ajit Singh Nagar,0.0,-61.84062194824219,61.84062194824219
2025-12-08,Saiha,0.0,-21.905044555664062,21.905044555664062
2025-12-08,Salem,0.0,235.53660583496094,235.53660583496094
2025-12-08,Samastipur,0.0,439.3272399902344,439.3272399902344
2025-12-08,Samba,0.0,-34.2740478515625,34.2740478515625
2025-12-08,Sambalpur,0.0,-38.14776611328125,38.14776611328125
2025-12-08,Sangli,0.0,39.15784454345703,39.15784454345703
2025-12-08,Sangrur,0.0,-47.99493408203125,47.99493408203125
2025-12-08,Sant Kabir Nagar,0.0,221.87818908691406,221.87818908691406
2025-12-08,Sant Ravi Das Nagar(Bhadohi),0.0,-13.239700317382812,13.239700317382812
2025-12-08,Saraikela-Kharsawan,0.0,-12.886764526367188,12.886764526367188
2025-12-08,Satara,0.0,109.92994689941406,109.92994689941406
2025-12-08,Satna,0.0,296.6561279296875,296.6561279296875
2025-12-08,Sawai Madhopur,0.0,143.5597381591797,143.5597381591797
2025-12-08,Sehore,0.0,47.50653076171875,47.50653076171875
2025-12-08,Senapati,0.0,-0.0097808837890625,0.0097808837890625
2025-12-08,Seoni,0.0,177.2074432373047,177.2074432373047
2025-12-08,Serchhip,0.0,-5.895843505859375,5.895843505859375
2025-12-08,Shahdol,0.0,127.4244155883789,127.4244155883789
2025-12-08,Shahid Bhagat Singh Nagar,0.0,-22.48150634765625,22.48150634765625
2025-12-08,Shahjahanpur,0.0,337.5146179199219,337.5146179199219
2025-12-08,Shajapur,0.0,213.08580017089844,213.08580017089844
2025-12-08,Sheikhpura,0.0,2.6870880126953125,2.6870880126953125
2025-12-08,Sheohar,0.0,64.04019927978516,64.04019927978516
2025-12-08,Sheopur,0.0,215.84213256835938,215.84213256835938
2025-12-08,Shimla,0.0,-36.760498046875,36.760498046875
2025-12-08,Shivpuri,0.0,304.68658447265625,304.68658447265625
2025-12-08,Siddharth Nagar,0.0,416.4853820800781,416.4853820800781
2025-12-08,Sidhi,0.0,167.18670654296875,167.18670654296875
2025-12-08,Sikar,0.0,212.12451171875,212.12451171875
2025-12-08,Simdega,0.0,12.596343994140625,12.596343994140625
2025-12-08,Sindhudurg,0.0,-52.006103515625,52.006103515625
2025-12-08,Singrauli,0.0,161.84742736816406,161.84742736816406
2025-12-08,Sirmaur,0.0,-26.702255249023438,26.702255249023438
2025-12-08,Sirohi,0.0,235.2324676513672,235.2324676513672
2025-12-08,Sirsa,0.0,54.47618103027344,54.47618103027344
2025-12-08,Sitamarhi,0.0,444.42535400390625,444.42535400390625
2025-12-08,Sitapur,0.0,453.3059387207031,453.3059387207031
2025-12-08,Sivaganga,0.0,174.91744995117188,174.91744995117188
2025-12-08,Sivasagar,0.0,107.61528015136719,107.61528015136719
2025-12-08,Siwan,0.0,445.3500061035156,445.3500061035156
2025-12-08,Solan,0.0,-29.402191162109375,29.402191162109375
2025-12-08,Solapur,0.0,269.42388916015625,269.42388916015625
2025-12-08,Sonbhadra,0.0,71.06288146972656,71.06288146972656
2025-12-08,Sonipat,0.0,71.52105712890625,71.52105712890625
2025-12-08,Sonitpur,0.0,226.5972900390625,226.5972900390625
2025-12-08,South,0.0,-14.625350952148438,14.625350952148438
2025-12-08,South 24 Parganas,0.0,517.3887939453125,517.3887939453125
2025-12-08,South Andaman,0.0,-10.987380981445312,10.987380981445312
2025-12-08,South Garo Hills,0.0,99.95646667480469,99.95646667480469
2025-12-08,South Goa,0.0,-33.623382568359375,33.623382568359375
2025-12-08,South Tripura,0.0,-21.972671508789062,21.972671508789062
2025-12-08,Sri Potti Sriramulu Nellore,0.0,207.64913940429688,207.64913940429688
2025-12-08,Srikakulam,0.0,46.02314758300781,46.02314758300781
2025-12-08,Srinagar,0.0,114.37508392333984,114.37508392333984
2025-12-08,Subarnapur,0.0,-26.513290405273438,26.513290405273438
2025-12-08,Sultanpur,0.0,253.5352783203125,253.5352783203125
2025-12-08,Sundargarh,0.0,-45.911102294921875,45.911102294921875
2025-12-08,Supaul,0.0,336.47271728515625,336.47271728515625
2025-12-08,Surat,0.0,441.6281433105469,441.6281433105469
2025-12-08,Surendranagar,0.0,119.01265716552734,119.01265716552734
2025-12-08,Surguja,0.0,48.930755615234375,48.930755615234375
2025-12-08,Tamenglong,0.0,18.379348754882812,18.379348754882812
2025-12-08,Tapi,0.0,-6.9015045166015625,6.9015045166015625
2025-12-08,Tarn Taran,0.0,-36.41209411621094,36.41209411621094
2025-12-08,Tawang,0.0,-96.65081787109375,96.65081787109375
2025-12-08,Tehri Garhwal,0.0,-11.99053955078125,11.99053955078125
2025-12-08,Thane,0.0,465.410400390625,465.410400390625
2025-12-08,Thanjavur,0.0,195.30694580078125,195.30694580078125
2025-12-08,The Dangs,0.0,-15.32891845703125,15.32891845703125
2025-12-08,The Nilgiris,0.0,-8.991653442382812,8.991653442382812
2025-12-08,Theni,0.0,118.94658660888672,118.94658660888672
2025-12-08,Thiruvallur,0.0,-10.851791381835938,10.851791381835938
2025-12-08,Thiruvananthapuram,0.0,207.43728637695312,207.43728637695312
2025-12-08,Thiruvarur,0.0,-11.080642700195312,11.080642700195312
2025-12-08,Thoothukkudi,0.0,-10.419235229492188,10.419235229492188
2025-12-08,Thoubal,0.0,-20.45013427734375,20.45013427734375
2025-12-08,Thrissur,0.0,228.4173583984375,228.4173583984375
2025-12-08,Tikamgarh,0.0,203.16940307617188,203.16940307617188
2025-12-08,Tinsukia,0.0,238.678955078125,238.678955078125
2025-12-08,Tirap,0.0,-36.63926696777344,36.63926696777344
2025-12-08,Tiruchirappalli,0.0,220.49424743652344,220.49424743652344
2025-12-08,Tirunelveli,0.0,211.19345092773438,211.19345092773438
2025-12-08,Tiruppur,0.0,195.65406799316406,195.65406799316406
2025-12-08,Tiruvannamalai,0.0,200.3290557861328,200.3290557861328
2025-12-08,Tonk,0.0,224.869140625,224.869140625
2025-12-08,Tuensang,0.0,28.788108825683594,28.788108825683594
2025-12-08,Tumkur,0.0,-11.3759765625,11.3759765625
2025-12-08,Udaipur,0.0,500.1210632324219,500.1210632324219
2025-12-08,Udalguri,0.0,64.68047332763672,64.68047332763672
2025-12-08,Udham Singh Nagar,0.0,172.5454559326172,172.5454559326172
2025-12-08,Udhampur,0.0,49.273033142089844,49.273033142089844
2025-12-08,Udupi,0.0,-21.745651245117188,21.745651245117188
2025-12-08,Ujjain,0.0,444.6240234375,444.6240234375
2025-12-08,Ukhrul,0.0,5.2042388916015625,5.2042388916015625
2025-12-08,Umaria,0.0,194.13632202148438,194.13632202148438
2025-12-08,Una,0.0,-26.635101318359375,26.635101318359375
2025-12-08,Unnao,0.0,368.85870361328125,368.85870361328125
2025-12-08,Upper Siang,0.0,26.27685546875,26.27685546875
2025-12-08,Upper Subansiri,0.0,121.13383483886719,121.13383483886719
2025-12-08,Uttar Bastar Kanker,0.0,-12.523056030273438,12.523056030273438
2025-12-08,Uttara Kannada,0.0,56.43287658691406,56.43287658691406
2025-12-08,Uttarkashi,0.0,-28.337600708007812,28.337600708007812
2025-12-08,Vadodara,0.0,209.58718872070312,209.58718872070312
2025-12-08,Vaishali,0.0,502.8631896972656,502.8631896972656
2025-12-08,Valsad,0.0,149.5342559814453,149.5342559814453
2025-12-08,Varanasi,0.0,444.84661865234375,444.84661865234375
2025-12-08,Vellore,0.0,213.25576782226562,213.25576782226562
2025-12-08,Vidisha,0.0,214.42987060546875,214.42987060546875
2025-12-08,Viluppuram,0.0,299.0876770019531,299.0876770019531
2025-12-08,Virudunagar,0.0,-10.5406494140625,10.5406494140625
2025-12-08,Visakhapatnam,0.0,141.6130828857422,141.6130828857422
2025-12-08,Vizianagaram,0.0,19.886985778808594,19.886985778808594
2025-12-08,Warangal,0.0,-13.812332153320312,13.812332153320312
2025-12-08,Wardha,0.0,-25.322402954101562,25.322402954101562
2025-12-08,Washim,0.0,-20.0230712890625,20.0230712890625
2025-12-08,Wayanad,0.0,-17.1138916015625,17.1138916015625
2025-12-08,West,0.0,-16.195419311523438,16.195419311523438
2025-12-08,West Garo Hills,0.0,204.36093139648438,204.36093139648438
2025-12-08,West Godavari,0.0,94.90583801269531,94.90583801269531
2025-12-08,West Kameng,0.0,-35.143341064453125,35.143341064453125
2025-12-08,West Khasi Hills,0.0,170.6422882080078,170.6422882080078
2025-12-08,West Tripura,0.0,-13.730484008789062,13.730484008789062
2025-12-08,Wokha,0.0,8.591300964355469,8.591300964355469
2025-12-08,Yadgir,0.0,161.96527099609375,161.96527099609375
2025-12-08,Yamunanagar,0.0,66.58326721191406,66.58326721191406
2025-12-08,Yanam,0.0,-7.8599700927734375,7.8599700927734375
2025-12-08,Yavatmal,0.0,101.29299926757812,101.29299926757812
2025-12-08,Zunheboto,0.0,-18.998336791992188,18.998336791992188
2025-12-15,Adilabad,77.0,74.67731475830078,2.3226852416992188
2025-12-15,Agra,0.0,-7.337158203125,7.337158203125
2025-12-15,Ahmadabad,0.0,-1.46087646484375,1.46087646484375
2025-12-15,Ahmadnagar,0.0,4.4521331787109375,4.4521331787109375
2025-12-15,Aizawl,23.0,21.924102783203125,1.075897216796875
2025-12-15,Ajmer,346.0,613.400390625,267.400390625
2025-12-15,Akola,198.0,139.65792846679688,58.342071533203125
2025-12-15,Alappuzha,145.0,121.89463806152344,23.105361938476562
2025-12-15,Aligarh,428.0,754.58740234375,326.58740234375
2025-12-15,Alirajpur,202.0,308.43890380859375,106.43890380859375
2025-12-15,Almora,48.0,34.3150634765625,13.6849365234375
2025-12-15,Alwar,616.0,910.52783203125,294.52783203125
2025-12-15,Ambala,150.0,263.05828857421875,113.05828857421875
2025-12-15,Ambedkar Nagar,230.0,469.7601013183594,239.76010131835938
2025-12-15,Amravati,323.0,341.6498718261719,18.649871826171875
2025-12-15,Amreli,163.0,165.6956329345703,2.6956329345703125
2025-12-15,Amritsar,223.0,122.041748046875,100.958251953125
2025-12-15,Anand,236.0,335.5552673339844,99.55526733398438
2025-12-15,Anantnag,116.0,275.2547607421875,159.2547607421875
2025-12-15,Anjaw,0.0,40.00706481933594,40.00706481933594
2025-12-15,Anugul,156.0,82.57380676269531,73.42619323730469
2025-12-15,Anuppur,212.0,253.63058471679688,41.630584716796875
2025-12-15,Araria,734.0,573.909912109375,160.090087890625
2025-12-15,Ariyalur,115.0,152.04852294921875,37.04852294921875
2025-12-15,Arwal,136.0,221.35202026367188,85.35202026367188
2025-12-15,Ashoknagar,787.0,830.9981079101562,43.99810791015625
2025-12-15,Auraiya,95.0,188.49713134765625,93.49713134765625
2025-12-15,Aurangabad,434.0,674.4310302734375,240.4310302734375
2025-12-15,Azamgarh,389.0,882.263916015625,493.263916015625
2025-12-15,Bagalkot,0.0,9.469985961914062,9.469985961914062
2025-12-15,Bageshwar,21.0,36.13300323486328,15.133003234863281
2025-12-15,Baghpat,146.0,381.7708740234375,235.7708740234375
2025-12-15,Bahraich,362.0,715.5546875,353.5546875
2025-12-15,Baksa,78.0,68.24459838867188,9.755401611328125
2025-12-15,Balaghat,244.0,455.0180358886719,211.01803588867188
2025-12-15,Balangir,265.0,224.6811065673828,40.31889343261719
2025-12-15,Baleshwar,0.0,10.185455322265625,10.185455322265625
2025-12-15,Ballia,384.0,679.2550048828125,295.2550048828125
2025-12-15,Balrampur,601.0,943.4720458984375,342.4720458984375
2025-12-15,Banas Kantha,0.0,-10.627273559570312,10.627273559570312
2025-12-15,Banda,213.0,510.1296691894531,297.1296691894531
2025-12-15,Banka,516.0,417.902099609375,98.097900390625
2025-12-15,Bankura,440.0,506.1565246582031,66.15652465820312
2025-12-15,Banswara,286.0,569.4760131835938,283.47601318359375
2025-12-15,Bara Banki,0.0,-1.1427154541015625,1.1427154541015625
2025-12-15,Baramula,0.0,-4.8291778564453125,4.8291778564453125
2025-12-15,Baran,215.0,520.6590576171875,305.6590576171875
2025-12-15,Barddhaman,0.0,7.656837463378906,7.656837463378906
2025-12-15,Bareilly,502.0,901.6066284179688,399.60662841796875
2025-12-15,Bargarh,216.0,223.867431640625,7.867431640625
2025-12-15,Barmer,555.0,808.3180541992188,253.31805419921875
2025-12-15,Barnala,42.0,25.685020446777344,16.314979553222656
2025-12-15,Barpeta,195.0,273.5708312988281,78.57083129882812
2025-12-15,Barwani,366.0,424.13494873046875,58.13494873046875
2025-12-15,Bastar,325.0,387.459716796875,62.459716796875
2025-12-15,Basti,469.0,850.3232421875,381.3232421875
2025-12-15,Bathinda,118.0,49.71174621582031,68.28825378417969
2025-12-15,Begusarai,851.0,807.6776733398438,43.32232666015625
2025-12-15,Betul,348.0,536.3759765625,188.3759765625
2025-12-15,Bhadrak,155.0,196.85049438476562,41.850494384765625
2025-12-15,Bhagalpur,579.0,776.8225708007812,197.82257080078125
2025-12-15,Bhandara,134.0,70.7952651977539,63.204734802246094
2025-12-15,Bharatpur,453.0,751.0267944335938,298.02679443359375
2025-12-15,Bharuch,167.0,253.28662109375,86.28662109375
2025-12-15,Bhavnagar,307.0,454.9656982421875,147.9656982421875
2025-12-15,Bhilwara,247.0,613.303466796875,366.303466796875
2025-12-15,Bhind,274.0,536.2811889648438,262.28118896484375
2025-12-15,Bhiwani,173.0,125.90751647949219,47.09248352050781
2025-12-15,Bhojpur,584.0,859.84326171875,275.84326171875
2025-12-15,Bhopal,470.0,518.5771484375,48.5771484375
2025-12-15,Bidar,213.0,413.4324951171875,200.4324951171875
2025-12-15,Bijapur,124.0,285.6823425292969,161.68234252929688
2025-12-15,Bijnor,512.0,767.1627197265625,255.1627197265625
2025-12-15,Bikaner,339.0,472.835693359375,133.835693359375
2025-12-15,Bilaspur,339.0,357.3524169921875,18.3524169921875
2025-12-15,Birbhum,392.0,558.0404052734375,166.0404052734375
2025-12-15,Bishnupur,21.0,89.03819274902344,68.03819274902344
2025-12-15,Bokaro,177.0,269.178466796875,92.178466796875
2025-12-15,Bongaigaon,58.0,146.91436767578125,88.91436767578125
2025-12-15,Budaun,327.0,649.0508422851562,322.05084228515625
2025-12-15,Bulandshahr,478.0,816.478271484375,338.478271484375
2025-12-15,Buldana,0.0,1.6609039306640625,1.6609039306640625
2025-12-15,Bundi,170.0,434.5444641113281,264.5444641113281
2025-12-15,Burhanpur,162.0,263.12677001953125,101.12677001953125
2025-12-15,Buxar,360.0,495.0548400878906,135.05484008789062
2025-12-15,Cachar,0.0,-2.6861724853515625,2.6861724853515625
2025-12-15,Central,0.0,-7.6429901123046875,7.6429901123046875
2025-12-15,Chamba,45.0,61.259254455566406,16.259254455566406
2025-12-15,Chamoli,69.0,33.9539794921875,35.0460205078125
2025-12-15,Champawat,30.0,45.09674835205078,15.096748352050781
2025-12-15,Champhai,11.0,-56.83512878417969,67.83512878417969
2025-12-15,Chamrajnagar,0.0,10.805686950683594,10.805686950683594
2025-12-15,Chandauli,149.0,356.93890380859375,207.93890380859375
2025-12-15,Chandel,25.0,30.419113159179688,5.4191131591796875
2025-12-15,Chandigarh,148.0,80.68466186523438,67.31533813476562
2025-12-15,Chandrapur,176.0,179.1450958251953,3.1450958251953125
2025-12-15,Changlang,2.0,22.611709594726562,20.611709594726562
2025-12-15,Chatra,252.0,516.0992431640625,264.0992431640625
2025-12-15,Chennai,549.0,508.9827575683594,40.017242431640625
2025-12-15,Chhatarpur,600.0,618.8250732421875,18.8250732421875
2025-12-15,Chhindwara,417.0,555.6356811523438,138.63568115234375
2025-12-15,Chikkaballapura,155.0,226.01055908203125,71.01055908203125
2025-12-15,Chikmagalur,0.0,9.936027526855469,9.936027526855469
2025-12-15,Chirang,76.0,41.01202392578125,34.98797607421875
2025-12-15,Chitradurga,248.0,269.4697265625,21.4697265625
2025-12-15,Chitrakoot,275.0,443.0052490234375,168.0052490234375
2025-12-15,Chittaurgarh,0.0,7.948631286621094,7.948631286621094
2025-12-15,Chittoor,325.0,442.8876647949219,117.88766479492188
2025-12-15,Churachandpur,40.0,13.806549072265625,26.193450927734375
2025-12-15,Churu,401.0,642.748779296875,241.748779296875
2025-12-15,Coimbatore,416.0,439.67138671875,23.67138671875
2025-12-15,Cuddalore,403.0,485.0163269042969,82.01632690429688
2025-12-15,Cuttack,243.0,97.08784484863281,145.9121551513672
2025-12-15,Dadra & Nagar Haveli,0.0,-9.964569091796875,9.964569091796875
2025-12-15,Dakshin Bastar Dantewada,0.0,5.126861572265625,5.126861572265625
2025-12-15,Dakshina Kannada,371.0,358.0429382324219,12.957061767578125
2025-12-15,Damoh,220.0,460.23101806640625,240.23101806640625
2025-12-15,Darbhanga,894.0,855.28125,38.71875
2025-12-15,Darrang,171.0,450.96343994140625,279.96343994140625
2025-12-15,Datia,201.0,513.105224609375,312.105224609375
2025-12-15,Dausa,222.0,492.4416198730469,270.4416198730469
2025-12-15,Davanagere,372.0,264.28759765625,107.71240234375
2025-12-15,Debagarh,37.0,34.56248474121094,2.4375152587890625
2025-12-15,Dehradun,205.0,192.636474609375,12.363525390625
2025-12-15,Deoghar,265.0,673.954345703125,408.954345703125
2025-12-15,Deoria,354.0,591.5463256835938,237.54632568359375
2025-12-15,Dewas,325.0,626.60888671875,301.60888671875
2025-12-15,Dhalai,61.0,44.095130920410156,16.904869079589844
2025-12-15,Dhamtari,92.0,67.05805969238281,24.941940307617188
2025-12-15,Dhanbad,240.0,621.7083740234375,381.7083740234375
2025-12-15,Dhar,503.0,631.5003662109375,128.5003662109375
2025-12-15,Dharmapuri,261.0,431.8382263183594,170.83822631835938
2025-12-15,Dharwad,240.0,257.1664123535156,17.166412353515625
2025-12-15,Dhemaji,108.0,288.45977783203125,180.45977783203125
2025-12-15,Dhenkanal,159.0,54.90690612792969,104.09309387207031
2025-12-15,Dhubri,267.0,489.4930114746094,222.49301147460938
2025-12-15,Dhule,289.0,452.0545654296875,163.0545654296875
2025-12-15,Dibang Valley,1.0,11.882476806640625,10.882476806640625
2025-12-15,Dibrugarh,75.0,330.772705078125,255.772705078125
2025-12-15,Dima Hasao,27.0,8.20477294921875,18.79522705078125
2025-12-15,Dimapur,15.0,-0.8126220703125,15.8126220703125
2025-12-15,Dindigul,301.0,382.77532958984375,81.77532958984375
2025-12-15,Dindori,171.0,122.79502868652344,48.20497131347656
2025-12-15,Diu,6.0,35.7015380859375,29.7015380859375
2025-12-15,Doda,178.0,222.26553344726562,44.265533447265625
2025-12-15,Dumka,147.0,397.5958557128906,250.59585571289062
2025-12-15,Dungarpur,267.0,412.83819580078125,145.83819580078125
2025-12-15,Durg,115.0,102.39100646972656,12.608993530273438
2025-12-15,East,0.0,-8.36956787109375,8.36956787109375
2025-12-15,East Garo Hills,8.0,134.61532592773438,126.61532592773438
2025-12-15,East Godavari,273.0,414.94610595703125,141.94610595703125
2025-12-15,East Kameng,2.0,43.6470947265625,41.6470947265625
2025-12-15,East Khasi Hills,84.0,327.5384521484375,243.5384521484375
2025-12-15,East Siang,8.0,-12.5047607421875,20.5047607421875
2025-12-15,Ernakulam,253.0,382.9964294433594,129.99642944335938
2025-12-15,Erode,303.0,392.3868408203125,89.3868408203125
2025-12-15,Etah,159.0,477.82452392578125,318.82452392578125
2025-12-15,Etawah,198.0,307.9205627441406,109.92056274414062
2025-12-15,Faridabad,229.0,580.6192626953125,351.6192626953125
2025-12-15,Faridkot,50.0,8.262405395507812,41.73759460449219
2025-12-15,Farrukhabad,256.0,362.757080078125,106.757080078125
2025-12-15,Fatehabad,143.0,154.73052978515625,11.73052978515625
2025-12-15,Fatehgarh Sahib,47.0,33.560203552246094,13.439796447753906
2025-12-15,Fatehpur,395.0,738.9994506835938,343.99945068359375
2025-12-15,Firozabad,246.0,301.36102294921875,55.36102294921875
2025-12-15,Gadag,141.0,225.5364990234375,84.5364990234375
2025-12-15,Gajapati,65.0,31.151519775390625,33.848480224609375
2025-12-15,Ganderbal,23.0,95.17044067382812,72.17044067382812
2025-12-15,Gandhinagar,154.0,287.1910400390625,133.1910400390625
2025-12-15,Ganganagar,242.0,200.52174377441406,41.47825622558594
2025-12-15,Ganjam,455.0,403.7880554199219,51.211944580078125
2025-12-15,Garhchiroli,0.0,-1.5449371337890625,1.5449371337890625
2025-12-15,Garhwa,306.0,400.37640380859375,94.37640380859375
2025-12-15,Gautam Buddha Nagar,252.0,606.4989624023438,354.49896240234375
2025-12-15,Gaya,893.0,754.483154296875,138.516845703125
2025-12-15,Ghaziabad,405.0,921.614990234375,516.614990234375
2025-12-15,Ghazipur,296.0,611.164306640625,315.164306640625
2025-12-15,Giridih,473.0,916.4323120117188,443.43231201171875
2025-12-15,Goalpara,135.0,117.78935241699219,17.210647583007812
2025-12-15,Godda,210.0,467.0015869140625,257.0015869140625
2025-12-15,Golaghat,102.0,232.13662719726562,130.13662719726562
2025-12-15,Gonda,344.0,711.8322143554688,367.83221435546875
2025-12-15,Gondiya,0.0,2.641021728515625,2.641021728515625
2025-12-15,Gopalganj,520.0,620.5799560546875,100.5799560546875
2025-12-15,Gorakhpur,581.0,853.8362426757812,272.83624267578125
2025-12-15,Gumla,177.0,423.42822265625,246.42822265625
2025-12-15,Guna,384.0,521.5858154296875,137.5858154296875
2025-12-15,Guntur,391.0,443.39990234375,52.39990234375
2025-12-15,Gurdaspur,185.0,76.9129638671875,108.0870361328125
2025-12-15,Gwalior,303.0,725.4421997070312,422.44219970703125
2025-12-15,Hailakandi,80.0,190.3987274169922,110.39872741699219
2025-12-15,Hamirpur,172.0,208.40316772460938,36.403167724609375
2025-12-15,Hanumangarh,141.0,150.66470336914062,9.664703369140625
2025-12-15,Harda,100.0,283.8851013183594,183.88510131835938
2025-12-15,Hardoi,421.0,830.3236083984375,409.3236083984375
2025-12-15,Hardwar,0.0,-5.2281951904296875,5.2281951904296875
2025-12-15,Hassan,187.0,140.67604064941406,46.32395935058594
2025-12-15,Haveri,248.0,268.1614990234375,20.1614990234375
2025-12-15,Hazaribagh,238.0,456.45587158203125,218.45587158203125
2025-12-15,Hingoli,155.0,340.0152587890625,185.0152587890625
2025-12-15,Hisar,186.0,324.5589599609375,138.5589599609375
2025-12-15,Hoshiarpur,153.0,64.12155151367188,88.87844848632812
2025-12-15,Hyderabad,835.0,743.0595092773438,91.94049072265625
2025-12-15,Idukki,76.0,43.10565185546875,32.89434814453125
2025-12-15,Imphal East,37.0,20.916770935058594,16.083229064941406
2025-12-15,Imphal West,35.0,14.756843566894531,20.24315643310547
2025-12-15,Indore,666.0,805.7677001953125,139.7677001953125
2025-12-15,Jabalpur,483.0,544.5220336914062,61.52203369140625
2025-12-15,Jagatsinghapur,150.0,100.69073486328125,49.30926513671875
2025-12-15,Jaintia Hills,0.0,-10.13812255859375,10.13812255859375
2025-12-15,Jaipur,845.0,936.0862426757812,91.08624267578125
2025-12-15,Jaisalmer,84.0,55.69890594482422,28.30109405517578
2025-12-15,Jajapur,0.0,10.192611694335938,10.192611694335938
2025-12-15,Jalandhar,181.0,109.16706848144531,71.83293151855469
2025-12-15,Jalaun,190.0,334.0644836425781,144.06448364257812
2025-12-15,Jalgaon,550.0,442.21514892578125,107.78485107421875
2025-12-15,Jalna,236.0,352.73687744140625,116.73687744140625
2025-12-15,Jalor,0.0,-10.905502319335938,10.905502319335938
2025-12-15,Jalpaiguri,374.0,440.30206298828125,66.30206298828125
2025-12-15,Jammu,205.0,225.66802978515625,20.66802978515625
2025-12-15,Jamnagar,167.0,233.7461395263672,66.74613952636719
2025-12-15,Jamtara,110.0,397.9382629394531,287.9382629394531
2025-12-15,Jamui,217.0,493.77996826171875,276.77996826171875
2025-12-15,Janjgir-Champa,203.0,340.8197326660156,137.81973266601562
2025-12-15,Jashpur,102.0,57.939544677734375,44.060455322265625
2025-12-15,Jaunpur,453.0,712.48291015625,259.48291015625
2025-12-15,Jehanabad,214.0,226.41070556640625,12.41070556640625
2025-12-15,Jhabua,329.0,473.0234069824219,144.02340698242188
2025-12-15,Jhajjar,132.0,102.66011047363281,29.339889526367188
2025-12-15,Jhalawar,253.0,542.9743041992188,289.97430419921875
2025-12-15,Jhansi,266.0,355.89862060546875,89.89862060546875
2025-12-15,Jharsuguda,48.0,71.36103820800781,23.361038208007812
2025-12-15,Jhunjhunun,0.0,9.009719848632812,9.009719848632812
2025-12-15,Jind,186.0,157.6223602294922,28.377639770507812
2025-12-15,Jodhpur,666.0,952.8463745117188,286.84637451171875
2025-12-15,Jorhat,75.0,231.27272033691406,156.27272033691406
2025-12-15,Junagadh,243.0,336.1405334472656,93.14053344726562
2025-12-15,Kachchh,406.0,424.0968017578125,18.0968017578125
2025-12-15,Kaimur (Bhabua),0.0,-7.1779937744140625,7.1779937744140625
2025-12-15,Kaithal,115.0,82.01454162597656,32.98545837402344
2025-12-15,Kalahandi,165.0,199.6107177734375,34.6107177734375
2025-12-15,Kamrup,206.0,363.7838439941406,157.78384399414062
2025-12-15,Kancheepuram,0.0,6.1943817138671875,6.1943817138671875
2025-12-15,Kandhamal,115.0,78.08857727050781,36.91142272949219
2025-12-15,Kangra,134.0,183.56146240234375,49.56146240234375
2025-12-15,Kannauj,191.0,381.60894775390625,190.60894775390625
2025-12-15,Kanniyakumari,0.0,6.073455810546875,6.073455810546875
2025-12-15,Kannur,208.0,464.403076171875,256.403076171875
2025-12-15,Kanpur Dehat,162.0,268.05523681640625,106.05523681640625
2025-12-15,Kanpur Nagar,520.0,959.6902465820312,439.69024658203125
2025-12-15,Kapurthala,75.0,115.74627685546875,40.74627685546875
2025-12-15,Karaikal,11.0,32.76178741455078,21.76178741455078
2025-12-15,Karauli,213.0,540.4703369140625,327.4703369140625
2025-12-15,Karbi Anglong,97.0,296.12451171875,199.12451171875
2025-12-15,Kargil,62.0,44.84661102294922,17.15338897705078
2025-12-15,Karimganj,292.0,595.8585815429688,303.85858154296875
2025-12-15,Karimnagar,170.0,177.743896484375,7.743896484375
2025-12-15,Karnal,199.0,150.96340942382812,48.036590576171875
2025-12-15,Karur,188.0,305.4913330078125,117.4913330078125
2025-12-15,Kasaragod,181.0,341.9908752441406,160.99087524414062
2025-12-15,Kathua,174.0,288.79473876953125,114.79473876953125
2025-12-15,Katihar,753.0,650.6100463867188,102.38995361328125
2025-12-15,Katni,367.0,529.1072998046875,162.1072998046875
2025-12-15,Kaushambi,274.0,506.0716247558594,232.07162475585938
2025-12-15,Kendrapara,209.0,177.69952392578125,31.30047607421875
2025-12-15,Kendujhar,422.0,119.86920166015625,302.13079833984375
2025-12-15,Khagaria,574.0,522.3516845703125,51.6483154296875
2025-12-15,Khammam,120.0,130.85638427734375,10.85638427734375
2025-12-15,Kheda,220.0,475.689697265625,255.689697265625
2025-12-15,Kheri,0.0,-7.2836761474609375,7.2836761474609375
2025-12-15,Khordha,271.0,332.763427734375,61.763427734375
2025-12-15,Khunti,78.0,103.32660675048828,25.32660675048828
2025-12-15,Kinnaur,2.0,32.32274627685547,30.32274627685547
2025-12-15,Kiphire,3.0,34.599822998046875,31.599822998046875
2025-12-15,Kishanganj,267.0,396.0691223144531,129.06912231445312
2025-12-15,Kishtwar,102.0,242.09909057617188,140.09909057617188
2025-12-15,Kodagu,94.0,87.77696228027344,6.2230377197265625
2025-12-15,Kodarma,170.0,252.06687927246094,82.06687927246094
2025-12-15,Kohima,7.0,19.180572509765625,12.180572509765625
2025-12-15,Kokrajhar,111.0,175.94924926757812,64.94924926757812
2025-12-15,Kolar,157.0,363.42724609375,206.42724609375
2025-12-15,Kolasib,5.0,14.066123962402344,9.066123962402344
2025-12-15,Kolhapur,368.0,399.3117370605469,31.311737060546875
2025-12-15,Kolkata,455.0,502.88653564453125,47.88653564453125
2025-12-15,Kollam,224.0,327.6949462890625,103.6949462890625
2025-12-15,Koppal,192.0,398.9276123046875,206.9276123046875
2025-12-15,Koraput,126.0,124.49755096435547,1.5024490356445312
2025-12-15,Korba,140.0,160.5672607421875,20.5672607421875
2025-12-15,Koriya,65.0,40.071441650390625,24.928558349609375
2025-12-15,Kota,271.0,454.16168212890625,183.16168212890625
2025-12-15,Kottayam,126.0,118.22468566894531,7.7753143310546875
2025-12-15,Kozhikode,285.0,427.22393798828125,142.22393798828125
2025-12-15,Krishna,264.0,403.61773681640625,139.61773681640625
2025-12-15,Krishnagiri,263.0,360.5405578613281,97.54055786132812
2025-12-15,Kulgam,61.0,151.96682739257812,90.96682739257812
2025-12-15,Kullu,20.0,22.82701873779297,2.8270187377929688
2025-12-15,Kupwara,123.0,358.689697265625,235.689697265625
2025-12-15,Kurnool,391.0,457.32305908203125,66.32305908203125
2025-12-15,Kurukshetra,126.0,115.75099182128906,10.249008178710938
2025-12-15,Kurung Kumey,0.0,73.7551040649414,73.7551040649414
2025-12-15,Kushinagar,405.0,731.4470825195312,326.44708251953125
2025-12-15,Lakhimpur,152.0,262.1951599121094,110.19515991210938
2025-12-15,Lakhisarai,266.0,367.41845703125,101.41845703125
2025-12-15,Lakshadweep,0.0,8.405174255371094,8.405174255371094
2025-12-15,Lalitpur,153.0,440.0452880859375,287.0452880859375
2025-12-15,Latehar,91.0,183.7303466796875,92.7303466796875
2025-12-15,Latur,227.0,450.0249328613281,223.02493286132812
2025-12-15,Lawangtlai,0.0,-6.489166259765625,6.489166259765625
2025-12-15,Leh (Ladakh),0.0,4.222442626953125,4.222442626953125
2025-12-15,Lohardaga,153.0,88.58319091796875,64.41680908203125
2025-12-15,Lohit,2.0,-20.406173706054688,22.406173706054688
2025-12-15,Longleng,0.0,-2.4007568359375,2.4007568359375
2025-12-15,Lower Dibang Valley,6.0,21.18531036376953,15.185310363769531
2025-12-15,Lower Subansiri,1.0,42.616722106933594,41.616722106933594
2025-12-15,Lucknow,738.0,925.0844116210938,187.08441162109375
2025-12-15,Ludhiana,296.0,365.1039123535156,69.10391235351562
2025-12-15,Lunglei,13.0,60.813720703125,47.813720703125
2025-12-15,Madhepura,477.0,477.49273681640625,0.49273681640625
2025-12-15,Madhubani,1010.0,849.3290405273438,160.67095947265625
2025-12-15,Madurai,390.0,487.4387512207031,97.43875122070312
2025-12-15,Maharajganj,375.0,688.136962890625,313.136962890625
2025-12-15,Mahasamund,127.0,348.781005859375,221.781005859375
2025-12-15,Mahbubnagar,0.0,9.393547058105469,9.393547058105469
2025-12-15,Mahendragarh,112.0,226.30035400390625,114.30035400390625
2025-12-15,Mahesana,205.0,303.2352294921875,98.2352294921875
2025-12-15,Mahoba,147.0,209.0237579345703,62.02375793457031
2025-12-15,Mainpuri,287.0,481.32452392578125,194.32452392578125
2025-12-15,Malappuram,708.0,605.6907958984375,102.3092041015625
2025-12-15,Maldah,0.0,0.469635009765625,0.469635009765625
2025-12-15,Malkangiri,44.0,127.17204284667969,83.17204284667969
2025-12-15,Mamit,10.0,15.925010681152344,5.925010681152344
2025-12-15,Mandi,94.0,67.01417541503906,26.985824584960938
2025-12-15,Mandla,208.0,455.4640808105469,247.46408081054688
2025-12-15,Mandsaur,261.0,610.5302124023438,349.53021240234375
2025-12-15,Mandya,264.0,320.09942626953125,56.09942626953125
2025-12-15,Mansa,65.0,24.454788208007812,40.54521179199219
2025-12-15,Marigaon,164.0,257.9407653808594,93.94076538085938
2025-12-15,Mathura,314.0,699.0265502929688,385.02655029296875
2025-12-15,Mau,219.0,452.53436279296875,233.53436279296875
2025-12-15,Mayurbhanj,205.0,266.00628662109375,61.00628662109375
2025-12-15,Medak,198.0,428.82989501953125,230.82989501953125
2025-12-15,Meerut,351.0,865.7778930664062,514.7778930664062
2025-12-15,Mirzapur,241.0,501.2234191894531,260.2234191894531
2025-12-15,Moga,61.0,14.307746887207031,46.69225311279297
2025-12-15,Mokokchung,5.0,40.79707336425781,35.79707336425781
2025-12-15,Mon,6.0,-47.13067626953125,53.13067626953125
2025-12-15,Moradabad,299.0,715.3009643554688,416.30096435546875
2025-12-15,Morena,619.0,703.5621948242188,84.56219482421875
2025-12-15,Muktsar,0.0,3.5174560546875,3.5174560546875
2025-12-15,Mumbai,1395.0,736.3163452148438,658.6836547851562
2025-12-15,Munger,264.0,350.76202392578125,86.76202392578125
2025-12-15,Murshidabad,795.0,729.4931030273438,65.50689697265625
2025-12-15,Muzaffarnagar,231.0,654.3057861328125,423.3057861328125
2025-12-15,Muzaffarpur,832.0,912.73779296875,80.73779296875
2025-12-15,Nabarangapur,0.0,-8.1624755859375,8.1624755859375
2025-12-15,Nadia,665.0,562.073974609375,102.926025390625
2025-12-15,Nagaon,288.0,349.4754943847656,61.475494384765625
2025-12-15,Nagappattinam,0.0,9.86602783203125,9.86602783203125
2025-12-15,Nagaur,453.0,778.2140502929688,325.21405029296875
2025-12-15,Nagpur,441.0,535.189697265625,94.189697265625
2025-12-15,Nainital,56.0,152.53648376464844,96.53648376464844
2025-12-15,Nalanda,376.0,378.9398193359375,2.9398193359375
2025-12-15,Nalbari,86.0,140.19967651367188,54.199676513671875
2025-12-15,Nalgonda,145.0,370.1889343261719,225.18893432617188
2025-12-15,Namakkal,186.0,289.15850830078125,103.15850830078125
2025-12-15,Nanded,450.0,372.17498779296875,77.82501220703125
2025-12-15,Nandurbar,267.0,407.18359375,140.18359375
2025-12-15,Narayanpur,32.0,249.70538330078125,217.70538330078125
2025-12-15,Narmada,76.0,63.647125244140625,12.352874755859375
2025-12-15,Nashik,810.0,770.8005981445312,39.19940185546875
2025-12-15,Navsari,76.0,150.4474639892578,74.44746398925781
2025-12-15,Nawada,258.0,304.1484375,46.1484375
2025-12-15,Nayagarh,120.0,47.070037841796875,72.92996215820312
2025-12-15,Neemuch,129.0,493.630126953125,364.630126953125
2025-12-15,New Delhi,7.0,28.971664428710938,21.971664428710938
2025-12-15,Nicobar,0.0,-0.4522705078125,0.4522705078125
2025-12-15,Nizamabad,133.0,297.05731201171875,164.05731201171875
2025-12-15,North,0.0,-10.831253051757812,10.831253051757812
2025-12-15,North & Middle Andaman,0.0,-0.53094482421875,0.53094482421875
2025-12-15,North 24 Parganas,1509.0,637.82861328125,871.17138671875
2025-12-15,North Goa,29.0,30.604171752929688,1.6041717529296875
2025-12-15,North Tripura,66.0,26.464988708496094,39.535011291503906
2025-12-15,Nuapada,86.0,159.37864685058594,73.37864685058594
2025-12-15,Pakur,55.0,67.75839233398438,12.758392333984375
2025-12-15,Palakkad,336.0,421.2953186035156,85.29531860351562
2025-12-15,Palamu,304.0,779.7314453125,475.7314453125
2025-12-15,Pali,224.0,578.30029296875,354.30029296875
2025-12-15,Palwal,151.0,488.7056579589844,337.7056579589844
2025-12-15,Panch Mahals,0.0,0.57647705078125,0.57647705078125
2025-12-15,Panchkula,66.0,57.73490905761719,8.265090942382812
2025-12-15,Panipat,140.0,143.28077697753906,3.2807769775390625
2025-12-15,Panna,245.0,485.4327697753906,240.43276977539062
2025-12-15,Papum Pare,4.0,-33.46519470214844,37.46519470214844
2025-12-15,Parbhani,204.0,461.71771240234375,257.71771240234375
2025-12-15,Pashchim Champaran,2915.0,1174.882568359375,1740.117431640625
2025-12-15,Pashchim Medinipur,0.0,4.763336181640625,4.763336181640625
2025-12-15,Pashchimi Singhbhum,477.0,758.6796264648438,281.67962646484375
2025-12-15,Patan,132.0,327.82666015625,195.82666015625
2025-12-15,Pathanamthitta,83.0,26.362655639648438,56.63734436035156
2025-12-15,Patiala,181.0,52.384117126464844,128.61587524414062
2025-12-15,Patna,865.0,892.2052001953125,27.2052001953125
2025-12-15,Perambalur,98.0,64.73802947998047,33.26197052001953
2025-12-15,Peren,1.0,-51.92718505859375,52.92718505859375
2025-12-15,Phek,0.0,69.62165832519531,69.62165832519531
2025-12-15,Pilibhit,206.0,484.2336120605469,278.2336120605469
2025-12-15,Pithoragarh,56.0,26.88458251953125,29.11541748046875
2025-12-15,Porbandar,67.0,42.366546630859375,24.633453369140625
2025-12-15,Prakasam,255.0,413.9324035644531,158.93240356445312
2025-12-15,Pratapgarh,476.0,669.5700073242188,193.57000732421875
2025-12-15,Puducherry,65.0,56.50389862060547,8.496101379394531
2025-12-15,Pudukkottai,342.0,390.62030029296875,48.62030029296875
2025-12-15,Pulwama,81.0,57.664215087890625,23.335784912109375
2025-12-15,Punch,121.0,317.48297119140625,196.48297119140625
2025-12-15,Pune,1369.0,761.9881591796875,607.0118408203125
2025-12-15,Purba Champaran,9.0,10.266746520996094,1.2667465209960938
2025-12-15,Purba Medinipur,454.0,501.09661865234375,47.09661865234375
2025-12-15,Purbi Singhbhum,30.0,22.087905883789062,7.9120941162109375
2025-12-15,Puri,174.0,225.10525512695312,51.105255126953125
2025-12-15,Puruliya,0.0,2.06280517578125,2.06280517578125
2025-12-15,Rae Bareli,340.0,506.8027038574219,166.80270385742188
2025-12-15,Raichur,455.0,577.097412109375,122.097412109375
2025-12-15,Raigarh,139.0,324.9487609863281,185.94876098632812
2025-12-15,Raipur,172.0,507.78790283203125,335.78790283203125
2025-12-15,Raisen,272.0,445.8756408691406,173.87564086914062
2025-12-15,Rajgarh,616.0,528.9133911132812,87.08660888671875
2025-12-15,Rajkot,345.0,600.7244873046875,255.7244873046875
2025-12-15,Rajnandgaon,118.0,374.05914306640625,256.05914306640625
2025-12-15,Rajouri,139.0,264.12603759765625,125.12603759765625
2025-12-15,Rajsamand,123.0,326.9774169921875,203.9774169921875
2025-12-15,Ramanagara,0.0,78.76099395751953,78.76099395751953
2025-12-15,Ramanathapuram,181.0,210.9495391845703,29.949539184570312
2025-12-15,Ramban,159.0,187.7978973388672,28.797897338867188
2025-12-15,Ramgarh,82.0,128.3776397705078,46.37763977050781
2025-12-15,Ranchi,307.0,857.1696166992188,550.1696166992188
2025-12-15,Rangareddy,0.0,12.95770263671875,12.95770263671875
2025-12-15,Ratlam,220.0,687.3116455078125,467.3116455078125
2025-12-15,Ratnagiri,172.0,51.15541076660156,120.84458923339844
2025-12-15,Rayagada,74.0,151.313232421875,77.313232421875
2025-12-15,Reasi,51.0,176.2298583984375,125.2298583984375
2025-12-15,Rewa,379.0,611.2926025390625,232.2926025390625
2025-12-15,Rewari,120.0,137.11642456054688,17.116424560546875
2025-12-15,Ri Bhoi,91.0,220.54129028320312,129.54129028320312
2025-12-15,Rohtak,161.0,124.32363891601562,36.676361083984375
2025-12-15,Rohtas,522.0,561.17431640625,39.17431640625
2025-12-15,Rudraprayag,38.0,51.318336486816406,13.318336486816406
2025-12-15,Rupnagar,60.0,18.834197998046875,41.165802001953125
2025-12-15,Sabar Kantha,0.0,3.0352020263671875,3.0352020263671875
2025-12-15,Sagar,0.0,6.89312744140625,6.89312744140625
2025-12-15,Saharanpur,512.0,755.7706909179688,243.77069091796875
2025-12-15,Saharsa,497.0,607.019775390625,110.019775390625
2025-12-15,Sahibganj,165.0,614.6763305664062,449.67633056640625
2025-12-15,Sahibzada Ajit Singh Nagar,141.0,78.12486267089844,62.87513732910156
2025-12-15,Saiha,3.0,71.31536865234375,68.31536865234375
2025-12-15,Salem,494.0,458.5548400878906,35.445159912109375
2025-12-15,Samastipur,1090.0,930.00634765625,159.99365234375
2025-12-15,Samba,26.0,-30.50103759765625,56.50103759765625
2025-12-15,Sambalpur,129.0,83.937255859375,45.062744140625
2025-12-15,Sangli,347.0,200.27452087402344,146.72547912597656
2025-12-15,Sangrur,109.0,12.49847412109375,96.50152587890625
2025-12-15,Sant Kabir Nagar,269.0,464.2490539550781,195.24905395507812
2025-12-15,Sant Ravi Das Nagar(Bhadohi),0.0,3.559295654296875,3.559295654296875
2025-12-15,Saraikela-Kharsawan,0.0,3.0738067626953125,3.0738067626953125
2025-12-15,Satara,332.0,295.9315185546875,36.0684814453125
2025-12-15,Satna,484.0,651.5654296875,167.5654296875
2025-12-15,Sawai Madhopur,189.0,431.6239013671875,242.6239013671875
2025-12-15,Sehore,352.0,127.84571838378906,224.15428161621094
2025-12-15,Senapati,57.0,52.006248474121094,4.993751525878906
2025-12-15,Seoni,344.0,478.79779052734375,134.79779052734375
2025-12-15,Serchhip,3.0,10.570671081542969,7.570671081542969
2025-12-15,Shahdol,354.0,277.21246337890625,76.78753662109375
2025-12-15,Shahid Bhagat Singh Nagar,62.0,-13.620330810546875,75.62033081054688
2025-12-15,Shahjahanpur,258.0,678.8450927734375,420.8450927734375
2025-12-15,Shajapur,305.0,478.0704040527344,173.07040405273438
2025-12-15,Sheikhpura,194.0,79.83582305908203,114.16417694091797
2025-12-15,Sheohar,226.0,314.38385009765625,88.38385009765625
2025-12-15,Sheopur,260.0,474.7607727050781,214.76077270507812
2025-12-15,Shimla,51.0,31.851837158203125,19.148162841796875
2025-12-15,Shivpuri,440.0,589.8538818359375,149.8538818359375
2025-12-15,Siddharth Nagar,345.0,810.079833984375,465.079833984375
2025-12-15,Sidhi,255.0,437.1392517089844,182.13925170898438
2025-12-15,Sikar,294.0,569.3423461914062,275.34234619140625
2025-12-15,Simdega,67.0,161.92648315429688,94.92648315429688
2025-12-15,Sindhudurg,46.0,35.212615966796875,10.787384033203125
2025-12-15,Singrauli,305.0,429.64642333984375,124.64642333984375
2025-12-15,Sirmaur,54.0,113.19316864013672,59.19316864013672
2025-12-15,Sirohi,221.0,627.8047485351562,406.80474853515625
2025-12-15,Sirsa,233.0,186.7042999267578,46.29570007324219
2025-12-15,Sitamarhi,849.0,742.6427612304688,106.35723876953125
2025-12-15,Sitapur,576.0,890.6187744140625,314.6187744140625
2025-12-15,Sivaganga,211.0,307.59222412109375,96.59222412109375
2025-12-15,Sivasagar,34.0,32.08381652832031,1.9161834716796875
2025-12-15,Siwan,625.0,821.1267700195312,196.12677001953125
2025-12-15,Solan,33.0,52.442909240722656,19.442909240722656
2025-12-15,Solapur,553.0,558.0722045898438,5.07220458984375
2025-12-15,Sonbhadra,125.0,172.64088439941406,47.64088439941406
2025-12-15,Sonipat,133.0,220.86773681640625,87.86773681640625
2025-12-15,Sonitpur,244.0,496.344970703125,252.344970703125
2025-12-15,South,0.0,-5.492431640625,5.492431640625
2025-12-15,South 24 Parganas,1099.0,809.9053955078125,289.0946044921875
2025-12-15,South Andaman,0.0,0.529449462890625,0.529449462890625
2025-12-15,South Garo Hills,4.0,132.1577911376953,128.1577911376953
2025-12-15,South Goa,30.0,18.294212341308594,11.705787658691406
2025-12-15,South Tripura,86.0,103.5774154663086,17.577415466308594
2025-12-15,Sri Potti Sriramulu Nellore,265.0,422.5646057128906,157.56460571289062
2025-12-15,Srikakulam,159.0,225.67929077148438,66.67929077148438
2025-12-15,Srinagar,104.0,147.1265106201172,43.12651062011719
2025-12-15,Subarnapur,58.0,47.082244873046875,10.917755126953125
2025-12-15,Sultanpur,227.0,520.7559814453125,293.7559814453125
2025-12-15,Sundargarh,241.0,73.53964233398438,167.46035766601562
2025-12-15,Supaul,519.0,491.5404357910156,27.459564208984375
2025-12-15,Surat,700.0,812.3571166992188,112.35711669921875
2025-12-15,Surendranagar,141.0,326.1642761230469,185.16427612304688
2025-12-15,Surguja,218.0,164.5526123046875,53.4473876953125
2025-12-15,Tamenglong,24.0,65.46302032470703,41.46302032470703
2025-12-15,Tapi,55.0,124.52592468261719,69.52592468261719
2025-12-15,Tarn Taran,83.0,20.311363220214844,62.688636779785156
2025-12-15,Tawang,1.0,-25.13763427734375,26.13763427734375
2025-12-15,Tehri Garhwal,125.0,82.70048522949219,42.29951477050781
2025-12-15,Thane,1240.0,806.2473754882812,433.75262451171875
2025-12-15,Thanjavur,453.0,408.67431640625,44.32568359375
2025-12-15,The Dangs,0.0,-6.4372100830078125,6.4372100830078125
2025-12-15,The Nilgiris,52.0,53.009864807128906,1.0098648071289062
2025-12-15,Theni,154.0,268.2132568359375,114.2132568359375
2025-12-15,Thiruvallur,0.0,6.6330108642578125,6.6330108642578125
2025-12-15,Thiruvananthapuram,278.0,380.48126220703125,102.48126220703125
2025-12-15,Thiruvarur,0.0,10.414176940917969,10.414176940917969
2025-12-15,Thoothukkudi,0.0,7.4289398193359375,7.4289398193359375
2025-12-15,Thoubal,23.0,33.820472717285156,10.820472717285156
2025-12-15,Thrissur,243.0,467.1761474609375,224.1761474609375
2025-12-15,Tikamgarh,384.0,563.93701171875,179.93701171875
2025-12-15,Tinsukia,519.0,396.7593994140625,122.2406005859375
2025-12-15,Tirap,2.0,22.340599060058594,20.340599060058594
2025-12-15,Tiruchirappalli,419.0,446.9259033203125,27.9259033203125
2025-12-15,Tirunelveli,398.0,449.6157531738281,51.615753173828125
2025-12-15,Tiruppur,259.0,425.3161926269531,166.31619262695312
2025-12-15,Tiruvannamalai,267.0,439.03741455078125,172.03741455078125
2025-12-15,Tonk,117.0,493.6947021484375,376.6947021484375
2025-12-15,Tuensang,8.0,66.1648941040039,58.164894104003906
2025-12-15,Tumkur,0.0,11.847373962402344,11.847373962402344
2025-12-15,Udaipur,483.0,877.86962890625,394.86962890625
2025-12-15,Udalguri,86.0,197.0267791748047,111.02677917480469
2025-12-15,Udham Singh Nagar,233.0,444.34332275390625,211.34332275390625
2025-12-15,Udhampur,156.0,215.1558380126953,59.15583801269531
2025-12-15,Udupi,112.0,160.48748779296875,48.48748779296875
2025-12-15,Ujjain,571.0,788.681640625,217.681640625
2025-12-15,Ukhrul,20.0,54.968353271484375,34.968353271484375
2025-12-15,Umaria,246.0,446.35577392578125,200.35577392578125
2025-12-15,Una,35.0,30.19146728515625,4.80853271484375
2025-12-15,Unnao,392.0,715.6121215820312,323.61212158203125
2025-12-15,Upper Siang,0.0,22.3555908203125,22.3555908203125
2025-12-15,Upper Subansiri,0.0,6.5319061279296875,6.5319061279296875
2025-12-15,Uttar Bastar Kanker,0.0,7.247711181640625,7.247711181640625
2025-12-15,Uttara Kannada,178.0,300.337158203125,122.337158203125
2025-12-15,Uttarkashi,51.0,35.69805145263672,15.301948547363281
2025-12-15,Vadodara,384.0,562.335693359375,178.335693359375
2025-12-15,Vaishali,838.0,932.0556030273438,94.05560302734375
2025-12-15,Valsad,283.0,469.1471862792969,186.14718627929688
2025-12-15,Varanasi,498.0,870.57861328125,372.57861328125
2025-12-15,Vellore,501.0,474.4631042480469,26.536895751953125
2025-12-15,Vidisha,377.0,526.0040283203125,149.0040283203125
2025-12-15,Viluppuram,377.0,597.895263671875,220.895263671875
2025-12-15,Virudunagar,0.0,9.159523010253906,9.159523010253906
2025-12-15,Visakhapatnam,354.0,449.19818115234375,95.19818115234375
2025-12-15,Vizianagaram,149.0,186.96932983398438,37.969329833984375
2025-12-15,Warangal,89.0,71.95248413085938,17.047515869140625
2025-12-15,Wardha,106.0,35.990692138671875,70.00930786132812
2025-12-15,Washim,248.0,117.8286361694336,130.17135620117188
2025-12-15,Wayanad,42.0,97.6236572265625,55.6236572265625
2025-12-15,West,0.0,-9.923507690429688,9.923507690429688
2025-12-15,West Garo Hills,42.0,209.86489868164062,167.86489868164062
2025-12-15,West Godavari,238.0,372.331298828125,134.331298828125
2025-12-15,West Kameng,2.0,15.418495178222656,13.418495178222656
2025-12-15,West Khasi Hills,86.0,212.46975708007812,126.46975708007812
2025-12-15,West Tripura,86.0,82.12831115722656,3.8716888427734375
2025-12-15,Wokha,4.0,18.720809936523438,14.720809936523438
2025-12-15,Yadgir,227.0,397.6718444824219,170.67184448242188
2025-12-15,Yamunanagar,214.0,343.25592041015625,129.25592041015625
2025-12-15,Yanam,2.0,23.97466278076172,21.97466278076172
2025-12-15,Yavatmal,332.0,215.6899871826172,116.31001281738281
2025-12-15,Zunheboto,6.0,-5.803955078125,11.803955078125
2025-12-22,Adilabad,296.0,289.4731750488281,6.526824951171875
2025-12-22,Agra,0.0,42.16847229003906,42.16847229003906
2025-12-22,Ahmadabad,0.0,50.68815612792969,50.68815612792969
2025-12-22,Ahmadnagar,0.0,69.09983825683594,69.09983825683594
2025-12-22,Aizawl,41.0,101.48074340820312,60.480743408203125
2025-12-22,Ajmer,843.0,925.6005249023438,82.60052490234375
2025-12-22,Akola,449.0,448.69110107421875,0.30889892578125
2025-12-22,Alappuzha,359.0,210.74664306640625,148.25335693359375
2025-12-22,Aligarh,1341.0,930.9243774414062,410.07562255859375
2025-12-22,Alirajpur,543.0,789.7822875976562,246.78228759765625
2025-12-22,Almora,156.0,229.20523071289062,73.20523071289062
2025-12-22,Alwar,1377.0,1086.683837890625,290.316162109375
2025-12-22,Ambala,329.0,505.7989501953125,176.7989501953125
2025-12-22,Ambedkar Nagar,524.0,772.7086181640625,248.7086181640625
2025-12-22,Amravati,759.0,591.3792724609375,167.6207275390625
2025-12-22,Amreli,571.0,365.92816162109375,205.07183837890625
2025-12-22,Amritsar,463.0,196.3334197998047,266.66656494140625
2025-12-22,Anand,777.0,483.5016174316406,293.4983825683594
2025-12-22,Anantnag,394.0,586.0169677734375,192.0169677734375
2025-12-22,Anjaw,3.0,117.26527404785156,114.26527404785156
2025-12-22,Anugul,414.0,394.5683288574219,19.431671142578125
2025-12-22,Anuppur,488.0,596.2496337890625,108.2496337890625
2025-12-22,Araria,1343.0,879.3253173828125,463.6746826171875
2025-12-22,Ariyalur,185.0,516.6956787109375,331.6956787109375
2025-12-22,Arwal,274.0,649.430419921875,375.430419921875
2025-12-22,Ashoknagar,2300.0,1194.612548828125,1105.387451171875
2025-12-22,Auraiya,332.0,453.83251953125,121.83251953125
2025-12-22,Aurangabad,918.0,1027.1044921875,109.1044921875
2025-12-22,Azamgarh,1266.0,850.423095703125,415.576904296875
2025-12-22,Bagalkot,0.0,93.72341918945312,93.72341918945312
2025-12-22,Bageshwar,61.0,234.90576171875,173.90576171875
2025-12-22,Baghpat,423.0,708.5346069335938,285.53460693359375
2025-12-22,Bahraich,1116.0,815.3499145507812,300.65008544921875
2025-12-22,Baksa,231.0,236.2773895263672,5.2773895263671875
2025-12-22,Balaghat,740.0,842.4136962890625,102.4136962890625
2025-12-22,Balangir,670.0,605.6011962890625,64.3988037109375
2025-12-22,Baleshwar,0.0,101.71522521972656,101.71522521972656
2025-12-22,Ballia,806.0,759.5917358398438,46.40826416015625
2025-12-22,Balrampur,1656.0,1155.33984375,500.66015625
2025-12-22,Banas Kantha,0.0,19.568222045898438,19.568222045898438
2025-12-22,Banda,461.0,859.73974609375,398.73974609375
2025-12-22,Banka,1102.0,576.6524047851562,525.3475952148438
2025-12-22,Bankura,741.0,787.6595458984375,46.6595458984375
2025-12-22,Banswara,555.0,822.50537109375,267.50537109375
2025-12-22,Bara Banki,0.0,63.1441650390625,63.1441650390625
2025-12-22,Baramula,0.0,26.701698303222656,26.701698303222656
2025-12-22,Baran,573.0,854.8473510742188,281.84735107421875
2025-12-22,Barddhaman,0.0,86.90374755859375,86.90374755859375
2025-12-22,Bareilly,1486.0,1182.9134521484375,303.0865478515625
2025-12-22,Bargarh,523.0,679.383056640625,156.383056640625
2025-12-22,Barmer,1064.0,1114.6256103515625,50.6256103515625
2025-12-22,Barnala,91.0,218.55235290527344,127.55235290527344
2025-12-22,Barpeta,602.0,344.54095458984375,257.45904541015625
2025-12-22,Barwani,943.0,378.0105895996094,564.9893798828125
2025-12-22,Bastar,1354.0,837.2786865234375,516.7213134765625
2025-12-22,Basti,1126.0,1042.802001953125,83.197998046875
2025-12-22,Bathinda,236.0,179.80093383789062,56.199066162109375
2025-12-22,Begusarai,1649.0,1063.6510009765625,585.3489990234375
2025-12-22,Betul,849.0,910.7778930664062,61.77789306640625
2025-12-22,Bhadrak,382.0,466.3876647949219,84.38766479492188
2025-12-22,Bhagalpur,1253.0,1130.1204833984375,122.8795166015625
2025-12-22,Bhandara,344.0,367.37677001953125,23.37677001953125
2025-12-22,Bharatpur,1116.0,1077.9830322265625,38.0169677734375
2025-12-22,Bharuch,546.0,500.78125,45.21875
2025-12-22,Bhavnagar,768.0,707.0785522460938,60.92144775390625
2025-12-22,Bhilwara,794.0,855.524658203125,61.524658203125
2025-12-22,Bhind,735.0,807.1364135742188,72.13641357421875
2025-12-22,Bhiwani,437.0,294.7781677246094,142.22183227539062
2025-12-22,Bhojpur,1255.0,1038.8714599609375,216.1285400390625
2025-12-22,Bhopal,1219.0,520.8988647460938,698.1011352539062
2025-12-22,Bidar,481.0,731.4859008789062,250.48590087890625
2025-12-22,Bijapur,653.0,527.0364990234375,125.9635009765625
2025-12-22,Bijnor,1275.0,1059.0784912109375,215.9215087890625
2025-12-22,Bikaner,702.0,584.2612915039062,117.73870849609375
2025-12-22,Bilaspur,870.0,527.5008544921875,342.4991455078125
2025-12-22,Birbhum,1132.0,908.1243896484375,223.8756103515625
2025-12-22,Bishnupur,75.0,344.0855712890625,269.0855712890625
2025-12-22,Bokaro,619.0,470.2330627441406,148.76693725585938
2025-12-22,Bongaigaon,207.0,427.6853332519531,220.68533325195312
2025-12-22,Budaun,834.0,873.1015625,39.1015625
2025-12-22,Bulandshahr,1277.0,1066.591064453125,210.408935546875
2025-12-22,Buldana,0.0,70.9217529296875,70.9217529296875
2025-12-22,Bundi,441.0,730.659912109375,289.659912109375
2025-12-22,Burhanpur,425.0,777.6373901367188,352.63739013671875
2025-12-22,Buxar,650.0,757.9915771484375,107.9915771484375
2025-12-22,Cachar,0.0,28.337600708007812,28.337600708007812
2025-12-22,Central,0.0,33.44934844970703,33.44934844970703
2025-12-22,Chamba,169.0,190.1658477783203,21.165847778320312
2025-12-22,Chamoli,133.0,209.9389190673828,76.93891906738281
2025-12-22,Champawat,81.0,267.8929138183594,186.89291381835938
2025-12-22,Champhai,12.0,90.81787109375,78.81787109375
2025-12-22,Chamrajnagar,0.0,89.93706512451172,89.93706512451172
2025-12-22,Chandauli,432.0,487.8307189941406,55.830718994140625
2025-12-22,Chandel,36.0,132.35804748535156,96.35804748535156
2025-12-22,Chandigarh,330.0,253.0592041015625,76.9407958984375
2025-12-22,Chandrapur,522.0,525.658935546875,3.658935546875
2025-12-22,Changlang,29.0,264.2884521484375,235.2884521484375
2025-12-22,Chatra,513.0,834.4512939453125,321.4512939453125
2025-12-22,Chennai,689.0,884.6807250976562,195.68072509765625
2025-12-22,Chhatarpur,1621.0,554.6912841796875,1066.3087158203125
2025-12-22,Chhindwara,1161.0,917.6594848632812,243.34051513671875
2025-12-22,Chikkaballapura,382.0,564.8790283203125,182.8790283203125
2025-12-22,Chikmagalur,0.0,88.33514404296875,88.33514404296875
2025-12-22,Chirang,193.0,208.0843505859375,15.0843505859375
2025-12-22,Chitradurga,784.0,642.7894287109375,141.2105712890625
2025-12-22,Chitrakoot,572.0,739.8861694335938,167.88616943359375
2025-12-22,Chittaurgarh,0.0,97.74580383300781,97.74580383300781
2025-12-22,Chittoor,853.0,717.71484375,135.28515625
2025-12-22,Churachandpur,138.0,90.66099548339844,47.33900451660156
2025-12-22,Churu,822.0,867.7767333984375,45.7767333984375
2025-12-22,Coimbatore,595.0,747.9786987304688,152.97869873046875
2025-12-22,Cuddalore,726.0,728.343505859375,2.343505859375
2025-12-22,Cuttack,641.0,367.8575744628906,273.1424255371094
2025-12-22,Dadra & Nagar Haveli,0.0,14.463996887207031,14.463996887207031
2025-12-22,Dakshin Bastar Dantewada,0.0,80.81745910644531,80.81745910644531
2025-12-22,Dakshina Kannada,816.0,692.779052734375,123.220947265625
2025-12-22,Damoh,579.0,775.8158569335938,196.81585693359375
2025-12-22,Darbhanga,1320.0,1107.4873046875,212.5126953125
2025-12-22,Darrang,566.0,302.9927673339844,263.0072326660156
2025-12-22,Datia,416.0,849.1616821289062,433.16168212890625
2025-12-22,Dausa,439.0,817.0992431640625,378.0992431640625
2025-12-22,Davanagere,826.0,548.7130126953125,277.2869873046875
2025-12-22,Debagarh,175.0,333.30963134765625,158.30963134765625
2025-12-22,Dehradun,571.0,338.52520751953125,232.47479248046875
2025-12-22,Deoghar,904.0,876.8837280273438,27.11627197265625
2025-12-22,Deoria,680.0,760.9509887695312,80.95098876953125
2025-12-22,Dewas,947.0,953.3671264648438,6.36712646484375
2025-12-22,Dhalai,133.0,460.8125,327.8125
2025-12-22,Dhamtari,219.0,246.0654754638672,27.065475463867188
2025-12-22,Dhanbad,668.0,847.122314453125,179.122314453125
2025-12-22,Dhar,1245.0,997.6727905273438,247.32720947265625
2025-12-22,Dharmapuri,514.0,741.0819702148438,227.08197021484375
2025-12-22,Dharwad,521.0,598.3577880859375,77.3577880859375
2025-12-22,Dhemaji,309.0,274.7020263671875,34.2979736328125
2025-12-22,Dhenkanal,502.0,309.3367004394531,192.66329956054688
2025-12-22,Dhubri,727.0,654.3944091796875,72.6055908203125
2025-12-22,Dhule,687.0,754.3968505859375,67.3968505859375
2025-12-22,Dibang Valley,0.0,57.68682861328125,57.68682861328125
2025-12-22,Dibrugarh,285.0,154.61289978027344,130.38710021972656
2025-12-22,Dima Hasao,40.0,299.33831787109375,259.33831787109375
2025-12-22,Dimapur,23.0,39.195831298828125,16.195831298828125
2025-12-22,Dindigul,393.0,593.0369873046875,200.0369873046875
2025-12-22,Dindori,510.0,522.177978515625,12.177978515625
2025-12-22,Diu,15.0,188.87301635742188,173.87301635742188
2025-12-22,Doda,503.0,437.7663879394531,65.23361206054688
2025-12-22,Dumka,457.0,718.4852905273438,261.48529052734375
2025-12-22,Dungarpur,568.0,648.2081909179688,80.20819091796875
2025-12-22,Durg,423.0,280.8804931640625,142.1195068359375
2025-12-22,East,0.0,21.303070068359375,21.303070068359375
2025-12-22,East Garo Hills,6.0,198.74290466308594,192.74290466308594
2025-12-22,East Godavari,908.0,632.4014892578125,275.5985107421875
2025-12-22,East Kameng,14.0,134.90174865722656,120.90174865722656
2025-12-22,East Khasi Hills,345.0,309.1112976074219,35.888702392578125
2025-12-22,East Siang,22.0,270.74603271484375,248.74603271484375
2025-12-22,Ernakulam,472.0,421.22796630859375,50.77203369140625
2025-12-22,Erode,390.0,649.3035278320312,259.30352783203125
2025-12-22,Etah,473.0,730.67236328125,257.67236328125
2025-12-22,Etawah,480.0,567.072021484375,87.072021484375
2025-12-22,Faridabad,656.0,794.7073364257812,138.70733642578125
2025-12-22,Faridkot,92.0,145.0519256591797,53.05192565917969
2025-12-22,Farrukhabad,605.0,608.242919921875,3.242919921875
2025-12-22,Fatehabad,327.0,377.7984619140625,50.7984619140625
2025-12-22,Fatehgarh Sahib,90.0,201.04360961914062,111.04360961914062
2025-12-22,Fatehpur,1242.0,1015.3096313476562,226.69036865234375
2025-12-22,Firozabad,649.0,461.3749694824219,187.62503051757812
2025-12-22,Gadag,350.0,605.4005126953125,255.4005126953125
2025-12-22,Gajapati,155.0,349.0426940917969,194.04269409179688
2025-12-22,Ganderbal,108.0,521.437744140625,413.437744140625
2025-12-22,Gandhinagar,559.0,503.57489013671875,55.42510986328125
2025-12-22,Ganganagar,752.0,384.3743896484375,367.6256103515625
2025-12-22,Ganjam,917.0,748.0568237304688,168.94317626953125
2025-12-22,Garhchiroli,0.0,59.19792175292969,59.19792175292969
2025-12-22,Garhwa,618.0,721.8209228515625,103.8209228515625
2025-12-22,Gautam Buddha Nagar,675.0,863.4500732421875,188.4500732421875
2025-12-22,Gaya,2510.0,1057.010009765625,1452.989990234375
2025-12-22,Ghaziabad,1127.0,1053.3544921875,73.6455078125
2025-12-22,Ghazipur,853.0,691.1937255859375,161.8062744140625
2025-12-22,Giridih,1341.0,998.3565063476562,342.64349365234375
2025-12-22,Goalpara,411.0,302.8664855957031,108.13351440429688
2025-12-22,Godda,504.0,767.1995239257812,263.19952392578125
2025-12-22,Golaghat,269.0,249.1271209716797,19.872879028320312
2025-12-22,Gonda,922.0,1010.2542724609375,88.2542724609375
2025-12-22,Gondiya,0.0,78.56781768798828,78.56781768798828
2025-12-22,Gopalganj,1065.0,812.603759765625,252.396240234375
2025-12-22,Gorakhpur,916.0,1084.946044921875,168.946044921875
2025-12-22,Gumla,578.0,809.9600219726562,231.96002197265625
2025-12-22,Guna,949.0,846.5390625,102.4609375
2025-12-22,Guntur,1383.0,824.0119018554688,558.9880981445312
2025-12-22,Gurdaspur,347.0,185.98931884765625,161.01068115234375
2025-12-22,Gwalior,1078.0,710.5740966796875,367.4259033203125
2025-12-22,Hailakandi,329.0,481.3959045410156,152.39590454101562
2025-12-22,Hamirpur,461.0,433.0469055175781,27.953094482421875
2025-12-22,Hanumangarh,417.0,306.374267578125,110.625732421875
2025-12-22,Harda,352.0,602.29541015625,250.29541015625
2025-12-22,Hardoi,1285.0,1033.363037109375,251.636962890625
2025-12-22,Hardwar,0.0,41.223243713378906,41.223243713378906
2025-12-22,Hassan,451.0,310.31671142578125,140.68328857421875
2025-12-22,Haveri,530.0,669.1279296875,139.1279296875
2025-12-22,Hazaribagh,619.0,814.9550170898438,195.95501708984375
2025-12-22,Hingoli,333.0,825.3782958984375,492.3782958984375
2025-12-22,Hisar,530.0,475.3740539550781,54.625946044921875
2025-12-22,Hoshiarpur,297.0,228.99591064453125,68.00408935546875
2025-12-22,Hyderabad,1830.0,1034.1407470703125,795.8592529296875
2025-12-22,Idukki,143.0,176.24050903320312,33.240509033203125
2025-12-22,Imphal East,124.0,78.95066833496094,45.04933166503906
2025-12-22,Imphal West,131.0,66.88544464111328,64.11455535888672
2025-12-22,Indore,1808.0,1090.480712890625,717.519287109375
2025-12-22,Jabalpur,1473.0,601.4404296875,871.5595703125
2025-12-22,Jagatsinghapur,384.0,467.4326477050781,83.43264770507812
2025-12-22,Jaintia Hills,0.0,4.7625579833984375,4.7625579833984375
2025-12-22,Jaipur,2231.0,1187.6912841796875,1043.3087158203125
2025-12-22,Jaisalmer,197.0,141.64053344726562,55.359466552734375
2025-12-22,Jajapur,0.0,103.28744506835938,103.28744506835938
2025-12-22,Jalandhar,292.0,327.99725341796875,35.99725341796875
2025-12-22,Jalaun,400.0,385.7634582519531,14.236541748046875
2025-12-22,Jalgaon,1055.0,849.6553344726562,205.34466552734375
2025-12-22,Jalna,664.0,732.8479614257812,68.84796142578125
2025-12-22,Jalor,0.0,24.858909606933594,24.858909606933594
2025-12-22,Jalpaiguri,628.0,616.9595947265625,11.0404052734375
2025-12-22,Jammu,558.0,448.5274963378906,109.47250366210938
2025-12-22,Jamnagar,528.0,375.6423645019531,152.35763549804688
2025-12-22,Jamtara,446.0,718.341552734375,272.341552734375
2025-12-22,Jamui,631.0,776.6448364257812,145.64483642578125
2025-12-22,Janjgir-Champa,523.0,710.9910278320312,187.99102783203125
2025-12-22,Jashpur,386.0,198.44830322265625,187.55169677734375
2025-12-22,Jaunpur,868.0,799.6541137695312,68.34588623046875
2025-12-22,Jehanabad,364.0,637.1595458984375,273.1595458984375
2025-12-22,Jhabua,784.0,756.4259033203125,27.5740966796875
2025-12-22,Jhajjar,276.0,424.47186279296875,148.47186279296875
2025-12-22,Jhalawar,626.0,857.5947875976562,231.59478759765625
2025-12-22,Jhansi,715.0,507.6611328125,207.3388671875
2025-12-22,Jharsuguda,111.0,380.7303161621094,269.7303161621094
2025-12-22,Jhunjhunun,0.0,102.32691955566406,102.32691955566406
2025-12-22,Jind,399.0,324.1400146484375,74.8599853515625
2025-12-22,Jodhpur,1437.0,1124.8802490234375,312.1197509765625
2025-12-22,Jorhat,250.0,465.50927734375,215.50927734375
2025-12-22,Junagadh,665.0,546.3681640625,118.6318359375
2025-12-22,Kachchh,816.0,326.8026123046875,489.1973876953125
2025-12-22,Kaimur (Bhabua),0.0,43.09111022949219,43.09111022949219
2025-12-22,Kaithal,346.0,223.65467834472656,122.34532165527344
2025-12-22,Kalahandi,266.0,401.8329162597656,135.83291625976562
2025-12-22,Kamrup,578.0,364.88214111328125,213.11785888671875
2025-12-22,Kancheepuram,0.0,71.08333587646484,71.08333587646484
2025-12-22,Kandhamal,232.0,391.44049072265625,159.44049072265625
2025-12-22,Kangra,376.0,350.5995788574219,25.400421142578125
2025-12-22,Kannauj,428.0,725.7327270507812,297.73272705078125
2025-12-22,Kanniyakumari,0.0,60.23760223388672,60.23760223388672
2025-12-22,Kannur,615.0,668.9923706054688,53.99237060546875
2025-12-22,Kanpur Dehat,491.0,482.54071044921875,8.45928955078125
2025-12-22,Kanpur Nagar,1117.0,1059.870361328125,57.129638671875
2025-12-22,Kapurthala,202.0,279.9766845703125,77.9766845703125
2025-12-22,Karaikal,53.0,163.46224975585938,110.46224975585938
2025-12-22,Karauli,557.0,769.99169921875,212.99169921875
2025-12-22,Karbi Anglong,277.0,313.30792236328125,36.30792236328125
2025-12-22,Kargil,170.0,234.45408630371094,64.45408630371094
2025-12-22,Karimganj,846.0,776.5891723632812,69.41082763671875
2025-12-22,Karimnagar,491.0,400.7460021972656,90.25399780273438
2025-12-22,Karnal,584.0,339.655517578125,244.344482421875
2025-12-22,Karur,338.0,543.5733642578125,205.5733642578125
2025-12-22,Kasaragod,469.0,604.494140625,135.494140625
2025-12-22,Kathua,511.0,580.7618408203125,69.7618408203125
2025-12-22,Katihar,1437.0,1006.6642456054688,430.33575439453125
2025-12-22,Katni,1128.0,847.0596313476562,280.94036865234375
2025-12-22,Kaushambi,534.0,862.6553955078125,328.6553955078125
2025-12-22,Kendrapara,548.0,504.0600280761719,43.939971923828125
2025-12-22,Kendujhar,683.0,530.4518432617188,152.54815673828125
2025-12-22,Khagaria,1098.0,854.42724609375,243.57275390625
2025-12-22,Khammam,340.0,311.64825439453125,28.35174560546875
2025-12-22,Kheda,653.0,694.9214477539062,41.92144775390625
2025-12-22,Kheri,0.0,40.972877502441406,40.972877502441406
2025-12-22,Khordha,633.0,600.8851318359375,32.1148681640625
2025-12-22,Khunti,163.0,420.0609130859375,257.0609130859375
2025-12-22,Kinnaur,22.0,163.54051208496094,141.54051208496094
2025-12-22,Kiphire,10.0,36.09529113769531,26.095291137695312
2025-12-22,Kishanganj,659.0,753.3372192382812,94.33721923828125
2025-12-22,Kishtwar,191.0,614.1802978515625,423.1802978515625
2025-12-22,Kodagu,174.0,257.4927673339844,83.49276733398438
2025-12-22,Kodarma,353.0,554.4522705078125,201.4522705078125
2025-12-22,Kohima,15.0,84.79310607910156,69.79310607910156
2025-12-22,Kokrajhar,253.0,221.33932495117188,31.660675048828125
2025-12-22,Kolar,436.0,692.8993530273438,256.89935302734375
2025-12-22,Kolasib,5.0,66.59555053710938,61.595550537109375
2025-12-22,Kolhapur,797.0,724.1589965820312,72.84100341796875
2025-12-22,Kolkata,687.0,540.6220703125,146.3779296875
2025-12-22,Kollam,477.0,510.0635681152344,33.063568115234375
2025-12-22,Koppal,613.0,753.7593383789062,140.75933837890625
2025-12-22,Koraput,357.0,378.70208740234375,21.70208740234375
2025-12-22,Korba,381.0,537.8636474609375,156.8636474609375
2025-12-22,Koriya,207.0,210.52896118164062,3.528961181640625
2025-12-22,Kota,676.0,872.9172973632812,196.91729736328125
2025-12-22,Kottayam,330.0,305.14678955078125,24.85321044921875
2025-12-22,Kozhikode,768.0,807.87158203125,39.87158203125
2025-12-22,Krishna,827.0,676.44287109375,150.55712890625
2025-12-22,Krishnagiri,572.0,597.650146484375,25.650146484375
2025-12-22,Kulgam,132.0,186.3791961669922,54.37919616699219
2025-12-22,Kullu,137.0,223.75900268554688,86.75900268554688
2025-12-22,Kupwara,258.0,674.5750732421875,416.5750732421875
2025-12-22,Kurnool,1335.0,821.8544921875,513.1455078125
2025-12-22,Kurukshetra,243.0,361.8936462402344,118.89364624023438
2025-12-22,Kurung Kumey,1.0,162.51795959472656,161.51795959472656
2025-12-22,Kushinagar,893.0,957.05810546875,64.05810546875
2025-12-22,Lakhimpur,426.0,205.73768615722656,220.26231384277344
2025-12-22,Lakhisarai,387.0,656.3826293945312,269.38262939453125
2025-12-22,Lakshadweep,0.0,72.18426513671875,72.18426513671875
2025-12-22,Lalitpur,446.0,706.8594970703125,260.8594970703125
2025-12-22,Latehar,285.0,490.4866027832031,205.48660278320312
2025-12-22,Latur,530.0,809.3287963867188,279.32879638671875
2025-12-22,Lawangtlai,0.0,16.95313262939453,16.95313262939453
2025-12-22,Leh (Ladakh),0.0,62.47270965576172,62.47270965576172
2025-12-22,Lohardaga,447.0,382.6033935546875,64.3966064453125
2025-12-22,Lohit,39.0,117.20694732666016,78.20694732666016
2025-12-22,Longleng,7.0,43.73925018310547,36.73925018310547
2025-12-22,Lower Dibang Valley,7.0,117.68655395507812,110.68655395507812
2025-12-22,Lower Subansiri,10.0,168.4019775390625,158.4019775390625
2025-12-22,Lucknow,1520.0,1199.2904052734375,320.7095947265625
2025-12-22,Ludhiana,692.0,404.3941955566406,287.6058044433594
2025-12-22,Lunglei,22.0,207.87841796875,185.87841796875
2025-12-22,Madhepura,1178.0,852.3964233398438,325.60357666015625
2025-12-22,Madhubani,1878.0,1163.2901611328125,714.7098388671875
2025-12-22,Madurai,632.0,763.873291015625,131.873291015625
2025-12-22,Maharajganj,658.0,935.35888671875,277.35888671875
2025-12-22,Mahasamund,270.0,746.9747924804688,476.97479248046875
2025-12-22,Mahbubnagar,0.0,96.96314239501953,96.96314239501953
2025-12-22,Mahendragarh,390.0,463.56390380859375,73.56390380859375
2025-12-22,Mahesana,634.0,513.0086669921875,120.9913330078125
2025-12-22,Mahoba,270.0,613.3099365234375,343.3099365234375
2025-12-22,Mainpuri,735.0,705.7544555664062,29.24554443359375
2025-12-22,Malappuram,1838.0,910.2836303710938,927.7163696289062
2025-12-22,Maldah,0.0,52.37140655517578,52.37140655517578
2025-12-22,Malkangiri,218.0,439.54376220703125,221.54376220703125
2025-12-22,Mamit,10.0,95.01294708251953,85.01294708251953
2025-12-22,Mandi,327.0,263.5166015625,63.4833984375
2025-12-22,Mandla,765.0,824.4556274414062,59.45562744140625
2025-12-22,Mandsaur,885.0,922.192626953125,37.192626953125
2025-12-22,Mandya,496.0,615.7389526367188,119.73895263671875
2025-12-22,Mansa,93.0,163.74078369140625,70.74078369140625
2025-12-22,Marigaon,513.0,251.15176391601562,261.8482360839844
2025-12-22,Mathura,956.0,907.1480102539062,48.85198974609375
2025-12-22,Mau,529.0,769.6075439453125,240.6075439453125
2025-12-22,Mayurbhanj,552.0,483.076416015625,68.923583984375
2025-12-22,Medak,596.0,714.0888671875,118.0888671875
2025-12-22,Meerut,1152.0,1077.665771484375,74.334228515625
2025-12-22,Mirzapur,636.0,766.1607666015625,130.1607666015625
2025-12-22,Moga,128.0,309.2882080078125,181.2882080078125
2025-12-22,Mokokchung,7.0,100.72293090820312,93.72293090820312
2025-12-22,Mon,31.0,43.86553192138672,12.865531921386719
2025-12-22,Moradabad,904.0,1032.7264404296875,128.7264404296875
2025-12-22,Morena,1558.0,793.7520751953125,764.2479248046875
2025-12-22,Muktsar,0.0,67.71142578125,67.71142578125
2025-12-22,Mumbai,2810.0,1079.8409423828125,1730.1590576171875
2025-12-22,Munger,423.0,352.3734130859375,70.6265869140625
2025-12-22,Murshidabad,2113.0,1086.40576171875,1026.59423828125
2025-12-22,Muzaffarnagar,694.0,812.4530029296875,118.4530029296875
2025-12-22,Muzaffarpur,1654.0,1129.8360595703125,524.1639404296875
2025-12-22,Nabarangapur,0.0,39.95994567871094,39.95994567871094
2025-12-22,Nadia,870.0,642.160888671875,227.839111328125
2025-12-22,Nagaon,805.0,302.65283203125,502.34716796875
2025-12-22,Nagappattinam,0.0,82.92752075195312,82.92752075195312
2025-12-22,Nagaur,1022.0,883.388427734375,138.611572265625
2025-12-22,Nagpur,1064.0,922.761962890625,141.238037109375
2025-12-22,Nainital,270.0,397.5120849609375,127.5120849609375
2025-12-22,Nalanda,1286.0,451.5375061035156,834.4625244140625
2025-12-22,Nalbari,251.0,237.076416015625,13.923583984375
2025-12-22,Nalgonda,524.0,587.1759643554688,63.17596435546875
2025-12-22,Namakkal,383.0,507.19952392578125,124.19952392578125
2025-12-22,Nanded,913.0,672.2318115234375,240.7681884765625
2025-12-22,Nandurbar,454.0,767.9776611328125,313.9776611328125
2025-12-22,Narayanpur,93.0,634.5966796875,541.5966796875
2025-12-22,Narmada,160.0,334.07489013671875,174.07489013671875
2025-12-22,Nashik,1813.0,1064.53955078125,748.46044921875
2025-12-22,Navsari,215.0,385.48016357421875,170.48016357421875
2025-12-22,Nawada,1200.0,537.3770751953125,662.6229248046875
2025-12-22,Nayagarh,273.0,290.8628845214844,17.862884521484375
2025-12-22,Neemuch,524.0,806.7542114257812,282.75421142578125
2025-12-22,New Delhi,31.0,125.91036224365234,94.91036224365234
2025-12-22,Nicobar,0.0,27.40270233154297,27.40270233154297
2025-12-22,Nizamabad,523.0,502.01397705078125,20.98602294921875
2025-12-22,North,0.0,15.746429443359375,15.746429443359375
2025-12-22,North & Middle Andaman,0.0,25.63623809814453,25.63623809814453
2025-12-22,North 24 Parganas,1841.0,772.5122680664062,1068.48779296875
2025-12-22,North Goa,126.0,369.4017333984375,243.4017333984375
2025-12-22,North Tripura,148.0,136.4955291748047,11.504470825195312
2025-12-22,Nuapada,145.0,538.58935546875,393.58935546875
2025-12-22,Pakur,138.0,209.23199462890625,71.23199462890625
2025-12-22,Palakkad,911.0,546.9200439453125,364.0799560546875
2025-12-22,Palamu,803.0,1117.8902587890625,314.8902587890625
2025-12-22,Pali,725.0,809.5216064453125,84.5216064453125
2025-12-22,Palwal,595.0,802.1605224609375,207.1605224609375
2025-12-22,Panch Mahals,0.0,62.24479675292969,62.24479675292969
2025-12-22,Panchkula,174.0,304.529541015625,130.529541015625
2025-12-22,Panipat,429.0,276.2217102050781,152.77828979492188
2025-12-22,Panna,745.0,772.1988525390625,27.1988525390625
2025-12-22,Papum Pare,36.0,234.28883361816406,198.28883361816406
2025-12-22,Parbhani,547.0,904.7544555664062,357.75445556640625
2025-12-22,Pashchim Champaran,6839.0,1340.377685546875,5498.6220703125
2025-12-22,Pashchim Medinipur,0.0,72.84141540527344,72.84141540527344
2025-12-22,Pashchimi Singhbhum,1900.0,1052.89111328125,847.10888671875
2025-12-22,Patan,346.0,301.63372802734375,44.36627197265625
2025-12-22,Pathanamthitta,257.0,139.2427978515625,117.7572021484375
2025-12-22,Patiala,287.0,197.03282165527344,89.96717834472656
2025-12-22,Patna,1754.0,1144.703857421875,609.296142578125
2025-12-22,Perambalur,169.0,281.46295166015625,112.46295166015625
2025-12-22,Peren,6.0,117.83187866210938,111.83187866210938
2025-12-22,Phek,4.0,99.58106994628906,95.58106994628906
2025-12-22,Pilibhit,583.0,807.3577880859375,224.3577880859375
2025-12-22,Pithoragarh,152.0,168.66465759277344,16.664657592773438
2025-12-22,Porbandar,145.0,220.609619140625,75.609619140625
2025-12-22,Prakasam,757.0,691.2091064453125,65.7908935546875
2025-12-22,Pratapgarh,1167.0,795.57568359375,371.42431640625
2025-12-22,Puducherry,200.0,227.20401000976562,27.204010009765625
2025-12-22,Pudukkottai,556.0,576.768798828125,20.768798828125
2025-12-22,Pulwama,271.0,288.0947265625,17.0947265625
2025-12-22,Punch,349.0,616.6573486328125,267.6573486328125
2025-12-22,Pune,2924.0,1084.1888427734375,1839.8111572265625
2025-12-22,Purba Champaran,9.0,53.42945098876953,44.42945098876953
2025-12-22,Purba Medinipur,1139.0,859.8294067382812,279.17059326171875
2025-12-22,Purbi Singhbhum,81.0,139.31280517578125,58.31280517578125
2025-12-22,Puri,389.0,553.7045288085938,164.70452880859375
2025-12-22,Puruliya,0.0,63.20979309082031,63.20979309082031
2025-12-22,Rae Bareli,915.0,692.8802490234375,222.1197509765625
2025-12-22,Raichur,1058.0,956.4165649414062,101.58343505859375
2025-12-22,Raigarh,303.0,763.696044921875,460.696044921875
2025-12-22,Raipur,587.0,881.1409301757812,294.14093017578125
2025-12-22,Raisen,1048.0,600.9296264648438,447.07037353515625
2025-12-22,Rajgarh,1747.0,838.5321655273438,908.4678344726562
2025-12-22,Rajkot,958.0,829.71337890625,128.28662109375
2025-12-22,Rajnandgaon,487.0,596.337890625,109.337890625
2025-12-22,Rajouri,368.0,523.8836059570312,155.88360595703125
2025-12-22,Rajsamand,381.0,633.2501831054688,252.25018310546875
2025-12-22,Ramanagara,0.0,198.8828887939453,198.8828887939453
2025-12-22,Ramanathapuram,332.0,386.208984375,54.208984375
2025-12-22,Ramban,328.0,428.322021484375,100.322021484375
2025-12-22,Ramgarh,279.0,419.4731750488281,140.47317504882812
2025-12-22,Ranchi,776.0,978.6027221679688,202.60272216796875
2025-12-22,Rangareddy,0.0,118.41556549072266,118.41556549072266
2025-12-22,Ratlam,596.0,967.2194213867188,371.21942138671875
2025-12-22,Ratnagiri,280.0,266.09228515625,13.90771484375
2025-12-22,Rayagada,196.0,539.6640625,343.6640625
2025-12-22,Reasi,234.0,473.0094299316406,239.00942993164062
2025-12-22,Rewa,1037.0,987.0083618164062,49.99163818359375
2025-12-22,Rewari,286.0,389.1139831542969,103.11398315429688
2025-12-22,Ri Bhoi,43.0,558.301513671875,515.301513671875
2025-12-22,Rohtak,305.0,313.732421875,8.732421875
2025-12-22,Rohtas,826.0,1003.6271362304688,177.62713623046875
2025-12-22,Rudraprayag,126.0,296.53460693359375,170.53460693359375
2025-12-22,Rupnagar,107.0,184.66107177734375,77.66107177734375
2025-12-22,Sabar Kantha,0.0,67.27909088134766,67.27909088134766
2025-12-22,Sagar,0.0,97.57829284667969,97.57829284667969
2025-12-22,Saharanpur,1372.0,1063.5908203125,308.4091796875
2025-12-22,Saharsa,1036.0,924.0603637695312,111.93963623046875
2025-12-22,Sahibganj,493.0,589.0189208984375,96.0189208984375
2025-12-22,Sahibzada Ajit Singh Nagar,261.0,290.35296630859375,29.35296630859375
2025-12-22,Saiha,29.0,115.72852325439453,86.72852325439453
2025-12-22,Salem,1029.0,670.8995361328125,358.1004638671875
2025-12-22,Samastipur,2041.0,1195.353271484375,845.646728515625
2025-12-22,Samba,86.0,212.44528198242188,126.44528198242188
2025-12-22,Sambalpur,278.0,391.7685546875,113.7685546875
2025-12-22,Sangli,510.0,441.2331848144531,68.76681518554688
2025-12-22,Sangrur,173.0,205.67987060546875,32.67987060546875
2025-12-22,Sant Kabir Nagar,521.0,745.769287109375,224.769287109375
2025-12-22,Sant Ravi Das Nagar(Bhadohi),0.0,81.84858703613281,81.84858703613281
2025-12-22,Saraikela-Kharsawan,0.0,70.09467315673828,70.09467315673828
2025-12-22,Satara,760.0,485.0006103515625,274.9993896484375
2025-12-22,Satna,1137.0,995.447509765625,141.552490234375
2025-12-22,Sawai Madhopur,397.0,769.5853271484375,372.5853271484375
2025-12-22,Sehore,1126.0,354.51519775390625,771.4848022460938
2025-12-22,Senapati,105.0,212.17752075195312,107.17752075195312
2025-12-22,Seoni,842.0,865.6390380859375,23.6390380859375
2025-12-22,Serchhip,1.0,67.9519271850586,66.9519271850586
2025-12-22,Shahdol,842.0,667.8845825195312,174.11541748046875
2025-12-22,Shahid Bhagat Singh Nagar,89.0,296.9791564941406,207.97915649414062
2025-12-22,Shahjahanpur,796.0,926.0243530273438,130.02435302734375
2025-12-22,Shajapur,913.0,727.958251953125,185.041748046875
2025-12-22,Sheikhpura,203.0,299.85675048828125,96.85675048828125
2025-12-22,Sheohar,488.0,722.189208984375,234.189208984375
2025-12-22,Sheopur,719.0,798.1312255859375,79.1312255859375
2025-12-22,Shimla,171.0,199.01962280273438,28.019622802734375
2025-12-22,Shivpuri,1049.0,1185.6744384765625,136.6744384765625
2025-12-22,Siddharth Nagar,977.0,965.2173461914062,11.78265380859375
2025-12-22,Sidhi,701.0,756.2310180664062,55.23101806640625
2025-12-22,Sikar,694.0,810.4446411132812,116.44464111328125
2025-12-22,Simdega,148.0,578.2073974609375,430.2073974609375
2025-12-22,Sindhudurg,122.0,201.24913024902344,79.24913024902344
2025-12-22,Singrauli,781.0,759.4218139648438,21.57818603515625
2025-12-22,Sirmaur,152.0,424.4686584472656,272.4686584472656
2025-12-22,Sirohi,425.0,763.3001098632812,338.30010986328125
2025-12-22,Sirsa,408.0,371.9456481933594,36.054351806640625
2025-12-22,Sitamarhi,1847.0,1062.381591796875,784.618408203125
2025-12-22,Sitapur,1673.0,1176.869140625,496.130859375
2025-12-22,Sivaganga,348.0,462.2696228027344,114.26962280273438
2025-12-22,Sivasagar,70.0,182.93533325195312,112.93533325195312
2025-12-22,Siwan,1215.0,896.6922607421875,318.3077392578125
2025-12-22,Solan,115.0,273.74737548828125,158.74737548828125
2025-12-22,Solapur,1404.0,870.0769653320312,533.9230346679688
2025-12-22,Sonbhadra,370.0,296.4337158203125,73.5662841796875
2025-12-22,Sonipat,477.0,416.7768249511719,60.223175048828125
2025-12-22,Sonitpur,565.0,684.0305786132812,119.03057861328125
2025-12-22,South,0.0,34.738548278808594,34.738548278808594
2025-12-22,South 24 Parganas,2795.0,1065.553955078125,1729.446044921875
2025-12-22,South Andaman,0.0,35.70111083984375,35.70111083984375
2025-12-22,South Garo Hills,2.0,228.27764892578125,226.27764892578125
2025-12-22,South Goa,75.0,360.714599609375,285.714599609375
2025-12-22,South Tripura,303.0,385.6157531738281,82.61575317382812
2025-12-22,Sri Potti Sriramulu Nellore,738.0,594.7233276367188,143.27667236328125
2025-12-22,Srikakulam,440.0,522.8402709960938,82.84027099609375
2025-12-22,Srinagar,324.0,462.2939147949219,138.29391479492188
2025-12-22,Subarnapur,160.0,260.5931701660156,100.59317016601562
2025-12-22,Sultanpur,596.0,779.35986328125,183.35986328125
2025-12-22,Sundargarh,439.0,310.891357421875,128.108642578125
2025-12-22,Supaul,1141.0,846.3366088867188,294.66339111328125
2025-12-22,Surat,1513.0,1019.0821533203125,493.9178466796875
2025-12-22,Surendranagar,616.0,479.1727600097656,136.82723999023438
2025-12-22,Surguja,348.0,385.3231201171875,37.3231201171875
2025-12-22,Tamenglong,87.0,204.76348876953125,117.76348876953125
2025-12-22,Tapi,176.0,302.490478515625,126.490478515625
2025-12-22,Tarn Taran,179.0,167.38389587402344,11.616104125976562
2025-12-22,Tawang,15.0,102.6666259765625,87.6666259765625
2025-12-22,Tehri Garhwal,331.0,335.94512939453125,4.94512939453125
2025-12-22,Thane,2399.0,1181.5712890625,1217.4287109375
2025-12-22,Thanjavur,644.0,594.0277709960938,49.97222900390625
2025-12-22,The Dangs,0.0,39.0482177734375,39.0482177734375
2025-12-22,The Nilgiris,156.0,211.532470703125,55.532470703125
2025-12-22,Theni,258.0,518.62451171875,260.62451171875
2025-12-22,Thiruvallur,0.0,74.5826416015625,74.5826416015625
2025-12-22,Thiruvananthapuram,583.0,733.8639526367188,150.86395263671875
2025-12-22,Thiruvarur,0.0,86.46708679199219,86.46708679199219
2025-12-22,Thoothukkudi,0.0,67.9441146850586,67.9441146850586
2025-12-22,Thoubal,142.0,82.9315185546875,59.0684814453125
2025-12-22,Thrissur,532.0,804.9301147460938,272.93011474609375
2025-12-22,Tikamgarh,1020.0,912.6185913085938,107.38140869140625
2025-12-22,Tinsukia,452.0,305.82611083984375,146.17388916015625
2025-12-22,Tirap,8.0,80.65122985839844,72.65122985839844
2025-12-22,Tiruchirappalli,903.0,669.188720703125,233.811279296875
2025-12-22,Tirunelveli,868.0,685.6779174804688,182.32208251953125
2025-12-22,Tiruppur,519.0,665.45947265625,146.45947265625
2025-12-22,Tiruvannamalai,608.0,622.50244140625,14.50244140625
2025-12-22,Tonk,294.0,861.3106079101562,567.3106079101562
2025-12-22,Tuensang,14.0,109.5068130493164,95.5068130493164
2025-12-22,Tumkur,0.0,100.43218994140625,100.43218994140625
2025-12-22,Udaipur,1128.0,1092.620361328125,35.379638671875
2025-12-22,Udalguri,313.0,388.04669189453125,75.04669189453125
2025-12-22,Udham Singh Nagar,678.0,796.3926391601562,118.39263916015625
2025-12-22,Udhampur,409.0,539.5169067382812,130.51690673828125
2025-12-22,Udupi,413.0,429.8569030761719,16.856903076171875
2025-12-22,Ujjain,1620.0,1039.46826171875,580.53173828125
2025-12-22,Ukhrul,40.0,134.54783630371094,94.54783630371094
2025-12-22,Umaria,725.0,824.4855346679688,99.48553466796875
2025-12-22,Una,154.0,178.19032287597656,24.190322875976562
2025-12-22,Unnao,843.0,852.6948852539062,9.69488525390625
2025-12-22,Upper Siang,3.0,96.87217712402344,93.87217712402344
2025-12-22,Upper Subansiri,17.0,241.62936401367188,224.62936401367188
2025-12-22,Uttar Bastar Kanker,0.0,94.81119537353516,94.81119537353516
2025-12-22,Uttara Kannada,347.0,658.29296875,311.29296875
2025-12-22,Uttarkashi,157.0,191.1549072265625,34.1549072265625
2025-12-22,Vadodara,1134.0,929.2442016601562,204.75579833984375
2025-12-22,Vaishali,1592.0,1093.3203125,498.6796875
2025-12-22,Valsad,654.0,693.5850219726562,39.58502197265625
2025-12-22,Varanasi,975.0,1042.372802734375,67.372802734375
2025-12-22,Vellore,799.0,779.9338989257812,19.06610107421875
2025-12-22,Vidisha,1014.0,835.6058959960938,178.39410400390625
2025-12-22,Viluppuram,719.0,750.8157958984375,31.8157958984375
2025-12-22,Virudunagar,0.0,77.35543823242188,77.35543823242188
2025-12-22,Visakhapatnam,1045.0,759.4671020507812,285.53289794921875
2025-12-22,Vizianagaram,405.0,473.06390380859375,68.06390380859375
2025-12-22,Warangal,298.0,267.0055236816406,30.994476318359375
2025-12-22,Wardha,366.0,255.62359619140625,110.37640380859375
2025-12-22,Washim,495.0,516.1768798828125,21.1768798828125
2025-12-22,Wayanad,122.0,293.74237060546875,171.74237060546875
2025-12-22,West,0.0,20.441810607910156,20.441810607910156
2025-12-22,West Garo Hills,152.0,276.11871337890625,124.11871337890625
2025-12-22,West Godavari,692.0,654.1264038085938,37.87359619140625
2025-12-22,West Kameng,16.0,164.5697784423828,148.5697784423828
2025-12-22,West Khasi Hills,57.0,432.3611145019531,375.3611145019531
2025-12-22,West Tripura,313.0,221.21786499023438,91.78213500976562
2025-12-22,Wokha,13.0,89.14450073242188,76.14450073242188
2025-12-22,Yadgir,620.0,716.1029052734375,96.1029052734375
2025-12-22,Yamunanagar,405.0,697.951904296875,292.951904296875
2025-12-22,Yanam,4.0,157.01296997070312,153.01296997070312
2025-12-22,Yavatmal,829.0,676.4120483398438,152.58795166015625
2025-12-22,Zunheboto,6.0,76.97021484375,70.97021484375
2025-12-29,Adilabad,136.0,408.3379211425781,272.3379211425781
2025-12-29,Agra,0.0,89.77432250976562,89.77432250976562
2025-12-29,Ahmadabad,0.0,97.58092498779297,97.58092498779297
2025-12-29,Ahmadnagar,0.0,129.17153930664062,129.17153930664062
2025-12-29,Aizawl,10.0,154.53530883789062,144.53530883789062
2025-12-29,Ajmer,510.0,863.4415283203125,353.4415283203125
2025-12-29,Akola,106.0,647.2701416015625,541.2701416015625
2025-12-29,Alappuzha,128.0,259.7836608886719,131.78366088867188
2025-12-29,Aligarh,614.0,866.410400390625,252.410400390625
2025-12-29,Alirajpur,239.0,871.383056640625,632.383056640625
2025-12-29,Almora,68.0,372.16168212890625,304.16168212890625
2025-12-29,Alwar,796.0,861.9615478515625,65.9615478515625
2025-12-29,Ambala,63.0,711.662109375,648.662109375
2025-12-29,Ambedkar Nagar,330.0,838.6295166015625,508.6295166015625
2025-12-29,Amravati,156.0,692.431884765625,536.431884765625
2025-12-29,Amreli,121.0,537.205078125,416.205078125
2025-12-29,Amritsar,116.0,299.0810241699219,183.08102416992188
2025-12-29,Anand,199.0,619.1306762695312,420.13067626953125
2025-12-29,Anantnag,183.0,699.4627075195312,516.4627075195312
2025-12-29,Anjaw,0.0,119.97393798828125,119.97393798828125
2025-12-29,Anugul,110.0,627.071044921875,517.071044921875
2025-12-29,Anuppur,161.0,829.1452026367188,668.1452026367188
2025-12-29,Araria,536.0,923.36865234375,387.36865234375
2025-12-29,Ariyalur,83.0,497.9455871582031,414.9455871582031
2025-12-29,Arwal,148.0,784.853515625,636.853515625
2025-12-29,Ashoknagar,1109.0,994.042236328125,114.957763671875
2025-12-29,Auraiya,217.0,551.2679443359375,334.2679443359375
2025-12-29,Aurangabad,594.0,956.6245727539062,362.62457275390625
2025-12-29,Azamgarh,726.0,700.21923828125,25.78076171875
2025-12-29,Bagalkot,0.0,168.7851104736328,168.7851104736328
2025-12-29,Bageshwar,28.0,345.336669921875,317.336669921875
2025-12-29,Baghpat,295.0,731.5719604492188,436.57196044921875
2025-12-29,Bahraich,767.0,743.6897583007812,23.31024169921875
2025-12-29,Baksa,100.0,327.9979248046875,227.9979248046875
2025-12-29,Balaghat,336.0,941.01806640625,605.01806640625
2025-12-29,Balangir,187.0,798.9757690429688,611.9757690429688
2025-12-29,Baleshwar,0.0,187.68878173828125,187.68878173828125
2025-12-29,Ballia,450.0,807.8358154296875,357.8358154296875
2025-12-29,Balrampur,1013.0,976.2235717773438,36.77642822265625
2025-12-29,Banas Kantha,0.0,45.87782287597656,45.87782287597656
2025-12-29,Banda,274.0,945.6951293945312,671.6951293945312
2025-12-29,Banka,484.0,669.5282592773438,185.52825927734375
2025-12-29,Bankura,569.0,557.306884765625,11.693115234375
2025-12-29,Banswara,429.0,895.0826416015625,466.0826416015625
2025-12-29,Bara Banki,0.0,128.4588165283203,128.4588165283203
2025-12-29,Baramula,0.0,56.81809997558594,56.81809997558594
2025-12-29,Baran,326.0,926.6174926757812,600.6174926757812
2025-12-29,Barddhaman,0.0,160.2095184326172,160.2095184326172
2025-12-29,Bareilly,788.0,928.2130126953125,140.2130126953125
2025-12-29,Bargarh,168.0,874.1099243164062,706.1099243164062
2025-12-29,Barmer,932.0,901.6027221679688,30.39727783203125
2025-12-29,Barnala,14.0,341.876708984375,327.876708984375
2025-12-29,Barpeta,276.0,378.72967529296875,102.72967529296875
2025-12-29,Barwani,392.0,509.12469482421875,117.12469482421875
2025-12-29,Bastar,693.0,941.4635620117188,248.46356201171875
2025-12-29,Basti,771.0,957.6559448242188,186.65594482421875
2025-12-29,Bathinda,51.0,292.2186279296875,241.2186279296875
2025-12-29,Begusarai,571.0,962.4954833984375,391.4954833984375
2025-12-29,Betul,287.0,970.6116333007812,683.6116333007812
2025-12-29,Bhadrak,112.0,545.6239013671875,433.6239013671875
2025-12-29,Bhagalpur,504.0,945.4829711914062,441.48297119140625
2025-12-29,Bhandara,65.0,683.8795776367188,618.8795776367188
2025-12-29,Bharatpur,654.0,912.8171997070312,258.81719970703125
2025-12-29,Bharuch,176.0,597.454345703125,421.454345703125
2025-12-29,Bhavnagar,251.0,706.4603271484375,455.4603271484375
2025-12-29,Bhilwara,606.0,775.536865234375,169.536865234375
2025-12-29,Bhind,408.0,824.2806396484375,416.2806396484375
2025-12-29,Bhiwani,125.0,431.08135986328125,306.08135986328125
2025-12-29,Bhojpur,873.0,925.3297729492188,52.32977294921875
2025-12-29,Bhopal,454.0,668.4756469726562,214.47564697265625
2025-12-29,Bidar,193.0,831.281494140625,638.281494140625
2025-12-29,Bijapur,326.0,496.7314758300781,170.73147583007812
2025-12-29,Bijnor,602.0,953.97509765625,351.97509765625
2025-12-29,Bikaner,701.0,673.025146484375,27.974853515625
2025-12-29,Bilaspur,238.0,594.3897705078125,356.3897705078125
2025-12-29,Birbhum,899.0,816.169677734375,82.830322265625
2025-12-29,Bishnupur,31.0,597.01806640625,566.01806640625
2025-12-29,Bokaro,284.0,558.6038818359375,274.6038818359375
2025-12-29,Bongaigaon,105.0,477.8378601074219,372.8378601074219
2025-12-29,Budaun,548.0,879.9515991210938,331.95159912109375
2025-12-29,Bulandshahr,810.0,896.7607421875,86.7607421875
2025-12-29,Buldana,0.0,133.93882751464844,133.93882751464844
2025-12-29,Bundi,278.0,852.2860107421875,574.2860107421875
2025-12-29,Burhanpur,163.0,874.0137939453125,711.0137939453125
2025-12-29,Buxar,323.0,868.7196044921875,545.7196044921875
2025-12-29,Cachar,0.0,58.64369201660156,58.64369201660156
2025-12-29,Central,0.0,70.74649047851562,70.74649047851562
2025-12-29,Chamba,89.0,275.57489013671875,186.57489013671875
2025-12-29,Chamoli,39.0,404.2706604003906,365.2706604003906
2025-12-29,Champawat,13.0,463.2127685546875,450.2127685546875
2025-12-29,Champhai,13.0,79.00990295410156,66.00990295410156
2025-12-29,Chamrajnagar,0.0,157.4659881591797,157.4659881591797
2025-12-29,Chandauli,289.0,592.1607666015625,303.1607666015625
2025-12-29,Chandel,47.0,243.03201293945312,196.03201293945312
2025-12-29,Chandigarh,72.0,433.6798400878906,361.6798400878906
2025-12-29,Chandrapur,140.0,696.509765625,556.509765625
2025-12-29,Changlang,31.0,158.446044921875,127.446044921875
2025-12-29,Chatra,225.0,942.7910766601562,717.7910766601562
2025-12-29,Chennai,396.0,835.3786010742188,439.37860107421875
2025-12-29,Chhatarpur,835.0,515.3822021484375,319.6177978515625
2025-12-29,Chhindwara,337.0,965.2494506835938,628.2494506835938
2025-12-29,Chikkaballapura,166.0,698.1954345703125,532.1954345703125
2025-12-29,Chikmagalur,0.0,155.85427856445312,155.85427856445312
2025-12-29,Chirang,47.0,366.3457336425781,319.3457336425781
2025-12-29,Chitradurga,375.0,760.8843994140625,385.8843994140625
2025-12-29,Chitrakoot,367.0,835.0198364257812,468.01983642578125
2025-12-29,Chittaurgarh,0.0,184.79122924804688,184.79122924804688
2025-12-29,Chittoor,332.0,741.2937622070312,409.29376220703125
2025-12-29,Churachandpur,64.0,142.41213989257812,78.41213989257812
2025-12-29,Churu,537.0,852.2832641601562,315.28326416015625
2025-12-29,Coimbatore,346.0,713.4653930664062,367.46539306640625
2025-12-29,Cuddalore,239.0,724.9501342773438,485.95013427734375
2025-12-29,Cuttack,194.0,585.7777099609375,391.7777099609375
2025-12-29,Dadra & Nagar Haveli,0.0,34.583343505859375,34.583343505859375
2025-12-29,Dakshin Bastar Dantewada,0.0,149.38116455078125,149.38116455078125
2025-12-29,Dakshina Kannada,215.0,734.2779541015625,519.2779541015625
2025-12-29,Damoh,303.0,910.368408203125,607.368408203125
2025-12-29,Darbhanga,442.0,961.7933959960938,519.7933959960938
2025-12-29,Darrang,260.0,311.29736328125,51.29736328125
2025-12-29,Datia,230.0,948.0240478515625,718.0240478515625
2025-12-29,Dausa,338.0,881.924072265625,543.924072265625
2025-12-29,Davanagere,485.0,661.7574462890625,176.7574462890625
2025-12-29,Debagarh,42.0,680.9707641601562,638.9707641601562
2025-12-29,Dehradun,222.0,469.3285827636719,247.32858276367188
2025-12-29,Deoghar,365.0,930.7381591796875,565.7381591796875
2025-12-29,Deoria,432.0,767.35693359375,335.35693359375
2025-12-29,Dewas,390.0,964.093505859375,574.093505859375
2025-12-29,Dhalai,57.0,499.7456359863281,442.7456359863281
2025-12-29,Dhamtari,61.0,396.55010986328125,335.55010986328125
2025-12-29,Dhanbad,273.0,729.3068237304688,456.30682373046875
2025-12-29,Dhar,486.0,948.400390625,462.400390625
2025-12-29,Dharmapuri,207.0,769.4408569335938,562.4408569335938
2025-12-29,Dharwad,151.0,739.2930297851562,588.2930297851562
2025-12-29,Dhemaji,150.0,324.49090576171875,174.49090576171875
2025-12-29,Dhenkanal,80.0,581.859130859375,501.859130859375
2025-12-29,Dhubri,319.0,750.3467407226562,431.34674072265625
2025-12-29,Dhule,266.0,871.8201293945312,605.8201293945312
2025-12-29,Dibang Valley,0.0,93.57164001464844,93.57164001464844
2025-12-29,Dibrugarh,67.0,181.22740173339844,114.22740173339844
2025-12-29,Dima Hasao,11.0,233.19839477539062,222.19839477539062
2025-12-29,Dimapur,16.0,58.314979553222656,42.314979553222656
2025-12-29,Dindigul,217.0,621.30908203125,404.30908203125
2025-12-29,Dindori,132.0,881.3403930664062,749.3403930664062
2025-12-29,Diu,4.0,352.87445068359375,348.87445068359375
2025-12-29,Doda,289.0,528.5123291015625,239.5123291015625
2025-12-29,Dumka,223.0,722.9337158203125,499.9337158203125
2025-12-29,Dungarpur,286.0,794.9209594726562,508.92095947265625
2025-12-29,Durg,187.0,389.6586608886719,202.65866088867188
2025-12-29,East,0.0,48.84153747558594,48.84153747558594
2025-12-29,East Garo Hills,16.0,221.21652221679688,205.21652221679688
2025-12-29,East Godavari,344.0,593.7357177734375,249.7357177734375
2025-12-29,East Kameng,6.0,136.92608642578125,130.92608642578125
2025-12-29,East Khasi Hills,94.0,220.645263671875,126.645263671875
2025-12-29,East Siang,13.0,183.1044464111328,170.1044464111328
2025-12-29,Ernakulam,284.0,509.62432861328125,225.62432861328125
2025-12-29,Erode,215.0,682.8797607421875,467.8797607421875
2025-12-29,Etah,304.0,781.985107421875,477.985107421875
2025-12-29,Etawah,256.0,760.8533325195312,504.85333251953125
2025-12-29,Faridabad,231.0,845.6034545898438,614.6034545898438
2025-12-29,Faridkot,14.0,235.035888671875,221.035888671875
2025-12-29,Farrukhabad,325.0,733.7489624023438,408.74896240234375
2025-12-29,Fatehabad,66.0,519.1596069335938,453.15960693359375
2025-12-29,Fatehgarh Sahib,23.0,382.34722900390625,359.34722900390625
2025-12-29,Fatehpur,687.0,943.8272094726562,256.82720947265625
2025-12-29,Firozabad,376.0,619.92919921875,243.92919921875
2025-12-29,Gadag,234.0,781.6785888671875,547.6785888671875
2025-12-29,Gajapati,50.0,374.40057373046875,324.40057373046875
2025-12-29,Ganderbal,47.0,492.633544921875,445.633544921875
2025-12-29,Gandhinagar,145.0,518.8170166015625,373.8170166015625
2025-12-29,Ganganagar,584.0,538.6090087890625,45.3909912109375
2025-12-29,Ganjam,273.0,752.6631469726562,479.66314697265625
2025-12-29,Garhchiroli,0.0,114.18811798095703,114.18811798095703
2025-12-29,Garhwa,250.0,862.9962768554688,612.9962768554688
2025-12-29,Gautam Buddha Nagar,441.0,825.3660278320312,384.36602783203125
2025-12-29,Gaya,1076.0,988.0446166992188,87.95538330078125
2025-12-29,Ghaziabad,594.0,906.173828125,312.173828125
2025-12-29,Ghazipur,509.0,789.9956665039062,280.99566650390625
2025-12-29,Giridih,566.0,964.1705322265625,398.1705322265625
2025-12-29,Goalpara,199.0,349.355224609375,150.355224609375
2025-12-29,Godda,176.0,880.3765869140625,704.3765869140625
2025-12-29,Golaghat,167.0,274.08538818359375,107.08538818359375
2025-12-29,Gonda,615.0,949.24169921875,334.24169921875
2025-12-29,Gondiya,0.0,148.642578125,148.642578125
2025-12-29,Gopalganj,477.0,910.3976440429688,433.39764404296875
2025-12-29,Gorakhpur,645.0,996.1516723632812,351.15167236328125
2025-12-29,Gumla,209.0,915.7872314453125,706.7872314453125
2025-12-29,Guna,357.0,956.6388549804688,599.6388549804688
2025-12-29,Guntur,504.0,879.47265625,375.47265625
2025-12-29,Gurdaspur,65.0,317.0220031738281,252.02200317382812
2025-12-29,Gwalior,545.0,787.9133911132812,242.91339111328125
2025-12-29,Hailakandi,143.0,507.9343566894531,364.9343566894531
2025-12-29,Hamirpur,185.0,523.402099609375,338.402099609375
2025-12-29,Hanumangarh,252.0,417.3097229003906,165.30972290039062
2025-12-29,Harda,107.0,808.2284545898438,701.2284545898438
2025-12-29,Hardoi,596.0,923.7208251953125,327.7208251953125
2025-12-29,Hardwar,0.0,87.13302612304688,87.13302612304688
2025-12-29,Hassan,157.0,393.06866455078125,236.06866455078125
2025-12-29,Haveri,240.0,792.8304443359375,552.8304443359375
2025-12-29,Hazaribagh,203.0,867.7543334960938,664.7543334960938
2025-12-29,Hingoli,127.0,915.203857421875,788.203857421875
2025-12-29,Hisar,129.0,523.3880615234375,394.3880615234375
2025-12-29,Hoshiarpur,67.0,309.4775085449219,242.47750854492188
2025-12-29,Hyderabad,752.0,925.9979248046875,173.9979248046875
2025-12-29,Idukki,52.0,267.6785888671875,215.6785888671875
2025-12-29,Imphal East,63.0,119.56253814697266,56.562538146972656
2025-12-29,Imphal West,68.0,113.50642395019531,45.50642395019531
2025-12-29,Indore,757.0,977.9125366210938,220.91253662109375
2025-12-29,Jabalpur,522.0,737.4405517578125,215.4405517578125
2025-12-29,Jagatsinghapur,98.0,659.5571899414062,561.5571899414062
2025-12-29,Jaintia Hills,0.0,18.42828369140625,18.42828369140625
2025-12-29,Jaipur,1547.0,1053.83740234375,493.16259765625
2025-12-29,Jaisalmer,167.0,211.360595703125,44.360595703125
2025-12-29,Jajapur,0.0,192.23516845703125,192.23516845703125
2025-12-29,Jalandhar,87.0,442.1833190917969,355.1833190917969
2025-12-29,Jalaun,201.0,597.9813232421875,396.9813232421875
2025-12-29,Jalgaon,366.0,869.0442504882812,503.04425048828125
2025-12-29,Jalna,188.0,824.7592163085938,636.7592163085938
2025-12-29,Jalor,0.0,57.687828063964844,57.687828063964844
2025-12-29,Jalpaiguri,564.0,310.1063232421875,253.8936767578125
2025-12-29,Jammu,175.0,558.3668212890625,383.3668212890625
2025-12-29,Jamnagar,118.0,466.5187683105469,348.5187683105469
2025-12-29,Jamtara,132.0,842.6273193359375,710.6273193359375
2025-12-29,Jamui,413.0,920.8665161132812,507.86651611328125
2025-12-29,Janjgir-Champa,143.0,826.3318481445312,683.3318481445312
2025-12-29,Jashpur,117.0,362.9189758300781,245.91897583007812
2025-12-29,Jaunpur,583.0,806.7220458984375,223.7220458984375
2025-12-29,Jehanabad,225.0,783.3239135742188,558.3239135742188
2025-12-29,Jhabua,348.0,802.8081665039062,454.80816650390625
2025-12-29,Jhajjar,69.0,735.1232299804688,666.1232299804688
2025-12-29,Jhalawar,319.0,911.0877075195312,592.0877075195312
2025-12-29,Jhansi,312.0,659.1245727539062,347.12457275390625
2025-12-29,Jharsuguda,35.0,560.7451782226562,525.7451782226562
2025-12-29,Jhunjhunun,0.0,190.544189453125,190.544189453125
2025-12-29,Jind,84.0,538.5165405273438,454.51654052734375
2025-12-29,Jodhpur,1000.0,898.09814453125,101.90185546875
2025-12-29,Jorhat,88.0,386.86712646484375,298.86712646484375
2025-12-29,Junagadh,185.0,581.7420043945312,396.74200439453125
2025-12-29,Kachchh,167.0,383.65625,216.65625
2025-12-29,Kaimur (Bhabua),0.0,89.21598815917969,89.21598815917969
2025-12-29,Kaithal,46.0,355.48876953125,309.48876953125
2025-12-29,Kalahandi,148.0,628.85986328125,480.85986328125
2025-12-29,Kamrup,336.0,492.74029541015625,156.74029541015625
2025-12-29,Kancheepuram,0.0,132.1344451904297,132.1344451904297
2025-12-29,Kandhamal,57.0,628.0643310546875,571.0643310546875
2025-12-29,Kangra,112.0,393.3716735839844,281.3716735839844
2025-12-29,Kannauj,231.0,893.3201293945312,662.3201293945312
2025-12-29,Kanniyakumari,0.0,107.93190002441406,107.93190002441406
2025-12-29,Kannur,240.0,572.2088012695312,332.20880126953125
2025-12-29,Kanpur Dehat,274.0,629.7575073242188,355.75750732421875
2025-12-29,Kanpur Nagar,814.0,901.8024291992188,87.80242919921875
2025-12-29,Kapurthala,62.0,261.05267333984375,199.05267333984375
2025-12-29,Karaikal,11.0,254.13677978515625,243.13677978515625
2025-12-29,Karauli,400.0,727.3765869140625,327.3765869140625
2025-12-29,Karbi Anglong,114.0,386.6578369140625,272.6578369140625
2025-12-29,Kargil,53.0,435.9920654296875,382.9920654296875
2025-12-29,Karimganj,385.0,726.068359375,341.068359375
2025-12-29,Karimnagar,189.0,492.6788635253906,303.6788635253906
2025-12-29,Karnal,105.0,562.7930908203125,457.7930908203125
2025-12-29,Karur,132.0,656.218017578125,524.218017578125
2025-12-29,Kasaragod,160.0,625.7400512695312,465.74005126953125
2025-12-29,Kathua,222.0,727.1951293945312,505.19512939453125
2025-12-29,Katihar,522.0,918.3809814453125,396.3809814453125
2025-12-29,Katni,654.0,935.2799072265625,281.2799072265625
2025-12-29,Kaushambi,280.0,941.9334106445312,661.9334106445312
2025-12-29,Kendrapara,151.0,680.29150390625,529.29150390625
2025-12-29,Kendujhar,246.0,818.4605712890625,572.4605712890625
2025-12-29,Khagaria,327.0,908.7687377929688,581.7687377929688
2025-12-29,Khammam,109.0,424.77008056640625,315.77008056640625
2025-12-29,Kheda,162.0,645.87841796875,483.87841796875
2025-12-29,Kheri,0.0,87.79875946044922,87.79875946044922
2025-12-29,Khordha,181.0,667.8229370117188,486.82293701171875
2025-12-29,Khunti,67.0,727.3897705078125,660.3897705078125
2025-12-29,Kinnaur,11.0,246.76145935058594,235.76145935058594
2025-12-29,Kiphire,8.0,47.98541259765625,39.98541259765625
2025-12-29,Kishanganj,449.0,792.3170776367188,343.31707763671875
2025-12-29,Kishtwar,54.0,770.4075317382812,716.4075317382812
2025-12-29,Kodagu,45.0,427.6014709472656,382.6014709472656
2025-12-29,Kodarma,94.0,812.3958740234375,718.3958740234375
2025-12-29,Kohima,13.0,123.37881469726562,110.37881469726562
2025-12-29,Kokrajhar,71.0,379.032958984375,308.032958984375
2025-12-29,Kolar,169.0,734.55126953125,565.55126953125
2025-12-29,Kolasib,3.0,106.43368530273438,103.43368530273438
2025-12-29,Kolhapur,287.0,757.47705078125,470.47705078125
2025-12-29,Kolkata,310.0,221.22369384765625,88.77630615234375
2025-12-29,Kollam,194.0,427.9486083984375,233.9486083984375
2025-12-29,Koppal,422.0,801.1889038085938,379.18890380859375
2025-12-29,Koraput,140.0,530.842041015625,390.842041015625
2025-12-29,Korba,78.0,790.8738403320312,712.8738403320312
2025-12-29,Koriya,74.0,390.49835205078125,316.49835205078125
2025-12-29,Kota,430.0,944.2607421875,514.2607421875
2025-12-29,Kottayam,222.0,277.6068420410156,55.606842041015625
2025-12-29,Kozhikode,264.0,642.0531005859375,378.0531005859375
2025-12-29,Krishna,280.0,702.8604736328125,422.8604736328125
2025-12-29,Krishnagiri,236.0,662.062255859375,426.062255859375
2025-12-29,Kulgam,80.0,292.4854736328125,212.4854736328125
2025-12-29,Kullu,46.0,229.1920928955078,183.1920928955078
2025-12-29,Kupwara,149.0,791.056884765625,642.056884765625
2025-12-29,Kurnool,623.0,855.4237670898438,232.42376708984375
2025-12-29,Kurukshetra,40.0,588.315673828125,548.315673828125
2025-12-29,Kurung Kumey,3.0,163.17257690429688,160.17257690429688
2025-12-29,Kushinagar,567.0,941.9574584960938,374.95745849609375
2025-12-29,Lakhimpur,249.0,226.67266845703125,22.32733154296875
2025-12-29,Lakhisarai,144.0,855.0122680664062,711.0122680664062
2025-12-29,Lakshadweep,0.0,124.72281646728516,124.72281646728516
2025-12-29,Lalitpur,248.0,814.2097778320312,566.2097778320312
2025-12-29,Latehar,122.0,733.6681518554688,611.6681518554688
2025-12-29,Latur,190.0,894.6758422851562,704.6758422851562
2025-12-29,Lawangtlai,0.0,40.51116180419922,40.51116180419922
2025-12-29,Leh (Ladakh),0.0,115.76933288574219,115.76933288574219
2025-12-29,Lohardaga,88.0,568.805419921875,480.805419921875
2025-12-29,Lohit,7.0,163.84063720703125,156.84063720703125
2025-12-29,Longleng,3.0,60.38824462890625,57.38824462890625
2025-12-29,Lower Dibang Valley,2.0,157.97134399414062,155.97134399414062
2025-12-29,Lower Subansiri,0.0,187.85311889648438,187.85311889648438
2025-12-29,Lucknow,889.0,972.509033203125,83.509033203125
2025-12-29,Ludhiana,218.0,365.10589599609375,147.10589599609375
2025-12-29,Lunglei,4.0,201.16143798828125,197.16143798828125
2025-12-29,Madhepura,646.0,919.501220703125,273.501220703125
2025-12-29,Madhubani,847.0,997.5570678710938,150.55706787109375
2025-12-29,Madurai,308.0,718.7230834960938,410.72308349609375
2025-12-29,Maharajganj,540.0,944.9131469726562,404.91314697265625
2025-12-29,Mahasamund,103.0,879.1871337890625,776.1871337890625
2025-12-29,Mahbubnagar,0.0,175.08584594726562,175.08584594726562
2025-12-29,Mahendragarh,95.0,625.28125,530.28125
2025-12-29,Mahesana,174.0,558.5054931640625,384.5054931640625
2025-12-29,Mahoba,140.0,876.05859375,736.05859375
2025-12-29,Mainpuri,353.0,873.0206298828125,520.0206298828125
2025-12-29,Malappuram,709.0,801.1763305664062,92.17633056640625
2025-12-29,Maldah,0.0,100.68087768554688,100.68087768554688
2025-12-29,Malkangiri,78.0,593.9071044921875,515.9071044921875
2025-12-29,Mamit,11.0,149.12969970703125,138.12969970703125
2025-12-29,Mandi,66.0,363.27569580078125,297.27569580078125
2025-12-29,Mandla,242.0,940.1583862304688,698.1583862304688
2025-12-29,Mandsaur,360.0,938.0327758789062,578.0327758789062
2025-12-29,Mandya,137.0,723.0498657226562,586.0498657226562
2025-12-29,Mansa,22.0,302.483642578125,280.483642578125
2025-12-29,Marigaon,319.0,382.53131103515625,63.53131103515625
2025-12-29,Mathura,559.0,903.668701171875,344.668701171875
2025-12-29,Mau,266.0,859.6123046875,593.6123046875
2025-12-29,Mayurbhanj,186.0,528.109375,342.109375
2025-12-29,Medak,203.0,651.134765625,448.134765625
2025-12-29,Meerut,660.0,914.3452758789062,254.34527587890625
2025-12-29,Mirzapur,285.0,875.9005737304688,590.9005737304688
2025-12-29,Moga,29.0,298.0474853515625,269.0474853515625
2025-12-29,Mokokchung,11.0,234.63121032714844,223.63121032714844
2025-12-29,Mon,24.0,33.139556884765625,9.139556884765625
2025-12-29,Moradabad,485.0,919.4695434570312,434.46954345703125
2025-12-29,Morena,628.0,745.3057861328125,117.3057861328125
2025-12-29,Muktsar,0.0,125.81060028076172,125.81060028076172
2025-12-29,Mumbai,1177.0,1013.252197265625,163.747802734375
2025-12-29,Munger,216.0,581.525390625,365.525390625
2025-12-29,Murshidabad,1714.0,905.1480102539062,808.8519897460938
2025-12-29,Muzaffarnagar,384.0,748.2550659179688,364.25506591796875
2025-12-29,Muzaffarpur,773.0,968.109375,195.109375
2025-12-29,Nabarangapur,0.0,83.37222290039062,83.37222290039062
2025-12-29,Nadia,778.0,254.47854614257812,523.521484375
2025-12-29,Nagaon,402.0,440.2854919433594,38.285491943359375
2025-12-29,Nagappattinam,0.0,143.519287109375,143.519287109375
2025-12-29,Nagaur,808.0,764.1380004882812,43.86199951171875
2025-12-29,Nagpur,307.0,934.7460327148438,627.7460327148438
2025-12-29,Nainital,167.0,413.4358215332031,246.43582153320312
2025-12-29,Nalanda,576.0,525.1201171875,50.8798828125
2025-12-29,Nalbari,129.0,383.8792724609375,254.8792724609375
2025-12-29,Nalgonda,180.0,556.830810546875,376.830810546875
2025-12-29,Namakkal,138.0,604.1671142578125,466.1671142578125
2025-12-29,Nanded,282.0,732.9306640625,450.9306640625
2025-12-29,Nandurbar,185.0,881.6787109375,696.6787109375
2025-12-29,Narayanpur,43.0,827.8198852539062,784.8198852539062
2025-12-29,Narmada,38.0,566.4677124023438,528.4677124023438
2025-12-29,Nashik,648.0,910.6162719726562,262.61627197265625
2025-12-29,Navsari,40.0,425.6485900878906,385.6485900878906
2025-12-29,Nawada,474.0,662.868408203125,188.868408203125
2025-12-29,Nayagarh,54.0,556.47021484375,502.47021484375
2025-12-29,Neemuch,218.0,870.2844848632812,652.2844848632812
2025-12-29,New Delhi,5.0,197.34852600097656,192.34852600097656
2025-12-29,Nicobar,0.0,47.355003356933594,47.355003356933594
2025-12-29,Nizamabad,167.0,595.98046875,428.98046875
2025-12-29,North,0.0,40.11396789550781,40.11396789550781
2025-12-29,North & Middle Andaman,0.0,46.42810821533203,46.42810821533203
2025-12-29,North 24 Parganas,1630.0,246.48306274414062,1383.5169677734375
2025-12-29,North Goa,40.0,353.90130615234375,313.90130615234375
2025-12-29,North Tripura,61.0,231.21878051757812,170.21878051757812
2025-12-29,Nuapada,71.0,819.7843017578125,748.7843017578125
2025-12-29,Pakur,70.0,286.8638610839844,216.86386108398438
2025-12-29,Palakkad,307.0,490.0158386230469,183.01583862304688
2025-12-29,Palamu,398.0,964.1359252929688,566.1359252929688
2025-12-29,Pali,469.0,724.5089111328125,255.5089111328125
2025-12-29,Palwal,210.0,895.1050415039062,685.1050415039062
2025-12-29,Panch Mahals,0.0,118.44255065917969,118.44255065917969
2025-12-29,Panchkula,50.0,475.7413635253906,425.7413635253906
2025-12-29,Panipat,104.0,380.15472412109375,276.15472412109375
2025-12-29,Panna,312.0,868.673583984375,556.673583984375
2025-12-29,Papum Pare,9.0,194.73097229003906,185.73097229003906
2025-12-29,Parbhani,181.0,906.3275146484375,725.3275146484375
2025-12-29,Pashchim Champaran,2947.0,1156.25732421875,1790.74267578125
2025-12-29,Pashchim Medinipur,0.0,135.14581298828125,135.14581298828125
2025-12-29,Pashchimi Singhbhum,766.0,966.4489135742188,200.44891357421875
2025-12-29,Patan,119.0,458.84051513671875,339.84051513671875
2025-12-29,Pathanamthitta,88.0,201.3939666748047,113.39396667480469
2025-12-29,Patiala,85.0,358.00390625,273.00390625
2025-12-29,Patna,998.0,965.4396362304688,32.56036376953125
2025-12-29,Perambalur,76.0,493.4022216796875,417.4022216796875
2025-12-29,Peren,1.0,42.85102844238281,41.85102844238281
2025-12-29,Phek,6.0,162.10462951660156,156.10462951660156
2025-12-29,Pilibhit,287.0,901.6009521484375,614.6009521484375
2025-12-29,Pithoragarh,42.0,296.0870666503906,254.08706665039062
2025-12-29,Porbandar,46.0,345.73876953125,299.73876953125
2025-12-29,Prakasam,292.0,705.0848999023438,413.08489990234375
2025-12-29,Pratapgarh,596.0,785.9140625,189.9140625
2025-12-29,Puducherry,95.0,348.3231506347656,253.32315063476562
2025-12-29,Pudukkottai,191.0,625.0552978515625,434.0552978515625
2025-12-29,Pulwama,72.0,413.008056640625,341.008056640625
2025-12-29,Punch,221.0,750.7396850585938,529.7396850585938
2025-12-29,Pune,1113.0,994.2216796875,118.7783203125
2025-12-29,Purba Champaran,3.0,86.36608123779297,83.36608123779297
2025-12-29,Purba Medinipur,666.0,809.0055541992188,143.00555419921875
2025-12-29,Purbi Singhbhum,14.0,235.17376708984375,221.17376708984375
2025-12-29,Puri,115.0,659.9186401367188,544.9186401367188
2025-12-29,Puruliya,0.0,119.8247299194336,119.8247299194336
2025-12-29,Rae Bareli,552.0,745.4332885742188,193.43328857421875
2025-12-29,Raichur,580.0,884.4317016601562,304.43170166015625
2025-12-29,Raigarh,87.0,885.0255737304688,798.0255737304688
2025-12-29,Raipur,274.0,824.885986328125,550.885986328125
2025-12-29,Raisen,376.0,800.42626953125,424.42626953125
2025-12-29,Rajgarh,732.0,903.5501708984375,171.5501708984375
2025-12-29,Rajkot,305.0,723.3578491210938,418.35784912109375
2025-12-29,Rajnandgaon,204.0,761.481689453125,557.481689453125
2025-12-29,Rajouri,97.0,654.8311767578125,557.8311767578125
2025-12-29,Rajsamand,217.0,682.6686401367188,465.66864013671875
2025-12-29,Ramanagara,0.0,248.6348876953125,248.6348876953125
2025-12-29,Ramanathapuram,132.0,458.653076171875,326.653076171875
2025-12-29,Ramban,94.0,535.36572265625,441.36572265625
2025-12-29,Ramgarh,92.0,600.5501708984375,508.5501708984375
2025-12-29,Ranchi,261.0,960.6051635742188,699.6051635742188
2025-12-29,Rangareddy,0.0,217.03099060058594,217.03099060058594
2025-12-29,Ratlam,340.0,915.1049194335938,575.1049194335938
2025-12-29,Ratnagiri,98.0,477.40216064453125,379.40216064453125
2025-12-29,Rayagada,69.0,707.8031005859375,638.8031005859375
2025-12-29,Reasi,138.0,599.1323852539062,461.13238525390625
2025-12-29,Rewa,551.0,982.2391357421875,431.2391357421875
2025-12-29,Rewari,54.0,555.869384765625,501.869384765625
2025-12-29,Ri Bhoi,32.0,185.21340942382812,153.21340942382812
2025-12-29,Rohtak,77.0,399.3645935058594,322.3645935058594
2025-12-29,Rohtas,427.0,948.9768676757812,521.9768676757812
2025-12-29,Rudraprayag,25.0,523.746826171875,498.746826171875
2025-12-29,Rupnagar,33.0,293.85302734375,260.85302734375
2025-12-29,Sabar Kantha,0.0,125.62162017822266,125.62162017822266
2025-12-29,Sagar,0.0,188.1105194091797,188.1105194091797
2025-12-29,Saharanpur,547.0,935.5733032226562,388.57330322265625
2025-12-29,Saharsa,548.0,928.9002685546875,380.9002685546875
2025-12-29,Sahibganj,352.0,571.5835571289062,219.58355712890625
2025-12-29,Sahibzada Ajit Singh Nagar,71.0,440.66278076171875,369.66278076171875
2025-12-29,Saiha,14.0,135.69166564941406,121.69166564941406
2025-12-29,Salem,367.0,677.5607299804688,310.56072998046875
2025-12-29,Samastipur,1075.0,992.83154296875,82.16845703125
2025-12-29,Samba,24.0,220.38023376464844,196.38023376464844
2025-12-29,Sambalpur,105.0,657.4906616210938,552.4906616210938
2025-12-29,Sangli,180.0,579.0745239257812,399.07452392578125
2025-12-29,Sangrur,48.0,268.6556396484375,220.6556396484375
2025-12-29,Sant Kabir Nagar,309.0,881.4318237304688,572.4318237304688
2025-12-29,Sant Ravi Das Nagar(Bhadohi),0.0,161.22157287597656,161.22157287597656
2025-12-29,Saraikela-Kharsawan,0.0,132.2716827392578,132.2716827392578
2025-12-29,Satara,298.0,571.7095947265625,273.7095947265625
2025-12-29,Satna,563.0,1000.9656982421875,437.9656982421875
2025-12-29,Sawai Madhopur,337.0,887.33447265625,550.33447265625
2025-12-29,Sehore,305.0,669.1325073242188,364.13250732421875
2025-12-29,Senapati,35.0,283.32611083984375,248.32611083984375
2025-12-29,Seoni,246.0,955.56005859375,709.56005859375
2025-12-29,Serchhip,5.0,111.37540435791016,106.37540435791016
2025-12-29,Shahdol,440.0,906.458984375,466.458984375
2025-12-29,Shahid Bhagat Singh Nagar,13.0,238.00938415527344,225.00938415527344
2025-12-29,Shahjahanpur,430.0,905.59521484375,475.59521484375
2025-12-29,Shajapur,454.0,837.44677734375,383.44677734375
2025-12-29,Sheikhpura,121.0,612.1064453125,491.1064453125
2025-12-29,Sheohar,227.0,902.459228515625,675.459228515625
2025-12-29,Sheopur,429.0,887.14404296875,458.14404296875
2025-12-29,Shimla,46.0,294.4383239746094,248.43832397460938
2025-12-29,Shivpuri,766.0,968.8358154296875,202.8358154296875
2025-12-29,Siddharth Nagar,562.0,904.9334106445312,342.93341064453125
2025-12-29,Sidhi,343.0,907.948974609375,564.948974609375
2025-12-29,Sikar,597.0,773.9303588867188,176.93035888671875
2025-12-29,Simdega,57.0,828.9052124023438,771.9052124023438
2025-12-29,Sindhudurg,40.0,312.2026672363281,272.2026672363281
2025-12-29,Singrauli,463.0,844.3594360351562,381.35943603515625
2025-12-29,Sirmaur,51.0,532.338134765625,481.338134765625
2025-12-29,Sirohi,505.0,850.8665161132812,345.86651611328125
2025-12-29,Sirsa,59.0,572.3465576171875,513.3465576171875
2025-12-29,Sitamarhi,704.0,922.953369140625,218.953369140625
2025-12-29,Sitapur,763.0,948.517333984375,185.517333984375
2025-12-29,Sivaganga,159.0,546.5361328125,387.5361328125
2025-12-29,Sivasagar,43.0,140.18788146972656,97.18788146972656
2025-12-29,Siwan,536.0,833.2973022460938,297.29730224609375
2025-12-29,Solan,47.0,371.55517578125,324.55517578125
2025-12-29,Solapur,464.0,780.9923706054688,316.99237060546875
2025-12-29,Sonbhadra,281.0,393.14373779296875,112.14373779296875
2025-12-29,Sonipat,150.0,481.7939758300781,331.7939758300781
2025-12-29,Sonitpur,700.0,532.8365478515625,167.1634521484375
2025-12-29,South,0.0,72.15089416503906,72.15089416503906
2025-12-29,South 24 Parganas,2021.0,702.3601684570312,1318.639892578125
2025-12-29,South Andaman,0.0,61.13367462158203,61.13367462158203
2025-12-29,South Garo Hills,12.0,237.06280517578125,225.06280517578125
2025-12-29,South Goa,21.0,384.4840393066406,363.4840393066406
2025-12-29,South Tripura,93.0,495.0888366699219,402.0888366699219
2025-12-29,Sri Potti Sriramulu Nellore,261.0,579.7938842773438,318.79388427734375
2025-12-29,Srikakulam,189.0,554.9982299804688,365.99822998046875
2025-12-29,Srinagar,131.0,498.01220703125,367.01220703125
2025-12-29,Subarnapur,37.0,430.7460632324219,393.7460632324219
2025-12-29,Sultanpur,402.0,856.3809204101562,454.38092041015625
2025-12-29,Sundargarh,132.0,509.4068298339844,377.4068298339844
2025-12-29,Supaul,461.0,915.6734619140625,454.6734619140625
2025-12-29,Surat,462.0,817.1315307617188,355.13153076171875
2025-12-29,Surendranagar,308.0,389.65325927734375,81.65325927734375
2025-12-29,Surguja,132.0,621.2509765625,489.2509765625
2025-12-29,Tamenglong,29.0,328.01983642578125,299.01983642578125
2025-12-29,Tapi,42.0,387.79083251953125,345.79083251953125
2025-12-29,Tarn Taran,50.0,243.11013793945312,193.11013793945312
2025-12-29,Tawang,2.0,95.6756591796875,93.6756591796875
2025-12-29,Tehri Garhwal,150.0,621.9822998046875,471.9822998046875
2025-12-29,Thane,1066.0,1087.289794921875,21.289794921875
2025-12-29,Thanjavur,321.0,607.2998046875,286.2998046875
2025-12-29,The Dangs,0.0,79.22055053710938,79.22055053710938
2025-12-29,The Nilgiris,75.0,310.31610107421875,235.31610107421875
2025-12-29,Theni,125.0,603.1956787109375,478.1956787109375
2025-12-29,Thiruvallur,0.0,138.7850341796875,138.7850341796875
2025-12-29,Thiruvananthapuram,261.0,479.70684814453125,218.70684814453125
2025-12-29,Thiruvarur,0.0,152.88412475585938,152.88412475585938
2025-12-29,Thoothukkudi,0.0,121.61380004882812,121.61380004882812
2025-12-29,Thoubal,61.0,103.75874328613281,42.75874328613281
2025-12-29,Thrissur,275.0,450.3310546875,175.3310546875
2025-12-29,Tikamgarh,374.0,953.6782836914062,579.6782836914062
2025-12-29,Tinsukia,142.0,129.36643981933594,12.633560180664062
2025-12-29,Tirap,0.0,152.07666015625,152.07666015625
2025-12-29,Tiruchirappalli,313.0,668.3827514648438,355.38275146484375
2025-12-29,Tirunelveli,354.0,609.07177734375,255.07177734375
2025-12-29,Tiruppur,246.0,671.1992797851562,425.19927978515625
2025-12-29,Tiruvannamalai,238.0,654.4341430664062,416.43414306640625
2025-12-29,Tonk,310.0,868.2402954101562,558.2402954101562
2025-12-29,Tuensang,8.0,152.45135498046875,144.45135498046875
2025-12-29,Tumkur,0.0,178.85264587402344,178.85264587402344
2025-12-29,Udaipur,744.0,901.4623413085938,157.46234130859375
2025-12-29,Udalguri,74.0,457.3000183105469,383.3000183105469
2025-12-29,Udham Singh Nagar,245.0,912.4613037109375,667.4613037109375
2025-12-29,Udhampur,273.0,702.3296508789062,429.32965087890625
2025-12-29,Udupi,116.0,452.8544006347656,336.8544006347656
2025-12-29,Ujjain,717.0,953.0538330078125,236.0538330078125
2025-12-29,Ukhrul,14.0,175.90696716308594,161.90696716308594
2025-12-29,Umaria,323.0,922.5823974609375,599.5823974609375
2025-12-29,Una,33.0,269.39935302734375,236.39935302734375
2025-12-29,Unnao,564.0,747.724609375,183.724609375
2025-12-29,Upper Siang,1.0,101.93809509277344,100.93809509277344
2025-12-29,Upper Subansiri,6.0,113.95033264160156,107.95033264160156
2025-12-29,Uttar Bastar Kanker,0.0,175.36074829101562,175.36074829101562
2025-12-29,Uttara Kannada,141.0,659.9762573242188,518.9762573242188
2025-12-29,Uttarkashi,83.0,364.3998718261719,281.3998718261719
2025-12-29,Vadodara,315.0,846.95068359375,531.95068359375
2025-12-29,Vaishali,804.0,971.8250732421875,167.8250732421875
2025-12-29,Valsad,246.0,673.1820678710938,427.18206787109375
2025-12-29,Varanasi,520.0,978.1378784179688,458.13787841796875
2025-12-29,Vellore,317.0,778.58447265625,461.58447265625
2025-12-29,Vidisha,395.0,946.6765747070312,551.6765747070312
2025-12-29,Viluppuram,420.0,721.4864501953125,301.4864501953125
2025-12-29,Virudunagar,0.0,137.29469299316406,137.29469299316406
2025-12-29,Visakhapatnam,411.0,749.20947265625,338.20947265625
2025-12-29,Vizianagaram,183.0,562.29248046875,379.29248046875
2025-12-29,Warangal,89.0,389.80487060546875,300.80487060546875
2025-12-29,Wardha,82.0,455.4592590332031,373.4592590332031
2025-12-29,Washim,100.0,866.8259887695312,766.8259887695312
2025-12-29,Wayanad,43.0,347.6568908691406,304.6568908691406
2025-12-29,West,0.0,48.435516357421875,48.435516357421875
2025-12-29,West Garo Hills,38.0,281.68359375,243.68359375
2025-12-29,West Godavari,213.0,627.67724609375,414.67724609375
2025-12-29,West Kameng,3.0,220.680908203125,217.680908203125
2025-12-29,West Khasi Hills,35.0,227.58370971679688,192.58370971679688
2025-12-29,West Tripura,96.0,307.6351318359375,211.6351318359375
2025-12-29,Wokha,3.0,131.4314727783203,128.4314727783203
2025-12-29,Yadgir,352.0,779.6131591796875,427.6131591796875
2025-12-29,Yamunanagar,81.0,860.8963623046875,779.8963623046875
2025-12-29,Yanam,1.0,297.55340576171875,296.55340576171875
2025-12-29,Yavatmal,260.0,794.7332763671875,534.7332763671875
2025-12-29,Zunheboto,4.0,109.72001647949219,105.72001647949219
